{"level":"DEBUG","location":"[get_call:168] fyersModel","message":{"Status Code":400,"API":"/profile"},"timestamp":"2026-10-06 00:08:56,863+0530","service":"FyersAPIRequest"}
{"level":"DEBUG","location":"[get_call:168] fyersModel","message":{"Status Code":200,"API":"/profile"},"timestamp":"2026-10-06 00:08:57,875+0530","service":"FyersAPIRequest"}
{"level":"DEBUG","location":"[get_call:168] fyersModel","message":{"Status Code":200,"API":"/options-chain-v3"},"timestamp":"2026-10-06 00:09:10,691+0530","service":"FyersAPIRequest"}
{"level":"DEBUG","location":"[get_call:168] fyersModel","message":{"Status Code":200,"API":"/quotes"},"timestamp":"2026-10-06 00:09:10,721+0530","service":"FyersAPIRequest"}
{"level":"DEBUG","location":"[get_call:168] fyersModel","message":{"Status Code":200,"API":"/profile"},"timestamp":"2026-10-06 00:13:18,427+0530","service":"FyersAPIRequest"}
{"level":"DEBUG","location":"[get_call:168] fyersModel","message":{"Status Code":200,"API":"/profile"},"timestamp":"2026-10-06 00:32:21,983+0530","service":"FyersAPIRequest"}
{"level":"DEBUG","location":"[get_call:168] fyersModel","message":{"Status Code":200,"API":"/options-chain-v3"},"timestamp":"2026-10-06 00:32:22,025+0530","service":"FyersAPIRequest"}
{"level":"DEBUG","location":"[get_call:168] fyersModel","message":{"Status Code":200,"API":"/quotes"},"timestamp":"2026-10-06 00:32:22,067+0530","service":"FyersAPIRequest"}
{"level":"DEBUG","location":"[get_call:168] fyersModel","message":{"Status Code":200,"API":"/options-chain-v3"},"timestamp":"2026-10-06 00:32:22,116+0530","service":"FyersAPIRequest"}
{"level":"DEBUG","location":"[get_call:168] fyersModel","message":{"Status Code":200,"API":"/profile"},"timestamp":"2026-10-06 00:36:19,406+0530","service":"FyersAPIRequest"}
{"level":"DEBUG","location":"[get_call:168] fyersModel","message":{"Status Code":200,"API":"/options-chain-v3"},"timestamp":"2026-10-06 00:36:19,438+0530","service":"FyersAPIRequest"}
{"level":"DEBUG","location":"[get_call:168] fyersModel","message":{"Status Code":200,"API":"/quotes"},"timestamp":"2026-10-06 00:36:19,458+0530","service":"FyersAPIRequest"}
{"level":"DEBUG","location":"[get_call:168] fyersModel","message":{"Status Code":200,"API":"/options-chain-v3"},"timestamp":"2026-10-06 00:36:19,491+0530","service":"FyersAPIRequest"}
{"level":"DEBUG","location":"[get_call:168] fyersModel","message":{"Status Code":200,"API":"/history"},"timestamp":"2026-10-06 00:36:19,589+0530","service":"FyersAPIRequest"}
{"level":"DEBUG","location":"[get_call:168] fyersModel","message":{"Status Code":200,"API":"/history"},"timestamp":"2026-10-06 00:36:19,747+0530","service":"FyersAPIRequest"}
{"level":"DEBUG","location":"[get_call:168] fyersModel","message":{"Status Code":200,"API":"/history"},"timestamp":"2026-10-06 00:36:19,804+0530","service":"FyersAPIRequest"}
{"level":"DEBUG","location":"[get_call:168] fyersModel","message":{"Status Code":200,"API":"/quotes"},"timestamp":"2026-10-06 00:36:23,888+0530","service":"FyersAPIRequest"}
{"level":"DEBUG","location":"[get_call:168] fyersModel","message":{"Status Code":200,"API":"/options-chain-v3"},"timestamp":"2026-10-06 00:36:23,919+0530","service":"FyersAPIRequest"}
{"level":"DEBUG","location":"[get_call:168] fyersModel","message":{"Status Code":200,"API":"/quotes"},"timestamp":"2026-10-06 00:36:28,150+0530","service":"FyersAPIRequest"}
{"level":"DEBUG","location":"[get_call:168] fyersModel","message":{"Status Code":200,"API":"/options-chain-v3"},"timestamp":"2026-10-06 00:36:28,185+0530","service":"FyersAPIRequest"}
{"level":"DEBUG","location":"[get_call:168] fyersModel","message":{"Status Code":200,"API":"/quotes"},"timestamp":"2026-10-06 00:36:32,315+0530","service":"FyersAPIRequest"}
{"level":"DEBUG","location":"[get_call:168] fyersModel","message":{"Status Code":200,"API":"/options-chain-v3"},"timestamp":"2026-10-06 00:36:32,358+0530","service":"FyersAPIRequest"}
{"level":"DEBUG","location":"[get_call:168] fyersModel","message":{"Status Code":200,"API":"/quotes"},"timestamp":"2026-10-06 00:36:36,575+0530","service":"FyersAPIRequest"}
{"level":"DEBUG","location":"[get_call:168] fyersModel","message":{"Status Code":200,"API":"/options-chain-v3"},"timestamp":"2026-10-06 00:36:36,630+0530","service":"FyersAPIRequest"}
{"level":"DEBUG","location":"[get_call:168] fyersModel","message":{"Status Code":200,"API":"/quotes"},"timestamp":"2026-10-06 00:36:37,347+0530","service":"FyersAPIRequest","taskName":"Task-8"}
{"level":"DEBUG","location":"[get_call:168] fyersModel","message":{"Status Code":200,"API":"/options-chain-v3"},"timestamp":"2026-10-06 00:36:37,781+0530","service":"FyersAPIRequest","taskName":"Task-8"}
{"level":"DEBUG","location":"[get_call:168] fyersModel","message":{"Status Code":200,"API":"/quotes"},"timestamp":"2026-10-06 00:36:38,026+0530","service":"FyersAPIRequest","taskName":"Task-10"}
{"level":"DEBUG","location":"[get_call:168] fyersModel","message":{"Status Code":200,"API":"/options-chain-v3"},"timestamp":"2026-10-06 00:36:38,159+0530","service":"FyersAPIRequest","taskName":"Task-10"}
{"level":"DEBUG","location":"[get_call:168] fyersModel","message":{"Status Code":200,"API":"/quotes"},"timestamp":"2026-10-06 00:36:40,744+0530","service":"FyersAPIRequest"}
{"level":"DEBUG","location":"[get_call:168] fyersModel","message":{"Status Code":200,"API":"/options-chain-v3"},"timestamp":"2026-10-06 00:36:40,778+0530","service":"FyersAPIRequest"}
{"level":"DEBUG","location":"[get_call:168] fyersModel","message":{"Status Code":200,"API":"/quotes"},"timestamp":"2026-10-06 00:36:44,942+0530","service":"FyersAPIRequest"}
{"level":"DEBUG","location":"[get_call:168] fyersModel","message":{"Status Code":200,"API":"/options-chain-v3"},"timestamp":"2026-10-06 00:36:44,974+0530","service":"FyersAPIRequest"}
{"level":"DEBUG","location":"[get_call:168] fyersModel","message":{"Status Code":200,"API":"/profile"},"timestamp":"2026-10-06 00:36:49,862+0530","service":"FyersAPIRequest"}
{"level":"DEBUG","location":"[get_call:168] fyersModel","message":{"Status Code":200,"API":"/quotes"},"timestamp":"2026-10-06 00:36:50,303+0530","service":"FyersAPIRequest"}
{"level":"DEBUG","location":"[get_call:168] fyersModel","message":{"Status Code":200,"API":"/options-chain-v3"},"timestamp":"2026-10-06 00:36:50,333+0530","service":"FyersAPIRequest"}
{"level":"DEBUG","location":"[get_call:168] fyersModel","message":{"Status Code":200,"API":"/quotes"},"timestamp":"2026-10-06 00:36:54,380+0530","service":"FyersAPIRequest"}
{"level":"DEBUG","location":"[get_call:168] fyersModel","message":{"Status Code":200,"API":"/options-chain-v3"},"timestamp":"2026-10-06 00:36:54,415+0530","service":"FyersAPIRequest"}
{"level":"DEBUG","location":"[get_call:168] fyersModel","message":{"Status Code":200,"API":"/quotes"},"timestamp":"2026-10-06 00:36:58,676+0530","service":"FyersAPIRequest"}
{"level":"DEBUG","location":"[get_call:168] fyersModel","message":{"Status Code":200,"API":"/options-chain-v3"},"timestamp":"2026-10-06 00:36:58,720+0530","service":"FyersAPIRequest"}
{"level":"DEBUG","location":"[get_call:168] fyersModel","message":{"Status Code":200,"API":"/quotes"},"timestamp":"2026-10-06 00:37:03,328+0530","service":"FyersAPIRequest"}
{"level":"DEBUG","location":"[get_call:168] fyersModel","message":{"Status Code":200,"API":"/options-chain-v3"},"timestamp":"2026-10-06 00:37:03,365+0530","service":"FyersAPIRequest"}
{"level":"DEBUG","location":"[get_call:168] fyersModel","message":{"Status Code":200,"API":"/quotes"},"timestamp":"2026-10-06 00:37:07,517+0530","service":"FyersAPIRequest"}
{"level":"DEBUG","location":"[get_call:168] fyersModel","message":{"Status Code":200,"API":"/options-chain-v3"},"timestamp":"2026-10-06 00:37:07,551+0530","service":"FyersAPIRequest"}
{"level":"DEBUG","location":"[get_call:168] fyersModel","message":{"Status Code":200,"API":"/quotes"},"timestamp":"2026-10-06 00:37:11,602+0530","service":"FyersAPIRequest"}
{"level":"DEBUG","location":"[get_call:168] fyersModel","message":{"Status Code":200,"API":"/options-chain-v3"},"timestamp":"2026-10-06 00:37:11,637+0530","service":"FyersAPIRequest"}
{"level":"DEBUG","location":"[get_call:168] fyersModel","message":{"Status Code":200,"API":"/quotes"},"timestamp":"2026-10-06 00:37:15,679+0530","service":"FyersAPIRequest"}
{"level":"DEBUG","location":"[get_call:168] fyersModel","message":{"Status Code":200,"API":"/options-chain-v3"},"timestamp":"2026-10-06 00:37:15,713+0530","service":"FyersAPIRequest"}
{"level":"DEBUG","location":"[get_call:168] fyersModel","message":{"Status Code":200,"API":"/profile"},"timestamp":"2026-10-06 00:37:21,412+0530","service":"FyersAPIRequest"}
{"level":"DEBUG","location":"[get_call:168] fyersModel","message":{"Status Code":200,"API":"/quotes"},"timestamp":"2026-10-06 00:37:21,754+0530","service":"FyersAPIRequest"}
{"level":"DEBUG","location":"[get_call:168] fyersModel","message":{"Status Code":200,"API":"/options-chain-v3"},"timestamp":"2026-10-06 00:37:21,891+0530","service":"FyersAPIRequest"}
{"level":"DEBUG","location":"[get_call:168] fyersModel","message":{"Status Code":200,"API":"/quotes"},"timestamp":"2026-10-06 00:37:26,674+0530","service":"FyersAPIRequest"}
{"level":"DEBUG","location":"[get_call:168] fyersModel","message":{"Status Code":200,"API":"/options-chain-v3"},"timestamp":"2026-10-06 00:37:27,144+0530","service":"FyersAPIRequest"}
{"level":"DEBUG","location":"[get_call:168] fyersModel","message":{"Status Code":200,"API":"/quotes"},"timestamp":"2026-10-06 00:37:31,220+0530","service":"FyersAPIRequest"}
{"level":"DEBUG","location":"[get_call:168] fyersModel","message":{"Status Code":200,"API":"/options-chain-v3"},"timestamp":"2026-10-06 00:37:31,251+0530","service":"FyersAPIRequest"}
{"level":"DEBUG","location":"[get_call:168] fyersModel","message":{"Status Code":200,"API":"/quotes"},"timestamp":"2026-10-06 00:37:35,309+0530","service":"FyersAPIRequest"}
{"level":"DEBUG","location":"[get_call:168] fyersModel","message":{"Status Code":200,"API":"/options-chain-v3"},"timestamp":"2026-10-06 00:37:35,351+0530","service":"FyersAPIRequest"}
{"level":"DEBUG","location":"[get_call:168] fyersModel","message":{"Status Code":200,"API":"/quotes"},"timestamp":"2026-10-06 00:37:39,459+0530","service":"FyersAPIRequest"}
{"level":"DEBUG","location":"[get_call:168] fyersModel","message":{"Status Code":200,"API":"/options-chain-v3"},"timestamp":"2026-10-06 00:37:39,508+0530","service":"FyersAPIRequest"}
{"level":"DEBUG","location":"[get_call:168] fyersModel","message":{"Status Code":200,"API":"/quotes"},"timestamp":"2026-10-06 00:37:43,871+0530","service":"FyersAPIRequest"}
{"level":"DEBUG","location":"[get_call:168] fyersModel","message":{"Status Code":200,"API":"/options-chain-v3"},"timestamp":"2026-10-06 00:37:43,963+0530","service":"FyersAPIRequest"}
{"level":"DEBUG","location":"[get_call:168] fyersModel","message":{"Status Code":200,"API":"/quotes"},"timestamp":"2026-10-06 00:37:48,026+0530","service":"FyersAPIRequest"}
{"level":"DEBUG","location":"[get_call:168] fyersModel","message":{"Status Code":200,"API":"/options-chain-v3"},"timestamp":"2026-10-06 00:37:48,068+0530","service":"FyersAPIRequest"}
{"level":"DEBUG","location":"[get_call:168] fyersModel","message":{"Status Code":200,"API":"/profile"},"timestamp":"2026-10-06 00:37:54,803+0530","service":"FyersAPIRequest"}
{"level":"DEBUG","location":"[get_call:168] fyersModel","message":{"Status Code":200,"API":"/quotes"},"timestamp":"2026-10-06 00:37:54,928+0530","service":"FyersAPIRequest"}
{"level":"DEBUG","location":"[get_call:168] fyersModel","message":{"Status Code":200,"API":"/options-chain-v3"},"timestamp":"2026-10-06 00:37:55,317+0530","service":"FyersAPIRequest"}
{"level":"DEBUG","location":"[get_call:168] fyersModel","message":{"Status Code":200,"API":"/quotes"},"timestamp":"2026-10-06 00:37:59,384+0530","service":"FyersAPIRequest"}
{"level":"DEBUG","location":"[get_call:168] fyersModel","message":{"Status Code":200,"API":"/options-chain-v3"},"timestamp":"2026-10-06 00:37:59,949+0530","service":"FyersAPIRequest"}
{"level":"DEBUG","location":"[get_call:168] fyersModel","message":{"Status Code":200,"API":"/quotes"},"timestamp":"2026-10-06 00:38:04,487+0530","service":"FyersAPIRequest"}
{"level":"DEBUG","location":"[get_call:168] fyersModel","message":{"Status Code":200,"API":"/options-chain-v3"},"timestamp":"2026-10-06 00:38:04,522+0530","service":"FyersAPIRequest"}
{"level":"DEBUG","location":"[get_call:168] fyersModel","message":{"Status Code":200,"API":"/quotes"},"timestamp":"2026-10-06 00:38:08,816+0530","service":"FyersAPIRequest"}
{"level":"DEBUG","location":"[get_call:168] fyersModel","message":{"Status Code":200,"API":"/options-chain-v3"},"timestamp":"2026-10-06 00:38:08,848+0530","service":"FyersAPIRequest"}
{"level":"DEBUG","location":"[get_call:168] fyersModel","message":{"Status Code":200,"API":"/quotes"},"timestamp":"2026-10-06 00:38:12,914+0530","service":"FyersAPIRequest"}
{"level":"DEBUG","location":"[get_call:168] fyersModel","message":{"Status Code":200,"API":"/options-chain-v3"},"timestamp":"2026-10-06 00:38:12,952+0530","service":"FyersAPIRequest"}
{"level":"DEBUG","location":"[get_call:168] fyersModel","message":{"Status Code":200,"API":"/quotes"},"timestamp":"2026-10-06 00:38:17,013+0530","service":"FyersAPIRequest"}
{"level":"DEBUG","location":"[get_call:168] fyersModel","message":{"Status Code":200,"API":"/options-chain-v3"},"timestamp":"2026-10-06 00:38:17,048+0530","service":"FyersAPIRequest"}
{"level":"DEBUG","location":"[get_call:168] fyersModel","message":{"Status Code":200,"API":"/quotes"},"timestamp":"2026-10-06 00:38:21,108+0530","service":"FyersAPIRequest"}
{"level":"DEBUG","location":"[get_call:168] fyersModel","message":{"Status Code":200,"API":"/options-chain-v3"},"timestamp":"2026-10-06 00:38:21,135+0530","service":"FyersAPIRequest"}
{"level":"DEBUG","location":"[get_call:168] fyersModel","message":{"Status Code":200,"API":"/profile"},"timestamp":"2026-10-06 00:38:27,919+0530","service":"FyersAPIRequest"}
{"level":"DEBUG","location":"[get_call:168] fyersModel","message":{"Status Code":200,"API":"/quotes"},"timestamp":"2026-10-06 00:38:27,945+0530","service":"FyersAPIRequest"}
{"level":"DEBUG","location":"[get_call:168] fyersModel","message":{"Status Code":200,"API":"/options-chain-v3"},"timestamp":"2026-10-06 00:38:28,971+0530","service":"FyersAPIRequest"}
{"level":"DEBUG","location":"[get_call:168] fyersModel","message":{"Status Code":200,"API":"/quotes"},"timestamp":"2026-10-06 00:38:33,133+0530","service":"FyersAPIRequest"}
{"level":"DEBUG","location":"[get_call:168] fyersModel","message":{"Status Code":200,"API":"/options-chain-v3"},"timestamp":"2026-10-06 00:38:33,180+0530","service":"FyersAPIRequest"}
{"level":"DEBUG","location":"[get_call:168] fyersModel","message":{"Status Code":200,"API":"/quotes"},"timestamp":"2026-10-06 00:38:37,279+0530","service":"FyersAPIRequest"}
{"level":"DEBUG","location":"[get_call:168] fyersModel","message":{"Status Code":200,"API":"/options-chain-v3"},"timestamp":"2026-10-06 00:38:37,311+0530","service":"FyersAPIRequest"}
{"level":"DEBUG","location":"[get_call:168] fyersModel","message":{"Status Code":200,"API":"/quotes"},"timestamp":"2026-10-06 00:38:41,359+0530","service":"FyersAPIRequest"}
{"level":"DEBUG","location":"[get_call:168] fyersModel","message":{"Status Code":200,"API":"/options-chain-v3"},"timestamp":"2026-10-06 00:38:41,391+0530","service":"FyersAPIRequest"}
{"level":"DEBUG","location":"[get_call:168] fyersModel","message":{"Status Code":200,"API":"/quotes"},"timestamp":"2026-10-06 00:38:45,565+0530","service":"FyersAPIRequest"}
{"level":"DEBUG","location":"[get_call:168] fyersModel","message":{"Status Code":200,"API":"/options-chain-v3"},"timestamp":"2026-10-06 00:38:45,603+0530","service":"FyersAPIRequest"}
{"level":"DEBUG","location":"[get_call:168] fyersModel","message":{"Status Code":200,"API":"/quotes"},"timestamp":"2026-10-06 00:38:48,281+0530","service":"FyersAPIRequest","taskName":"Task-20"}
{"level":"DEBUG","location":"[get_call:168] fyersModel","message":{"Status Code":200,"API":"/options-chain-v3"},"timestamp":"2026-10-06 00:38:48,314+0530","service":"FyersAPIRequest","taskName":"Task-20"}
{"level":"DEBUG","location":"[get_call:168] fyersModel","message":{"Status Code":200,"API":"/quotes"},"timestamp":"2026-10-06 00:38:48,391+0530","service":"FyersAPIRequest","taskName":"Task-22"}
{"level":"DEBUG","location":"[get_call:168] fyersModel","message":{"Status Code":200,"API":"/options-chain-v3"},"timestamp":"2026-10-06 00:38:48,426+0530","service":"FyersAPIRequest","taskName":"Task-22"}
{"level":"DEBUG","location":"[get_call:168] fyersModel","message":{"Status Code":200,"API":"/quotes"},"timestamp":"2026-10-06 00:38:48,876+0530","service":"FyersAPIRequest","taskName":"Task-26"}
{"level":"DEBUG","location":"[get_call:168] fyersModel","message":{"Status Code":200,"API":"/options-chain-v3"},"timestamp":"2026-10-06 00:38:48,916+0530","service":"FyersAPIRequest","taskName":"Task-26"}
{"level":"DEBUG","location":"[get_call:168] fyersModel","message":{"Status Code":200,"API":"/quotes"},"timestamp":"2026-10-06 00:38:49,653+0530","service":"FyersAPIRequest"}
{"level":"DEBUG","location":"[get_call:168] fyersModel","message":{"Status Code":200,"API":"/options-chain-v3"},"timestamp":"2026-10-06 00:38:49,685+0530","service":"FyersAPIRequest"}
{"level":"DEBUG","location":"[get_call:168] fyersModel","message":{"Status Code":200,"API":"/quotes"},"timestamp":"2026-10-06 00:38:53,730+0530","service":"FyersAPIRequest"}
{"level":"DEBUG","location":"[get_call:168] fyersModel","message":{"Status Code":200,"API":"/options-chain-v3"},"timestamp":"2026-10-06 00:38:53,759+0530","service":"FyersAPIRequest"}
{"level":"DEBUG","location":"[get_call:168] fyersModel","message":{"Status Code":200,"API":"/profile"},"timestamp":"2026-10-06 00:39:01,010+0530","service":"FyersAPIRequest"}
{"level":"DEBUG","location":"[get_call:168] fyersModel","message":{"Status Code":200,"API":"/quotes"},"timestamp":"2026-10-06 00:39:01,149+0530","service":"FyersAPIRequest"}
{"level":"DEBUG","location":"[get_call:168] fyersModel","message":{"Status Code":200,"API":"/options-chain-v3"},"timestamp":"2026-10-06 00:39:01,182+0530","service":"FyersAPIRequest"}
{"level":"DEBUG","location":"[get_call:168] fyersModel","message":{"Status Code":200,"API":"/quotes"},"timestamp":"2026-10-06 00:39:06,658+0530","service":"FyersAPIRequest"}
{"level":"DEBUG","location":"[get_call:168] fyersModel","message":{"Status Code":200,"API":"/options-chain-v3"},"timestamp":"2026-10-06 00:39:06,701+0530","service":"FyersAPIRequest"}
{"level":"DEBUG","location":"[get_call:168] fyersModel","message":{"Status Code":200,"API":"/quotes"},"timestamp":"2026-10-06 00:39:10,958+0530","service":"FyersAPIRequest"}
{"level":"DEBUG","location":"[get_call:168] fyersModel","message":{"Status Code":200,"API":"/options-chain-v3"},"timestamp":"2026-10-06 00:39:10,992+0530","service":"FyersAPIRequest"}
{"level":"DEBUG","location":"[get_call:168] fyersModel","message":{"Status Code":200,"API":"/quotes"},"timestamp":"2026-10-06 00:39:15,104+0530","service":"FyersAPIRequest"}
{"level":"DEBUG","location":"[get_call:168] fyersModel","message":{"Status Code":200,"API":"/options-chain-v3"},"timestamp":"2026-10-06 00:39:15,146+0530","service":"FyersAPIRequest"}
{"level":"DEBUG","location":"[get_call:168] fyersModel","message":{"Status Code":200,"API":"/quotes"},"timestamp":"2026-10-06 00:39:19,271+0530","service":"FyersAPIRequest"}
{"level":"DEBUG","location":"[get_call:168] fyersModel","message":{"Status Code":200,"API":"/options-chain-v3"},"timestamp":"2026-10-06 00:39:19,798+0530","service":"FyersAPIRequest"}
{"level":"DEBUG","location":"[get_call:168] fyersModel","message":{"Status Code":200,"API":"/quotes"},"timestamp":"2026-10-06 00:39:23,858+0530","service":"FyersAPIRequest"}
{"level":"DEBUG","location":"[get_call:168] fyersModel","message":{"Status Code":200,"API":"/options-chain-v3"},"timestamp":"2026-10-06 00:39:24,039+0530","service":"FyersAPIRequest"}
{"level":"DEBUG","location":"[get_call:168] fyersModel","message":{"Status Code":200,"API":"/profile"},"timestamp":"2026-10-06 00:39:28,683+0530","service":"FyersAPIRequest"}
{"level":"DEBUG","location":"[get_call:168] fyersModel","message":{"Status Code":200,"API":"/quotes"},"timestamp":"2026-10-06 00:39:28,710+0530","service":"FyersAPIRequest"}
{"level":"DEBUG","location":"[get_call:168] fyersModel","message":{"Status Code":200,"API":"/options-chain-v3"},"timestamp":"2026-10-06 00:39:28,737+0530","service":"FyersAPIRequest"}
{"level":"DEBUG","location":"[get_call:168] fyersModel","message":{"Status Code":200,"API":"/quotes"},"timestamp":"2026-10-06 00:39:32,777+0530","service":"FyersAPIRequest"}
{"level":"DEBUG","location":"[get_call:168] fyersModel","message":{"Status Code":200,"API":"/options-chain-v3"},"timestamp":"2026-10-06 00:39:32,810+0530","service":"FyersAPIRequest"}
{"level":"DEBUG","location":"[get_call:168] fyersModel","message":{"Status Code":200,"API":"/quotes"},"timestamp":"2026-10-06 00:39:36,941+0530","service":"FyersAPIRequest"}
{"level":"DEBUG","location":"[get_call:168] fyersModel","message":{"Status Code":200,"API":"/options-chain-v3"},"timestamp":"2026-10-06 00:39:36,968+0530","service":"FyersAPIRequest"}
{"level":"DEBUG","location":"[get_call:168] fyersModel","message":{"Status Code":200,"API":"/quotes"},"timestamp":"2026-10-06 00:39:41,008+0530","service":"FyersAPIRequest"}
{"level":"DEBUG","location":"[get_call:168] fyersModel","message":{"Status Code":200,"API":"/options-chain-v3"},"timestamp":"2026-10-06 00:39:41,037+0530","service":"FyersAPIRequest"}
{"level":"DEBUG","location":"[get_call:168] fyersModel","message":{"Status Code":200,"API":"/quotes"},"timestamp":"2026-10-06 00:39:45,081+0530","service":"FyersAPIRequest"}
{"level":"DEBUG","location":"[get_call:168] fyersModel","message":{"Status Code":200,"API":"/options-chain-v3"},"timestamp":"2026-10-06 00:39:46,035+0530","service":"FyersAPIRequest"}
{"level":"DEBUG","location":"[get_call:168] fyersModel","message":{"Status Code":200,"API":"/quotes"},"timestamp":"2026-10-06 00:39:50,083+0530","service":"FyersAPIRequest"}
{"level":"DEBUG","location":"[get_call:168] fyersModel","message":{"Status Code":200,"API":"/options-chain-v3"},"timestamp":"2026-10-06 00:39:50,120+0530","service":"FyersAPIRequest"}
{"level":"DEBUG","location":"[get_call:168] fyersModel","message":{"Status Code":200,"API":"/quotes"},"timestamp":"2026-10-06 00:39:54,185+0530","service":"FyersAPIRequest"}
{"level":"DEBUG","location":"[get_call:168] fyersModel","message":{"Status Code":200,"API":"/options-chain-v3"},"timestamp":"2026-10-06 00:39:54,218+0530","service":"FyersAPIRequest"}
{"level":"DEBUG","location":"[get_call:168] fyersModel","message":{"Status Code":200,"API":"/profile"},"timestamp":"2026-10-06 00:39:59,940+0530","service":"FyersAPIRequest"}
{"level":"DEBUG","location":"[get_call:168] fyersModel","message":{"Status Code":200,"API":"/quotes"},"timestamp":"2026-10-06 00:39:59,971+0530","service":"FyersAPIRequest"}
{"level":"DEBUG","location":"[get_call:168] fyersModel","message":{"Status Code":200,"API":"/options-chain-v3"},"timestamp":"2026-10-06 00:40:00,288+0530","service":"FyersAPIRequest"}
{"level":"DEBUG","location":"[get_call:168] fyersModel","message":{"Status Code":200,"API":"/quotes"},"timestamp":"2026-10-06 00:40:04,448+0530","service":"FyersAPIRequest"}
{"level":"DEBUG","location":"[get_call:168] fyersModel","message":{"Status Code":200,"API":"/options-chain-v3"},"timestamp":"2026-10-06 00:40:04,482+0530","service":"FyersAPIRequest"}
{"level":"DEBUG","location":"[get_call:168] fyersModel","message":{"Status Code":200,"API":"/quotes"},"timestamp":"2026-10-06 00:40:08,809+0530","service":"FyersAPIRequest"}
{"level":"DEBUG","location":"[get_call:168] fyersModel","message":{"Status Code":200,"API":"/options-chain-v3"},"timestamp":"2026-10-06 00:40:08,848+0530","service":"FyersAPIRequest"}
{"level":"DEBUG","location":"[get_call:168] fyersModel","message":{"Status Code":200,"API":"/quotes"},"timestamp":"2026-10-06 00:40:12,901+0530","service":"FyersAPIRequest"}
{"level":"DEBUG","location":"[get_call:168] fyersModel","message":{"Status Code":200,"API":"/options-chain-v3"},"timestamp":"2026-10-06 00:40:12,946+0530","service":"FyersAPIRequest"}
{"level":"DEBUG","location":"[get_call:168] fyersModel","message":{"Status Code":200,"API":"/quotes"},"timestamp":"2026-10-06 00:40:17,009+0530","service":"FyersAPIRequest"}
{"level":"DEBUG","location":"[get_call:168] fyersModel","message":{"Status Code":200,"API":"/options-chain-v3"},"timestamp":"2026-10-06 00:40:17,068+0530","service":"FyersAPIRequest"}
{"level":"DEBUG","location":"[get_call:168] fyersModel","message":{"Status Code":200,"API":"/quotes"},"timestamp":"2026-10-06 00:40:21,113+0530","service":"FyersAPIRequest"}
{"level":"DEBUG","location":"[get_call:168] fyersModel","message":{"Status Code":200,"API":"/options-chain-v3"},"timestamp":"2026-10-06 00:40:21,166+0530","service":"FyersAPIRequest"}
{"level":"DEBUG","location":"[get_call:168] fyersModel","message":{"Status Code":200,"API":"/quotes"},"timestamp":"2026-10-06 00:40:25,236+0530","service":"FyersAPIRequest"}
{"level":"DEBUG","location":"[get_call:168] fyersModel","message":{"Status Code":200,"API":"/options-chain-v3"},"timestamp":"2026-10-06 00:40:25,269+0530","service":"FyersAPIRequest"}
{"level":"DEBUG","location":"[get_call:168] fyersModel","message":{"Status Code":200,"API":"/profile"},"timestamp":"2026-10-06 00:40:29,849+0530","service":"FyersAPIRequest"}
{"level":"DEBUG","location":"[get_call:168] fyersModel","message":{"Status Code":200,"API":"/quotes"},"timestamp":"2026-10-06 00:40:29,872+0530","service":"FyersAPIRequest"}
{"level":"DEBUG","location":"[get_call:168] fyersModel","message":{"Status Code":200,"API":"/options-chain-v3"},"timestamp":"2026-10-06 00:40:29,906+0530","service":"FyersAPIRequest"}
{"level":"DEBUG","location":"[get_call:168] fyersModel","message":{"Status Code":200,"API":"/quotes"},"timestamp":"2026-10-06 00:40:33,944+0530","service":"FyersAPIRequest"}
{"level":"DEBUG","location":"[get_call:168] fyersModel","message":{"Status Code":200,"API":"/options-chain-v3"},"timestamp":"2026-10-06 00:40:34,289+0530","service":"FyersAPIRequest"}
{"level":"DEBUG","location":"[get_call:168] fyersModel","message":{"Status Code":200,"API":"/quotes"},"timestamp":"2026-10-06 00:40:38,410+0530","service":"FyersAPIRequest"}
{"level":"DEBUG","location":"[get_call:168] fyersModel","message":{"Status Code":200,"API":"/options-chain-v3"},"timestamp":"2026-10-06 00:40:38,439+0530","service":"FyersAPIRequest"}
{"level":"DEBUG","location":"[get_call:168] fyersModel","message":{"Status Code":200,"API":"/quotes"},"timestamp":"2026-10-06 00:40:42,698+0530","service":"FyersAPIRequest"}
{"level":"DEBUG","location":"[get_call:168] fyersModel","message":{"Status Code":200,"API":"/options-chain-v3"},"timestamp":"2026-10-06 00:40:42,736+0530","service":"FyersAPIRequest"}
{"level":"DEBUG","location":"[get_call:168] fyersModel","message":{"Status Code":200,"API":"/quotes"},"timestamp":"2026-10-06 00:40:46,887+0530","service":"FyersAPIRequest"}
{"level":"DEBUG","location":"[get_call:168] fyersModel","message":{"Status Code":200,"API":"/options-chain-v3"},"timestamp":"2026-10-06 00:40:47,039+0530","service":"FyersAPIRequest"}
{"level":"DEBUG","location":"[get_call:168] fyersModel","message":{"Status Code":200,"API":"/quotes"},"timestamp":"2026-10-06 00:40:51,408+0530","service":"FyersAPIRequest"}
{"level":"DEBUG","location":"[get_call:168] fyersModel","message":{"Status Code":200,"API":"/options-chain-v3"},"timestamp":"2026-10-06 00:40:51,538+0530","service":"FyersAPIRequest"}
{"level":"DEBUG","location":"[get_call:168] fyersModel","message":{"Status Code":200,"API":"/quotes"},"timestamp":"2026-10-06 00:40:55,752+0530","service":"FyersAPIRequest"}
{"level":"DEBUG","location":"[get_call:168] fyersModel","message":{"Status Code":200,"API":"/options-chain-v3"},"timestamp":"2026-10-06 00:40:55,785+0530","service":"FyersAPIRequest"}
{"level":"DEBUG","location":"[get_call:168] fyersModel","message":{"Status Code":200,"API":"/profile"},"timestamp":"2026-10-06 00:41:01,869+0530","service":"FyersAPIRequest"}
{"level":"DEBUG","location":"[get_call:168] fyersModel","message":{"Status Code":200,"API":"/quotes"},"timestamp":"2026-10-06 00:41:01,895+0530","service":"FyersAPIRequest"}
{"level":"DEBUG","location":"[get_call:168] fyersModel","message":{"Status Code":200,"API":"/options-chain-v3"},"timestamp":"2026-10-06 00:41:01,927+0530","service":"FyersAPIRequest"}
{"level":"DEBUG","location":"[get_call:168] fyersModel","message":{"Status Code":200,"API":"/quotes"},"timestamp":"2026-10-06 00:41:05,997+0530","service":"FyersAPIRequest"}
{"level":"DEBUG","location":"[get_call:168] fyersModel","message":{"Status Code":200,"API":"/options-chain-v3"},"timestamp":"2026-10-06 00:41:06,027+0530","service":"FyersAPIRequest"}
{"level":"DEBUG","location":"[get_call:168] fyersModel","message":{"Status Code":200,"API":"/quotes"},"timestamp":"2026-10-06 00:41:10,058+0530","service":"FyersAPIRequest"}
{"level":"DEBUG","location":"[get_call:168] fyersModel","message":{"Status Code":200,"API":"/options-chain-v3"},"timestamp":"2026-10-06 00:41:10,090+0530","service":"FyersAPIRequest"}
{"level":"DEBUG","location":"[get_call:168] fyersModel","message":{"Status Code":200,"API":"/quotes"},"timestamp":"2026-10-06 00:41:14,126+0530","service":"FyersAPIRequest"}
{"level":"DEBUG","location":"[get_call:168] fyersModel","message":{"Status Code":200,"API":"/options-chain-v3"},"timestamp":"2026-10-06 00:41:14,153+0530","service":"FyersAPIRequest"}
{"level":"DEBUG","location":"[get_call:168] fyersModel","message":{"Status Code":200,"API":"/quotes"},"timestamp":"2026-10-06 00:41:18,669+0530","service":"FyersAPIRequest"}
{"level":"DEBUG","location":"[get_call:168] fyersModel","message":{"Status Code":200,"API":"/options-chain-v3"},"timestamp":"2026-10-06 00:41:19,136+0530","service":"FyersAPIRequest"}
{"level":"DEBUG","location":"[get_call:168] fyersModel","message":{"Status Code":200,"API":"/quotes"},"timestamp":"2026-10-06 00:41:23,254+0530","service":"FyersAPIRequest"}
{"level":"DEBUG","location":"[get_call:168] fyersModel","message":{"Status Code":200,"API":"/options-chain-v3"},"timestamp":"2026-10-06 00:41:23,287+0530","service":"FyersAPIRequest"}
{"level":"DEBUG","location":"[get_call:168] fyersModel","message":{"Status Code":200,"API":"/quotes"},"timestamp":"2026-10-06 00:41:27,335+0530","service":"FyersAPIRequest"}
{"level":"DEBUG","location":"[get_call:168] fyersModel","message":{"Status Code":200,"API":"/options-chain-v3"},"timestamp":"2026-10-06 00:41:27,364+0530","service":"FyersAPIRequest"}
{"level":"DEBUG","location":"[get_call:168] fyersModel","message":{"Status Code":200,"API":"/profile"},"timestamp":"2026-10-06 00:41:32,354+0530","service":"FyersAPIRequest"}
{"level":"DEBUG","location":"[get_call:168] fyersModel","message":{"Status Code":200,"API":"/quotes"},"timestamp":"2026-10-06 00:41:32,378+0530","service":"FyersAPIRequest"}
{"level":"DEBUG","location":"[get_call:168] fyersModel","message":{"Status Code":200,"API":"/options-chain-v3"},"timestamp":"2026-10-06 00:41:32,409+0530","service":"FyersAPIRequest"}
{"level":"DEBUG","location":"[get_call:168] fyersModel","message":{"Status Code":200,"API":"/quotes"},"timestamp":"2026-10-06 00:41:36,459+0530","service":"FyersAPIRequest"}
{"level":"DEBUG","location":"[get_call:168] fyersModel","message":{"Status Code":200,"API":"/options-chain-v3"},"timestamp":"2026-10-06 00:41:36,505+0530","service":"FyersAPIRequest"}
{"level":"DEBUG","location":"[get_call:168] fyersModel","message":{"Status Code":200,"API":"/quotes"},"timestamp":"2026-10-06 00:41:40,842+0530","service":"FyersAPIRequest"}
{"level":"DEBUG","location":"[get_call:168] fyersModel","message":{"Status Code":200,"API":"/options-chain-v3"},"timestamp":"2026-10-06 00:41:40,873+0530","service":"FyersAPIRequest"}
{"level":"DEBUG","location":"[get_call:168] fyersModel","message":{"Status Code":200,"API":"/quotes"},"timestamp":"2026-10-06 00:41:44,908+0530","service":"FyersAPIRequest"}
{"level":"DEBUG","location":"[get_call:168] fyersModel","message":{"Status Code":200,"API":"/options-chain-v3"},"timestamp":"2026-10-06 00:41:44,935+0530","service":"FyersAPIRequest"}
{"level":"DEBUG","location":"[get_call:168] fyersModel","message":{"Status Code":200,"API":"/quotes"},"timestamp":"2026-10-06 00:41:48,970+0530","service":"FyersAPIRequest"}
{"level":"DEBUG","location":"[get_call:168] fyersModel","message":{"Status Code":200,"API":"/options-chain-v3"},"timestamp":"2026-10-06 00:41:48,997+0530","service":"FyersAPIRequest"}
{"level":"DEBUG","location":"[get_call:168] fyersModel","message":{"Status Code":200,"API":"/quotes"},"timestamp":"2026-10-06 00:41:53,030+0530","service":"FyersAPIRequest"}
{"level":"DEBUG","location":"[get_call:168] fyersModel","message":{"Status Code":200,"API":"/options-chain-v3"},"timestamp":"2026-10-06 00:41:53,058+0530","service":"FyersAPIRequest"}
{"level":"DEBUG","location":"[get_call:168] fyersModel","message":{"Status Code":200,"API":"/quotes"},"timestamp":"2026-10-06 00:41:57,100+0530","service":"FyersAPIRequest"}
{"level":"DEBUG","location":"[get_call:168] fyersModel","message":{"Status Code":200,"API":"/options-chain-v3"},"timestamp":"2026-10-06 00:41:57,137+0530","service":"FyersAPIRequest"}
{"level":"DEBUG","location":"[get_call:168] fyersModel","message":{"Status Code":200,"API":"/quotes"},"timestamp":"2026-10-06 00:42:01,174+0530","service":"FyersAPIRequest"}
{"level":"DEBUG","location":"[get_call:168] fyersModel","message":{"Status Code":200,"API":"/options-chain-v3"},"timestamp":"2026-10-06 00:42:01,198+0530","service":"FyersAPIRequest"}
{"level":"DEBUG","location":"[get_call:168] fyersModel","message":{"Status Code":200,"API":"/profile"},"timestamp":"2026-10-06 00:42:05,928+0530","service":"FyersAPIRequest"}
{"level":"DEBUG","location":"[get_call:168] fyersModel","message":{"Status Code":200,"API":"/quotes"},"timestamp":"2026-10-06 00:42:05,955+0530","service":"FyersAPIRequest"}
{"level":"DEBUG","location":"[get_call:168] fyersModel","message":{"Status Code":200,"API":"/options-chain-v3"},"timestamp":"2026-10-06 00:42:05,987+0530","service":"FyersAPIRequest"}
{"level":"DEBUG","location":"[get_call:168] fyersModel","message":{"Status Code":200,"API":"/quotes"},"timestamp":"2026-10-06 00:42:10,029+0530","service":"FyersAPIRequest"}
{"level":"DEBUG","location":"[get_call:168] fyersModel","message":{"Status Code":200,"API":"/options-chain-v3"},"timestamp":"2026-10-06 00:42:10,063+0530","service":"FyersAPIRequest"}
{"level":"DEBUG","location":"[get_call:168] fyersModel","message":{"Status Code":200,"API":"/quotes"},"timestamp":"2026-10-06 00:42:14,103+0530","service":"FyersAPIRequest"}
{"level":"DEBUG","location":"[get_call:168] fyersModel","message":{"Status Code":200,"API":"/options-chain-v3"},"timestamp":"2026-10-06 00:42:14,134+0530","service":"FyersAPIRequest"}
{"level":"DEBUG","location":"[get_call:168] fyersModel","message":{"Status Code":200,"API":"/quotes"},"timestamp":"2026-10-06 00:42:18,174+0530","service":"FyersAPIRequest"}
{"level":"DEBUG","location":"[get_call:168] fyersModel","message":{"Status Code":200,"API":"/options-chain-v3"},"timestamp":"2026-10-06 00:42:18,203+0530","service":"FyersAPIRequest"}
{"level":"DEBUG","location":"[get_call:168] fyersModel","message":{"Status Code":200,"API":"/quotes"},"timestamp":"2026-10-06 00:42:22,248+0530","service":"FyersAPIRequest"}
{"level":"DEBUG","location":"[get_call:168] fyersModel","message":{"Status Code":200,"API":"/options-chain-v3"},"timestamp":"2026-10-06 00:42:22,280+0530","service":"FyersAPIRequest"}
{"level":"DEBUG","location":"[get_call:168] fyersModel","message":{"Status Code":200,"API":"/quotes"},"timestamp":"2026-10-06 00:42:26,415+0530","service":"FyersAPIRequest"}
{"level":"DEBUG","location":"[get_call:168] fyersModel","message":{"Status Code":200,"API":"/options-chain-v3"},"timestamp":"2026-10-06 00:42:26,452+0530","service":"FyersAPIRequest"}
{"level":"DEBUG","location":"[get_call:168] fyersModel","message":{"Status Code":200,"API":"/quotes"},"timestamp":"2026-10-06 00:42:30,516+0530","service":"FyersAPIRequest"}
{"level":"DEBUG","location":"[get_call:168] fyersModel","message":{"Status Code":200,"API":"/options-chain-v3"},"timestamp":"2026-10-06 00:42:30,550+0530","service":"FyersAPIRequest"}
{"level":"DEBUG","location":"[get_call:168] fyersModel","message":{"Status Code":200,"API":"/quotes"},"timestamp":"2026-10-06 00:42:34,612+0530","service":"FyersAPIRequest"}
{"level":"DEBUG","location":"[get_call:168] fyersModel","message":{"Status Code":200,"API":"/options-chain-v3"},"timestamp":"2026-10-06 00:42:34,676+0530","service":"FyersAPIRequest"}
{"level":"DEBUG","location":"[get_call:168] fyersModel","message":{"Status Code":200,"API":"/profile"},"timestamp":"2026-10-06 00:42:40,363+0530","service":"FyersAPIRequest"}
{"level":"DEBUG","location":"[get_call:168] fyersModel","message":{"Status Code":200,"API":"/quotes"},"timestamp":"2026-10-06 00:42:40,427+0530","service":"FyersAPIRequest"}
{"level":"DEBUG","location":"[get_call:168] fyersModel","message":{"Status Code":200,"API":"/options-chain-v3"},"timestamp":"2026-10-06 00:42:40,707+0530","service":"FyersAPIRequest"}
{"level":"DEBUG","location":"[get_call:168] fyersModel","message":{"Status Code":200,"API":"/quotes"},"timestamp":"2026-10-06 00:42:44,797+0530","service":"FyersAPIRequest"}
{"level":"DEBUG","location":"[get_call:168] fyersModel","message":{"Status Code":200,"API":"/options-chain-v3"},"timestamp":"2026-10-06 00:42:44,827+0530","service":"FyersAPIRequest"}
{"level":"DEBUG","location":"[get_call:168] fyersModel","message":{"Status Code":200,"API":"/quotes"},"timestamp":"2026-10-06 00:42:48,859+0530","service":"FyersAPIRequest"}
{"level":"DEBUG","location":"[get_call:168] fyersModel","message":{"Status Code":200,"API":"/options-chain-v3"},"timestamp":"2026-10-06 00:42:48,891+0530","service":"FyersAPIRequest"}
{"level":"DEBUG","location":"[get_call:168] fyersModel","message":{"Status Code":200,"API":"/quotes"},"timestamp":"2026-10-06 00:42:52,940+0530","service":"FyersAPIRequest"}
{"level":"DEBUG","location":"[get_call:168] fyersModel","message":{"Status Code":200,"API":"/options-chain-v3"},"timestamp":"2026-10-06 00:42:52,973+0530","service":"FyersAPIRequest"}
{"level":"DEBUG","location":"[get_call:168] fyersModel","message":{"Status Code":200,"API":"/quotes"},"timestamp":"2026-10-06 00:42:57,037+0530","service":"FyersAPIRequest"}
{"level":"DEBUG","location":"[get_call:168] fyersModel","message":{"Status Code":200,"API":"/options-chain-v3"},"timestamp":"2026-10-06 00:42:57,089+0530","service":"FyersAPIRequest"}
{"level":"DEBUG","location":"[get_call:168] fyersModel","message":{"Status Code":200,"API":"/quotes"},"timestamp":"2026-10-06 00:43:01,308+0530","service":"FyersAPIRequest"}
{"level":"DEBUG","location":"[get_call:168] fyersModel","message":{"Status Code":200,"API":"/options-chain-v3"},"timestamp":"2026-10-06 00:43:01,349+0530","service":"FyersAPIRequest"}
{"level":"DEBUG","location":"[get_call:168] fyersModel","message":{"Status Code":200,"API":"/quotes"},"timestamp":"2026-10-06 00:43:05,718+0530","service":"FyersAPIRequest"}
{"level":"DEBUG","location":"[get_call:168] fyersModel","message":{"Status Code":200,"API":"/options-chain-v3"},"timestamp":"2026-10-06 00:43:05,757+0530","service":"FyersAPIRequest"}
{"level":"DEBUG","location":"[get_call:168] fyersModel","message":{"Status Code":200,"API":"/profile"},"timestamp":"2026-10-06 00:43:12,083+0530","service":"FyersAPIRequest"}
{"level":"DEBUG","location":"[get_call:168] fyersModel","message":{"Status Code":200,"API":"/quotes"},"timestamp":"2026-10-06 00:43:12,116+0530","service":"FyersAPIRequest"}
{"level":"DEBUG","location":"[get_call:168] fyersModel","message":{"Status Code":200,"API":"/options-chain-v3"},"timestamp":"2026-10-06 00:43:12,149+0530","service":"FyersAPIRequest"}
{"level":"DEBUG","location":"[get_call:168] fyersModel","message":{"Status Code":200,"API":"/quotes"},"timestamp":"2026-10-06 00:43:16,208+0530","service":"FyersAPIRequest"}
{"level":"DEBUG","location":"[get_call:168] fyersModel","message":{"Status Code":200,"API":"/options-chain-v3"},"timestamp":"2026-10-06 00:43:16,242+0530","service":"FyersAPIRequest"}
{"level":"DEBUG","location":"[get_call:168] fyersModel","message":{"Status Code":200,"API":"/quotes"},"timestamp":"2026-10-06 00:43:20,311+0530","service":"FyersAPIRequest"}
{"level":"DEBUG","location":"[get_call:168] fyersModel","message":{"Status Code":200,"API":"/options-chain-v3"},"timestamp":"2026-10-06 00:43:20,340+0530","service":"FyersAPIRequest"}
{"level":"DEBUG","location":"[get_call:168] fyersModel","message":{"Status Code":200,"API":"/quotes"},"timestamp":"2026-10-06 00:43:24,399+0530","service":"FyersAPIRequest"}
{"level":"DEBUG","location":"[get_call:168] fyersModel","message":{"Status Code":200,"API":"/options-chain-v3"},"timestamp":"2026-10-06 00:43:24,429+0530","service":"FyersAPIRequest"}
{"level":"DEBUG","location":"[get_call:168] fyersModel","message":{"Status Code":200,"API":"/quotes"},"timestamp":"2026-10-06 00:43:28,478+0530","service":"FyersAPIRequest"}
{"level":"DEBUG","location":"[get_call:168] fyersModel","message":{"Status Code":200,"API":"/options-chain-v3"},"timestamp":"2026-10-06 00:43:28,511+0530","service":"FyersAPIRequest"}
{"level":"DEBUG","location":"[get_call:168] fyersModel","message":{"Status Code":200,"API":"/quotes"},"timestamp":"2026-10-06 00:43:32,580+0530","service":"FyersAPIRequest"}
{"level":"DEBUG","location":"[get_call:168] fyersModel","message":{"Status Code":200,"API":"/options-chain-v3"},"timestamp":"2026-10-06 00:43:32,625+0530","service":"FyersAPIRequest"}
{"level":"DEBUG","location":"[get_call:168] fyersModel","message":{"Status Code":200,"API":"/quotes"},"timestamp":"2026-10-06 00:43:36,680+0530","service":"FyersAPIRequest"}
{"level":"DEBUG","location":"[get_call:168] fyersModel","message":{"Status Code":200,"API":"/options-chain-v3"},"timestamp":"2026-10-06 00:43:36,715+0530","service":"FyersAPIRequest"}
{"level":"DEBUG","location":"[get_call:168] fyersModel","message":{"Status Code":200,"API":"/profile"},"timestamp":"2026-10-06 00:43:41,874+0530","service":"FyersAPIRequest"}
{"level":"DEBUG","location":"[get_call:168] fyersModel","message":{"Status Code":200,"API":"/quotes"},"timestamp":"2026-10-06 00:43:41,899+0530","service":"FyersAPIRequest"}
{"level":"DEBUG","location":"[get_call:168] fyersModel","message":{"Status Code":200,"API":"/options-chain-v3"},"timestamp":"2026-10-06 00:43:41,932+0530","service":"FyersAPIRequest"}
{"level":"DEBUG","location":"[get_call:168] fyersModel","message":{"Status Code":200,"API":"/quotes"},"timestamp":"2026-10-06 00:43:46,051+0530","service":"FyersAPIRequest"}
{"level":"DEBUG","location":"[get_call:168] fyersModel","message":{"Status Code":200,"API":"/options-chain-v3"},"timestamp":"2026-10-06 00:43:46,082+0530","service":"FyersAPIRequest"}
{"level":"DEBUG","location":"[get_call:168] fyersModel","message":{"Status Code":200,"API":"/quotes"},"timestamp":"2026-10-06 00:43:50,127+0530","service":"FyersAPIRequest"}
{"level":"DEBUG","location":"[get_call:168] fyersModel","message":{"Status Code":200,"API":"/options-chain-v3"},"timestamp":"2026-10-06 00:43:50,160+0530","service":"FyersAPIRequest"}
{"level":"DEBUG","location":"[get_call:168] fyersModel","message":{"Status Code":200,"API":"/quotes"},"timestamp":"2026-10-06 00:43:54,212+0530","service":"FyersAPIRequest"}
{"level":"DEBUG","location":"[get_call:168] fyersModel","message":{"Status Code":200,"API":"/options-chain-v3"},"timestamp":"2026-10-06 00:43:54,247+0530","service":"FyersAPIRequest"}
{"level":"DEBUG","location":"[get_call:168] fyersModel","message":{"Status Code":200,"API":"/quotes"},"timestamp":"2026-10-06 00:43:58,367+0530","service":"FyersAPIRequest"}
{"level":"DEBUG","location":"[get_call:168] fyersModel","message":{"Status Code":200,"API":"/options-chain-v3"},"timestamp":"2026-10-06 00:43:58,447+0530","service":"FyersAPIRequest"}
{"level":"DEBUG","location":"[get_call:168] fyersModel","message":{"Status Code":200,"API":"/quotes"},"timestamp":"2026-10-06 00:44:00,427+0530","service":"FyersAPIRequest","taskName":"Task-39"}
{"level":"DEBUG","location":"[get_call:168] fyersModel","message":{"Status Code":200,"API":"/options-chain-v3"},"timestamp":"2026-10-06 00:44:00,470+0530","service":"FyersAPIRequest","taskName":"Task-39"}
{"level":"DEBUG","location":"[get_call:168] fyersModel","message":{"Status Code":200,"API":"/quotes"},"timestamp":"2026-10-06 00:44:00,839+0530","service":"FyersAPIRequest","taskName":"Task-44"}
{"level":"DEBUG","location":"[get_call:168] fyersModel","message":{"Status Code":200,"API":"/options-chain-v3"},"timestamp":"2026-10-06 00:44:00,904+0530","service":"FyersAPIRequest","taskName":"Task-44"}
{"level":"DEBUG","location":"[get_call:168] fyersModel","message":{"Status Code":200,"API":"/quotes"},"timestamp":"2026-10-06 00:44:02,993+0530","service":"FyersAPIRequest","taskName":"Task-47"}
{"level":"DEBUG","location":"[get_call:168] fyersModel","message":{"Status Code":200,"API":"/options-chain-v3"},"timestamp":"2026-10-06 00:44:03,042+0530","service":"FyersAPIRequest","taskName":"Task-47"}
{"level":"DEBUG","location":"[get_call:168] fyersModel","message":{"Status Code":200,"API":"/quotes"},"timestamp":"2026-10-06 00:44:04,436+0530","service":"FyersAPIRequest","taskName":"Task-39"}
{"level":"DEBUG","location":"[get_call:168] fyersModel","message":{"Status Code":200,"API":"/options-chain-v3"},"timestamp":"2026-10-06 00:44:04,479+0530","service":"FyersAPIRequest","taskName":"Task-39"}
{"level":"DEBUG","location":"[get_call:168] fyersModel","message":{"Status Code":200,"API":"/quotes"},"timestamp":"2026-10-06 00:44:05,053+0530","service":"FyersAPIRequest"}
{"level":"DEBUG","location":"[get_call:168] fyersModel","message":{"Status Code":200,"API":"/options-chain-v3"},"timestamp":"2026-10-06 00:44:05,095+0530","service":"FyersAPIRequest"}
{"level":"DEBUG","location":"[get_call:168] fyersModel","message":{"Status Code":200,"API":"/quotes"},"timestamp":"2026-10-06 00:44:06,159+0530","service":"FyersAPIRequest","taskName":"Task-51"}
{"level":"DEBUG","location":"[get_call:168] fyersModel","message":{"Status Code":200,"API":"/options-chain-v3"},"timestamp":"2026-10-06 00:44:06,239+0530","service":"FyersAPIRequest","taskName":"Task-51"}
{"level":"DEBUG","location":"[get_call:168] fyersModel","message":{"Status Code":200,"API":"/quotes"},"timestamp":"2026-10-06 00:44:07,470+0530","service":"FyersAPIRequest","taskName":"Task-39"}
{"level":"DEBUG","location":"[get_call:168] fyersModel","message":{"Status Code":200,"API":"/options-chain-v3"},"timestamp":"2026-10-06 00:44:07,523+0530","service":"FyersAPIRequest","taskName":"Task-39"}
{"level":"DEBUG","location":"[get_call:168] fyersModel","message":{"Status Code":200,"API":"/quotes"},"timestamp":"2026-10-06 00:44:07,811+0530","service":"FyersAPIRequest","taskName":"Task-53"}
{"level":"DEBUG","location":"[get_call:168] fyersModel","message":{"Status Code":200,"API":"/options-chain-v3"},"timestamp":"2026-10-06 00:44:07,866+0530","service":"FyersAPIRequest","taskName":"Task-53"}
{"level":"DEBUG","location":"[get_call:168] fyersModel","message":{"Status Code":200,"API":"/quotes"},"timestamp":"2026-10-06 00:44:08,056+0530","service":"FyersAPIRequest","taskName":"Task-54"}
{"level":"DEBUG","location":"[get_call:168] fyersModel","message":{"Status Code":200,"API":"/options-chain-v3"},"timestamp":"2026-10-06 00:44:08,087+0530","service":"FyersAPIRequest","taskName":"Task-54"}
{"level":"DEBUG","location":"[get_call:168] fyersModel","message":{"Status Code":200,"API":"/quotes"},"timestamp":"2026-10-06 00:44:09,415+0530","service":"FyersAPIRequest","taskName":"Task-57"}
{"level":"DEBUG","location":"[get_call:168] fyersModel","message":{"Status Code":200,"API":"/options-chain-v3"},"timestamp":"2026-10-06 00:44:09,458+0530","service":"FyersAPIRequest","taskName":"Task-57"}
{"level":"DEBUG","location":"[get_call:168] fyersModel","message":{"Status Code":200,"API":"/quotes"},"timestamp":"2026-10-06 00:44:09,935+0530","service":"FyersAPIRequest","taskName":"Task-39"}
{"level":"DEBUG","location":"[get_call:168] fyersModel","message":{"Status Code":200,"API":"/options-chain-v3"},"timestamp":"2026-10-06 00:44:09,992+0530","service":"FyersAPIRequest","taskName":"Task-39"}
{"level":"DEBUG","location":"[get_call:168] fyersModel","message":{"Status Code":200,"API":"/quotes"},"timestamp":"2026-10-06 00:44:10,373+0530","service":"FyersAPIRequest","taskName":"Task-58"}
{"level":"DEBUG","location":"[get_call:168] fyersModel","message":{"Status Code":200,"API":"/options-chain-v3"},"timestamp":"2026-10-06 00:44:10,417+0530","service":"FyersAPIRequest","taskName":"Task-58"}
{"level":"DEBUG","location":"[get_call:168] fyersModel","message":{"Status Code":200,"API":"/quotes"},"timestamp":"2026-10-06 00:44:22,212+0530","service":"FyersAPIRequest"}
{"level":"DEBUG","location":"[get_call:168] fyersModel","message":{"Status Code":200,"API":"/options-chain-v3"},"timestamp":"2026-10-06 00:44:22,271+0530","service":"FyersAPIRequest"}
{"level":"DEBUG","location":"[get_call:168] fyersModel","message":{"Status Code":200,"API":"/profile"},"timestamp":"2026-10-06 00:44:23,157+0530","service":"FyersAPIRequest","taskName":"Task-39"}
{"level":"DEBUG","location":"[get_call:168] fyersModel","message":{"Status Code":200,"API":"/quotes"},"timestamp":"2026-10-06 00:44:23,194+0530","service":"FyersAPIRequest","taskName":"Task-39"}
{"level":"DEBUG","location":"[get_call:168] fyersModel","message":{"Status Code":200,"API":"/options-chain-v3"},"timestamp":"2026-10-06 00:44:23,238+0530","service":"FyersAPIRequest","taskName":"Task-39"}
{"level":"DEBUG","location":"[get_call:168] fyersModel","message":{"Status Code":200,"API":"/quotes"},"timestamp":"2026-10-06 00:44:24,991+0530","service":"FyersAPIRequest","taskName":"Task-67"}
{"level":"DEBUG","location":"[get_call:168] fyersModel","message":{"Status Code":200,"API":"/options-chain-v3"},"timestamp":"2026-10-06 00:44:25,041+0530","service":"FyersAPIRequest","taskName":"Task-67"}
{"level":"DEBUG","location":"[get_call:168] fyersModel","message":{"Status Code":200,"API":"/quotes"},"timestamp":"2026-10-06 00:44:25,872+0530","service":"FyersAPIRequest","taskName":"Task-39"}
{"level":"DEBUG","location":"[get_call:168] fyersModel","message":{"Status Code":200,"API":"/options-chain-v3"},"timestamp":"2026-10-06 00:44:25,918+0530","service":"FyersAPIRequest","taskName":"Task-39"}
{"level":"DEBUG","location":"[get_call:168] fyersModel","message":{"Status Code":200,"API":"/quotes"},"timestamp":"2026-10-06 00:44:26,845+0530","service":"FyersAPIRequest"}
{"level":"DEBUG","location":"[get_call:168] fyersModel","message":{"Status Code":200,"API":"/options-chain-v3"},"timestamp":"2026-10-06 00:44:26,890+0530","service":"FyersAPIRequest"}
{"level":"DEBUG","location":"[get_call:168] fyersModel","message":{"Status Code":200,"API":"/quotes"},"timestamp":"2026-10-06 00:44:30,982+0530","service":"FyersAPIRequest"}
{"level":"DEBUG","location":"[get_call:168] fyersModel","message":{"Status Code":200,"API":"/options-chain-v3"},"timestamp":"2026-10-06 00:44:31,022+0530","service":"FyersAPIRequest"}
{"level":"DEBUG","location":"[get_call:168] fyersModel","message":{"Status Code":200,"API":"/quotes"},"timestamp":"2026-10-06 00:44:34,568+0530","service":"FyersAPIRequest","taskName":"Task-69"}
{"level":"DEBUG","location":"[get_call:168] fyersModel","message":{"Status Code":200,"API":"/options-chain-v3"},"timestamp":"2026-10-06 00:44:34,611+0530","service":"FyersAPIRequest","taskName":"Task-69"}
{"level":"DEBUG","location":"[get_call:168] fyersModel","message":{"Status Code":200,"API":"/quotes"},"timestamp":"2026-10-06 00:44:34,834+0530","service":"FyersAPIRequest","taskName":"Task-39"}
{"level":"DEBUG","location":"[get_call:168] fyersModel","message":{"Status Code":200,"API":"/options-chain-v3"},"timestamp":"2026-10-06 00:44:34,870+0530","service":"FyersAPIRequest","taskName":"Task-39"}
{"level":"DEBUG","location":"[get_call:168] fyersModel","message":{"Status Code":200,"API":"/quotes"},"timestamp":"2026-10-06 00:44:34,954+0530","service":"FyersAPIRequest","taskName":"Task-74"}
{"level":"DEBUG","location":"[get_call:168] fyersModel","message":{"Status Code":200,"API":"/options-chain-v3"},"timestamp":"2026-10-06 00:44:34,999+0530","service":"FyersAPIRequest","taskName":"Task-74"}
{"level":"DEBUG","location":"[get_call:168] fyersModel","message":{"Status Code":200,"API":"/quotes"},"timestamp":"2026-10-06 00:44:35,265+0530","service":"FyersAPIRequest"}
{"level":"DEBUG","location":"[get_call:168] fyersModel","message":{"Status Code":200,"API":"/quotes"},"timestamp":"2026-10-06 00:44:35,315+0530","service":"FyersAPIRequest","taskName":"Task-76"}
{"level":"DEBUG","location":"[get_call:168] fyersModel","message":{"Status Code":200,"API":"/options-chain-v3"},"timestamp":"2026-10-06 00:44:35,317+0530","service":"FyersAPIRequest"}
{"level":"DEBUG","location":"[get_call:168] fyersModel","message":{"Status Code":200,"API":"/options-chain-v3"},"timestamp":"2026-10-06 00:44:35,413+0530","service":"FyersAPIRequest","taskName":"Task-76"}
{"level":"DEBUG","location":"[get_call:168] fyersModel","message":{"Status Code":200,"API":"/quotes"},"timestamp":"2026-10-06 00:44:36,594+0530","service":"FyersAPIRequest","taskName":"Task-80"}
{"level":"DEBUG","location":"[get_call:168] fyersModel","message":{"Status Code":200,"API":"/options-chain-v3"},"timestamp":"2026-10-06 00:44:36,665+0530","service":"FyersAPIRequest","taskName":"Task-80"}
{"level":"DEBUG","location":"[get_call:168] fyersModel","message":{"Status Code":200,"API":"/quotes"},"timestamp":"2026-10-06 00:44:37,287+0530","service":"FyersAPIRequest","taskName":"Task-39"}
{"level":"DEBUG","location":"[get_call:168] fyersModel","message":{"Status Code":200,"API":"/options-chain-v3"},"timestamp":"2026-10-06 00:44:37,350+0530","service":"FyersAPIRequest","taskName":"Task-39"}
{"level":"DEBUG","location":"[get_call:168] fyersModel","message":{"Status Code":200,"API":"/quotes"},"timestamp":"2026-10-06 00:44:41,700+0530","service":"FyersAPIRequest","taskName":"Task-39"}
{"level":"DEBUG","location":"[get_call:168] fyersModel","message":{"Status Code":200,"API":"/options-chain-v3"},"timestamp":"2026-10-06 00:44:41,767+0530","service":"FyersAPIRequest","taskName":"Task-39"}
{"level":"DEBUG","location":"[get_call:168] fyersModel","message":{"Status Code":200,"API":"/quotes"},"timestamp":"2026-10-06 00:44:43,612+0530","service":"FyersAPIRequest","taskName":"Task-81"}
{"level":"DEBUG","location":"[get_call:168] fyersModel","message":{"Status Code":200,"API":"/options-chain-v3"},"timestamp":"2026-10-06 00:44:43,671+0530","service":"FyersAPIRequest","taskName":"Task-81"}
{"level":"DEBUG","location":"[get_call:168] fyersModel","message":{"Status Code":400,"API":"/profile"},"timestamp":"2026-10-06 00:45:51,466+0530","service":"FyersAPIRequest"}
{"level":"DEBUG","location":"[get_call:168] fyersModel","message":{"Status Code":400,"API":"/profile"},"timestamp":"2026-10-06 00:45:51,737+0530","service":"FyersAPIRequest","taskName":"Task-84"}
{"level":"DEBUG","location":"[get_call:168] fyersModel","message":{"Status Code":200,"API":"/profile"},"timestamp":"2026-10-06 00:45:53,590+0530","service":"FyersAPIRequest","taskName":"Task-39"}
{"level":"DEBUG","location":"[get_call:168] fyersModel","message":{"Status Code":200,"API":"/quotes"},"timestamp":"2026-10-06 00:45:53,623+0530","service":"FyersAPIRequest","taskName":"Task-39"}
{"level":"DEBUG","location":"[get_call:168] fyersModel","message":{"Status Code":200,"API":"/options-chain-v3"},"timestamp":"2026-10-06 00:45:53,656+0530","service":"FyersAPIRequest","taskName":"Task-39"}
{"level":"DEBUG","location":"[get_call:168] fyersModel","message":{"Status Code":200,"API":"/quotes"},"timestamp":"2026-10-06 00:45:53,755+0530","service":"FyersAPIRequest","taskName":"Task-92"}
{"level":"DEBUG","location":"[get_call:168] fyersModel","message":{"Status Code":200,"API":"/options-chain-v3"},"timestamp":"2026-10-06 00:45:53,806+0530","service":"FyersAPIRequest","taskName":"Task-92"}
{"level":"DEBUG","location":"[get_call:168] fyersModel","message":{"Status Code":200,"API":"/quotes"},"timestamp":"2026-10-06 00:45:54,028+0530","service":"FyersAPIRequest","taskName":"Task-96"}
{"level":"DEBUG","location":"[get_call:168] fyersModel","message":{"Status Code":200,"API":"/options-chain-v3"},"timestamp":"2026-10-06 00:45:54,073+0530","service":"FyersAPIRequest","taskName":"Task-96"}
{"level":"DEBUG","location":"[get_call:168] fyersModel","message":{"Status Code":200,"API":"/quotes"},"timestamp":"2026-10-06 00:45:54,170+0530","service":"FyersAPIRequest","taskName":"Task-99"}
{"level":"DEBUG","location":"[get_call:168] fyersModel","message":{"Status Code":200,"API":"/options-chain-v3"},"timestamp":"2026-10-06 00:45:54,205+0530","service":"FyersAPIRequest","taskName":"Task-99"}
{"level":"DEBUG","location":"[get_call:168] fyersModel","message":{"Status Code":200,"API":"/quotes"},"timestamp":"2026-10-06 00:45:54,290+0530","service":"FyersAPIRequest","taskName":"Task-100"}
{"level":"DEBUG","location":"[get_call:168] fyersModel","message":{"Status Code":200,"API":"/options-chain-v3"},"timestamp":"2026-10-06 00:45:54,335+0530","service":"FyersAPIRequest","taskName":"Task-100"}
{"level":"DEBUG","location":"[get_call:168] fyersModel","message":{"Status Code":200,"API":"/quotes"},"timestamp":"2026-10-06 00:45:55,794+0530","service":"FyersAPIRequest","taskName":"Task-39"}
{"level":"DEBUG","location":"[get_call:168] fyersModel","message":{"Status Code":200,"API":"/options-chain-v3"},"timestamp":"2026-10-06 00:45:55,860+0530","service":"FyersAPIRequest","taskName":"Task-39"}
{"level":"DEBUG","location":"[get_call:168] fyersModel","message":{"Status Code":200,"API":"/quotes"},"timestamp":"2026-10-06 00:45:57,376+0530","service":"FyersAPIRequest","taskName":"Task-114"}
{"level":"DEBUG","location":"[get_call:168] fyersModel","message":{"Status Code":200,"API":"/quotes"},"timestamp":"2026-10-06 00:45:57,477+0530","service":"FyersAPIRequest"}
{"level":"DEBUG","location":"[get_call:168] fyersModel","message":{"Status Code":200,"API":"/options-chain-v3"},"timestamp":"2026-10-06 00:45:57,514+0530","service":"FyersAPIRequest"}
{"level":"DEBUG","location":"[get_call:168] fyersModel","message":{"Status Code":200,"API":"/options-chain-v3"},"timestamp":"2026-10-06 00:45:57,839+0530","service":"FyersAPIRequest","taskName":"Task-114"}
{"level":"DEBUG","location":"[get_call:168] fyersModel","message":{"Status Code":200,"API":"/quotes"},"timestamp":"2026-10-06 00:45:57,889+0530","service":"FyersAPIRequest","taskName":"Task-116"}
{"level":"DEBUG","location":"[get_call:168] fyersModel","message":{"Status Code":200,"API":"/options-chain-v3"},"timestamp":"2026-10-06 00:45:57,925+0530","service":"FyersAPIRequest","taskName":"Task-116"}
{"level":"DEBUG","location":"[get_call:168] fyersModel","message":{"Status Code":200,"API":"/quotes"},"timestamp":"2026-10-06 00:45:57,991+0530","service":"FyersAPIRequest","taskName":"Task-118"}
{"level":"DEBUG","location":"[get_call:168] fyersModel","message":{"Status Code":200,"API":"/options-chain-v3"},"timestamp":"2026-10-06 00:45:58,027+0530","service":"FyersAPIRequest","taskName":"Task-118"}
{"level":"DEBUG","location":"[get_call:168] fyersModel","message":{"Status Code":200,"API":"/quotes"},"timestamp":"2026-10-06 00:45:58,077+0530","service":"FyersAPIRequest","taskName":"Task-39"}
{"level":"DEBUG","location":"[get_call:168] fyersModel","message":{"Status Code":200,"API":"/options-chain-v3"},"timestamp":"2026-10-06 00:45:58,110+0530","service":"FyersAPIRequest","taskName":"Task-39"}
{"level":"DEBUG","location":"[get_call:168] fyersModel","message":{"Status Code":200,"API":"/quotes"},"timestamp":"2026-10-06 00:45:58,159+0530","service":"FyersAPIRequest","taskName":"Task-120"}
{"level":"DEBUG","location":"[get_call:168] fyersModel","message":{"Status Code":429,"API":"/options-chain-v3"},"timestamp":"2026-10-06 00:45:58,178+0530","service":"FyersAPIRequest","taskName":"Task-120"}
{"level":"DEBUG","location":"[get_call:168] fyersModel","message":{"Status Code":429,"API":"/quotes"},"timestamp":"2026-10-06 00:45:58,205+0530","service":"FyersAPIRequest","taskName":"Task-122"}
{"level":"DEBUG","location":"[get_call:168] fyersModel","message":{"Status Code":429,"API":"/options-chain-v3"},"timestamp":"2026-10-06 00:45:58,228+0530","service":"FyersAPIRequest","taskName":"Task-122"}
{"level":"DEBUG","location":"[get_call:168] fyersModel","message":{"Status Code":429,"API":"/quotes"},"timestamp":"2026-10-06 00:45:58,260+0530","service":"FyersAPIRequest","taskName":"Task-123"}
{"level":"DEBUG","location":"[get_call:168] fyersModel","message":{"Status Code":429,"API":"/options-chain-v3"},"timestamp":"2026-10-06 00:45:58,282+0530","service":"FyersAPIRequest","taskName":"Task-123"}
{"level":"DEBUG","location":"[get_call:168] fyersModel","message":{"Status Code":429,"API":"/quotes"},"timestamp":"2026-10-06 00:45:58,315+0530","service":"FyersAPIRequest","taskName":"Task-125"}
{"level":"DEBUG","location":"[get_call:168] fyersModel","message":{"Status Code":429,"API":"/options-chain-v3"},"timestamp":"2026-10-06 00:45:58,377+0530","service":"FyersAPIRequest","taskName":"Task-125"}
{"level":"DEBUG","location":"[get_call:168] fyersModel","message":{"Status Code":200,"API":"/quotes"},"timestamp":"2026-10-06 00:45:58,475+0530","service":"FyersAPIRequest","taskName":"Task-126"}
{"level":"DEBUG","location":"[get_call:168] fyersModel","message":{"Status Code":200,"API":"/options-chain-v3"},"timestamp":"2026-10-06 00:45:58,516+0530","service":"FyersAPIRequest","taskName":"Task-126"}
{"level":"DEBUG","location":"[get_call:168] fyersModel","message":{"Status Code":200,"API":"/quotes"},"timestamp":"2026-10-06 00:45:58,599+0530","service":"FyersAPIRequest","taskName":"Task-127"}
{"level":"DEBUG","location":"[get_call:168] fyersModel","message":{"Status Code":200,"API":"/options-chain-v3"},"timestamp":"2026-10-06 00:45:58,664+0530","service":"FyersAPIRequest","taskName":"Task-127"}
{"level":"DEBUG","location":"[get_call:168] fyersModel","message":{"Status Code":200,"API":"/quotes"},"timestamp":"2026-10-06 00:46:00,169+0530","service":"FyersAPIRequest","taskName":"Task-39"}
{"level":"DEBUG","location":"[get_call:168] fyersModel","message":{"Status Code":200,"API":"/options-chain-v3"},"timestamp":"2026-10-06 00:46:00,223+0530","service":"FyersAPIRequest","taskName":"Task-39"}
{"level":"DEBUG","location":"[get_call:168] fyersModel","message":{"Status Code":200,"API":"/quotes"},"timestamp":"2026-10-06 00:46:01,266+0530","service":"FyersAPIRequest","taskName":"Task-128"}
{"level":"DEBUG","location":"[get_call:168] fyersModel","message":{"Status Code":200,"API":"/options-chain-v3"},"timestamp":"2026-10-06 00:46:01,324+0530","service":"FyersAPIRequest","taskName":"Task-128"}
{"level":"DEBUG","location":"[get_call:168] fyersModel","message":{"Status Code":200,"API":"/quotes"},"timestamp":"2026-10-06 00:46:02,355+0530","service":"FyersAPIRequest"}
{"level":"DEBUG","location":"[get_call:168] fyersModel","message":{"Status Code":200,"API":"/options-chain-v3"},"timestamp":"2026-10-06 00:46:02,437+0530","service":"FyersAPIRequest"}
{"level":"DEBUG","location":"[get_call:168] fyersModel","message":{"Status Code":200,"API":"/quotes"},"timestamp":"2026-10-06 00:46:04,308+0530","service":"FyersAPIRequest","taskName":"Task-39"}
{"level":"DEBUG","location":"[get_call:168] fyersModel","message":{"Status Code":200,"API":"/options-chain-v3"},"timestamp":"2026-10-06 00:46:04,409+0530","service":"FyersAPIRequest","taskName":"Task-39"}
{"level":"DEBUG","location":"[get_call:168] fyersModel","message":{"Status Code":200,"API":"/quotes"},"timestamp":"2026-10-06 00:46:06,093+0530","service":"FyersAPIRequest","taskName":"Task-130"}
{"level":"DEBUG","location":"[get_call:168] fyersModel","message":{"Status Code":200,"API":"/options-chain-v3"},"timestamp":"2026-10-06 00:46:06,209+0530","service":"FyersAPIRequest","taskName":"Task-130"}
{"level":"DEBUG","location":"[get_call:168] fyersModel","message":{"Status Code":200,"API":"/quotes"},"timestamp":"2026-10-06 00:46:07,238+0530","service":"FyersAPIRequest","taskName":"Task-132"}
{"level":"DEBUG","location":"[get_call:168] fyersModel","message":{"Status Code":200,"API":"/options-chain-v3"},"timestamp":"2026-10-06 00:46:07,292+0530","service":"FyersAPIRequest","taskName":"Task-132"}
{"level":"DEBUG","location":"[get_call:168] fyersModel","message":{"Status Code":200,"API":"/quotes"},"timestamp":"2026-10-06 00:46:08,905+0530","service":"FyersAPIRequest","taskName":"Task-39"}
{"level":"DEBUG","location":"[get_call:168] fyersModel","message":{"Status Code":200,"API":"/options-chain-v3"},"timestamp":"2026-10-06 00:46:08,976+0530","service":"FyersAPIRequest","taskName":"Task-39"}
{"level":"DEBUG","location":"[get_call:168] fyersModel","message":{"Status Code":200,"API":"/quotes"},"timestamp":"2026-10-06 00:46:09,804+0530","service":"FyersAPIRequest","taskName":"Task-137"}
{"level":"DEBUG","location":"[get_call:168] fyersModel","message":{"Status Code":200,"API":"/options-chain-v3"},"timestamp":"2026-10-06 00:46:09,856+0530","service":"FyersAPIRequest","taskName":"Task-137"}
{"level":"DEBUG","location":"[get_call:168] fyersModel","message":{"Status Code":200,"API":"/profile"},"timestamp":"2026-10-06 00:46:14,124+0530","service":"FyersAPIRequest","taskName":"Task-139"}
{"level":"DEBUG","location":"[get_call:168] fyersModel","message":{"Status Code":200,"API":"/quotes"},"timestamp":"2026-10-06 00:46:14,154+0530","service":"FyersAPIRequest","taskName":"Task-139"}
{"level":"DEBUG","location":"[get_call:168] fyersModel","message":{"Status Code":200,"API":"/options-chain-v3"},"timestamp":"2026-10-06 00:46:14,187+0530","service":"FyersAPIRequest","taskName":"Task-139"}
{"level":"DEBUG","location":"[get_call:168] fyersModel","message":{"Status Code":200,"API":"/quotes"},"timestamp":"2026-10-06 00:46:14,308+0530","service":"FyersAPIRequest","taskName":"Task-143"}
{"level":"DEBUG","location":"[get_call:168] fyersModel","message":{"Status Code":200,"API":"/options-chain-v3"},"timestamp":"2026-10-06 00:46:14,341+0530","service":"FyersAPIRequest","taskName":"Task-143"}
{"level":"DEBUG","location":"[get_call:168] fyersModel","message":{"Status Code":200,"API":"/quotes"},"timestamp":"2026-10-06 00:46:14,434+0530","service":"FyersAPIRequest","taskName":"Task-39"}
{"level":"DEBUG","location":"[get_call:168] fyersModel","message":{"Status Code":200,"API":"/options-chain-v3"},"timestamp":"2026-10-06 00:46:14,469+0530","service":"FyersAPIRequest","taskName":"Task-39"}
{"level":"DEBUG","location":"[get_call:168] fyersModel","message":{"Status Code":200,"API":"/quotes"},"timestamp":"2026-10-06 00:46:14,558+0530","service":"FyersAPIRequest","taskName":"Task-144"}
{"level":"DEBUG","location":"[get_call:168] fyersModel","message":{"Status Code":200,"API":"/options-chain-v3"},"timestamp":"2026-10-06 00:46:14,599+0530","service":"FyersAPIRequest","taskName":"Task-144"}
{"level":"DEBUG","location":"[get_call:168] fyersModel","message":{"Status Code":200,"API":"/quotes"},"timestamp":"2026-10-06 00:46:14,717+0530","service":"FyersAPIRequest","taskName":"Task-148"}
{"level":"DEBUG","location":"[get_call:168] fyersModel","message":{"Status Code":200,"API":"/options-chain-v3"},"timestamp":"2026-10-06 00:46:14,758+0530","service":"FyersAPIRequest","taskName":"Task-148"}
{"level":"DEBUG","location":"[get_call:168] fyersModel","message":{"Status Code":200,"API":"/quotes"},"timestamp":"2026-10-06 00:46:14,902+0530","service":"FyersAPIRequest","taskName":"Task-149"}
{"level":"DEBUG","location":"[get_call:168] fyersModel","message":{"Status Code":429,"API":"/options-chain-v3"},"timestamp":"2026-10-06 00:46:14,929+0530","service":"FyersAPIRequest","taskName":"Task-149"}
{"level":"DEBUG","location":"[get_call:168] fyersModel","message":{"Status Code":429,"API":"/quotes"},"timestamp":"2026-10-06 00:46:15,048+0530","service":"FyersAPIRequest","taskName":"Task-151"}
{"level":"DEBUG","location":"[get_call:168] fyersModel","message":{"Status Code":429,"API":"/options-chain-v3"},"timestamp":"2026-10-06 00:46:15,082+0530","service":"FyersAPIRequest","taskName":"Task-151"}
{"level":"DEBUG","location":"[get_call:168] fyersModel","message":{"Status Code":200,"API":"/quotes"},"timestamp":"2026-10-06 00:46:15,190+0530","service":"FyersAPIRequest","taskName":"Task-152"}
{"level":"DEBUG","location":"[get_call:168] fyersModel","message":{"Status Code":200,"API":"/options-chain-v3"},"timestamp":"2026-10-06 00:46:15,251+0530","service":"FyersAPIRequest","taskName":"Task-152"}
{"level":"DEBUG","location":"[get_call:168] fyersModel","message":{"Status Code":200,"API":"/quotes"},"timestamp":"2026-10-06 00:46:15,620+0530","service":"FyersAPIRequest","taskName":"Task-153"}
{"level":"DEBUG","location":"[get_call:168] fyersModel","message":{"Status Code":200,"API":"/options-chain-v3"},"timestamp":"2026-10-06 00:46:15,659+0530","service":"FyersAPIRequest","taskName":"Task-153"}
{"level":"DEBUG","location":"[get_call:168] fyersModel","message":{"Status Code":200,"API":"/quotes"},"timestamp":"2026-10-06 00:46:15,773+0530","service":"FyersAPIRequest","taskName":"Task-154"}
{"level":"DEBUG","location":"[get_call:168] fyersModel","message":{"Status Code":200,"API":"/options-chain-v3"},"timestamp":"2026-10-06 00:46:15,819+0530","service":"FyersAPIRequest","taskName":"Task-154"}
{"level":"DEBUG","location":"[get_call:168] fyersModel","message":{"Status Code":200,"API":"/quotes"},"timestamp":"2026-10-06 00:46:16,411+0530","service":"FyersAPIRequest","taskName":"Task-157"}
{"level":"DEBUG","location":"[get_call:168] fyersModel","message":{"Status Code":200,"API":"/options-chain-v3"},"timestamp":"2026-10-06 00:46:16,454+0530","service":"FyersAPIRequest","taskName":"Task-157"}
{"level":"DEBUG","location":"[get_call:168] fyersModel","message":{"Status Code":200,"API":"/quotes"},"timestamp":"2026-10-06 00:46:16,574+0530","service":"FyersAPIRequest","taskName":"Task-39"}
{"level":"DEBUG","location":"[get_call:168] fyersModel","message":{"Status Code":200,"API":"/options-chain-v3"},"timestamp":"2026-10-06 00:46:16,620+0530","service":"FyersAPIRequest","taskName":"Task-39"}
{"level":"DEBUG","location":"[get_call:168] fyersModel","message":{"Status Code":200,"API":"/quotes"},"timestamp":"2026-10-06 00:46:16,725+0530","service":"FyersAPIRequest","taskName":"Task-158"}
{"level":"DEBUG","location":"[get_call:168] fyersModel","message":{"Status Code":200,"API":"/options-chain-v3"},"timestamp":"2026-10-06 00:46:16,772+0530","service":"FyersAPIRequest","taskName":"Task-158"}
{"level":"DEBUG","location":"[get_call:168] fyersModel","message":{"Status Code":200,"API":"/profile"},"timestamp":"2026-10-06 00:46:17,846+0530","service":"FyersAPIRequest"}
{"level":"DEBUG","location":"[get_call:168] fyersModel","message":{"Status Code":200,"API":"/quotes"},"timestamp":"2026-10-06 00:46:17,890+0530","service":"FyersAPIRequest"}
{"level":"DEBUG","location":"[get_call:168] fyersModel","message":{"Status Code":200,"API":"/options-chain-v3"},"timestamp":"2026-10-06 00:46:17,941+0530","service":"FyersAPIRequest"}
{"level":"DEBUG","location":"[get_call:168] fyersModel","message":{"Status Code":200,"API":"/quotes"},"timestamp":"2026-10-06 00:46:18,723+0530","service":"FyersAPIRequest","taskName":"Task-39"}
{"level":"DEBUG","location":"[get_call:168] fyersModel","message":{"Status Code":200,"API":"/options-chain-v3"},"timestamp":"2026-10-06 00:46:18,769+0530","service":"FyersAPIRequest","taskName":"Task-39"}
{"level":"DEBUG","location":"[get_call:168] fyersModel","message":{"Status Code":200,"API":"/quotes"},"timestamp":"2026-10-06 00:46:18,888+0530","service":"FyersAPIRequest","taskName":"Task-159"}
{"level":"DEBUG","location":"[get_call:168] fyersModel","message":{"Status Code":200,"API":"/options-chain-v3"},"timestamp":"2026-10-06 00:46:18,923+0530","service":"FyersAPIRequest","taskName":"Task-159"}
{"level":"DEBUG","location":"[get_call:168] fyersModel","message":{"Status Code":200,"API":"/quotes"},"timestamp":"2026-10-06 00:46:20,488+0530","service":"FyersAPIRequest","taskName":"Task-162"}
{"level":"DEBUG","location":"[get_call:168] fyersModel","message":{"Status Code":200,"API":"/options-chain-v3"},"timestamp":"2026-10-06 00:46:20,520+0530","service":"FyersAPIRequest","taskName":"Task-162"}
{"level":"DEBUG","location":"[get_call:168] fyersModel","message":{"Status Code":200,"API":"/quotes"},"timestamp":"2026-10-06 00:46:20,870+0530","service":"FyersAPIRequest","taskName":"Task-39"}
{"level":"DEBUG","location":"[get_call:168] fyersModel","message":{"Status Code":200,"API":"/options-chain-v3"},"timestamp":"2026-10-06 00:46:20,901+0530","service":"FyersAPIRequest","taskName":"Task-39"}
{"level":"DEBUG","location":"[get_call:168] fyersModel","message":{"Status Code":200,"API":"/quotes"},"timestamp":"2026-10-06 00:46:21,053+0530","service":"FyersAPIRequest","taskName":"Task-163"}
{"level":"DEBUG","location":"[get_call:168] fyersModel","message":{"Status Code":200,"API":"/options-chain-v3"},"timestamp":"2026-10-06 00:46:21,088+0530","service":"FyersAPIRequest","taskName":"Task-163"}
{"level":"DEBUG","location":"[get_call:168] fyersModel","message":{"Status Code":200,"API":"/quotes"},"timestamp":"2026-10-06 00:46:22,008+0530","service":"FyersAPIRequest"}
{"level":"DEBUG","location":"[get_call:168] fyersModel","message":{"Status Code":200,"API":"/options-chain-v3"},"timestamp":"2026-10-06 00:46:22,052+0530","service":"FyersAPIRequest"}
{"level":"DEBUG","location":"[get_call:168] fyersModel","message":{"Status Code":200,"API":"/quotes"},"timestamp":"2026-10-06 00:46:23,020+0530","service":"FyersAPIRequest","taskName":"Task-39"}
{"level":"DEBUG","location":"[get_call:168] fyersModel","message":{"Status Code":200,"API":"/options-chain-v3"},"timestamp":"2026-10-06 00:46:23,052+0530","service":"FyersAPIRequest","taskName":"Task-39"}
{"level":"DEBUG","location":"[get_call:168] fyersModel","message":{"Status Code":200,"API":"/quotes"},"timestamp":"2026-10-06 00:46:23,129+0530","service":"FyersAPIRequest","taskName":"Task-164"}
{"level":"DEBUG","location":"[get_call:168] fyersModel","message":{"Status Code":200,"API":"/options-chain-v3"},"timestamp":"2026-10-06 00:46:23,157+0530","service":"FyersAPIRequest","taskName":"Task-164"}
{"level":"DEBUG","location":"[get_call:168] fyersModel","message":{"Status Code":200,"API":"/quotes"},"timestamp":"2026-10-06 00:46:24,436+0530","service":"FyersAPIRequest","taskName":"Task-167"}
{"level":"DEBUG","location":"[get_call:168] fyersModel","message":{"Status Code":200,"API":"/options-chain-v3"},"timestamp":"2026-10-06 00:46:24,470+0530","service":"FyersAPIRequest","taskName":"Task-167"}
{"level":"DEBUG","location":"[get_call:168] fyersModel","message":{"Status Code":200,"API":"/quotes"},"timestamp":"2026-10-06 00:46:25,153+0530","service":"FyersAPIRequest","taskName":"Task-39"}
{"level":"DEBUG","location":"[get_call:168] fyersModel","message":{"Status Code":200,"API":"/options-chain-v3"},"timestamp":"2026-10-06 00:46:25,189+0530","service":"FyersAPIRequest","taskName":"Task-39"}
{"level":"DEBUG","location":"[get_call:168] fyersModel","message":{"Status Code":200,"API":"/quotes"},"timestamp":"2026-10-06 00:46:25,314+0530","service":"FyersAPIRequest","taskName":"Task-168"}
{"level":"DEBUG","location":"[get_call:168] fyersModel","message":{"Status Code":200,"API":"/options-chain-v3"},"timestamp":"2026-10-06 00:46:25,351+0530","service":"FyersAPIRequest","taskName":"Task-168"}
{"level":"DEBUG","location":"[get_call:168] fyersModel","message":{"Status Code":200,"API":"/quotes"},"timestamp":"2026-10-06 00:46:26,120+0530","service":"FyersAPIRequest"}
{"level":"DEBUG","location":"[get_call:168] fyersModel","message":{"Status Code":200,"API":"/options-chain-v3"},"timestamp":"2026-10-06 00:46:26,153+0530","service":"FyersAPIRequest"}
{"level":"DEBUG","location":"[get_call:168] fyersModel","message":{"Status Code":200,"API":"/quotes"},"timestamp":"2026-10-06 00:46:27,305+0530","service":"FyersAPIRequest","taskName":"Task-39"}
{"level":"DEBUG","location":"[get_call:168] fyersModel","message":{"Status Code":200,"API":"/options-chain-v3"},"timestamp":"2026-10-06 00:46:27,340+0530","service":"FyersAPIRequest","taskName":"Task-39"}
{"level":"DEBUG","location":"[get_call:168] fyersModel","message":{"Status Code":200,"API":"/quotes"},"timestamp":"2026-10-06 00:46:27,435+0530","service":"FyersAPIRequest","taskName":"Task-169"}
{"level":"DEBUG","location":"[get_call:168] fyersModel","message":{"Status Code":200,"API":"/options-chain-v3"},"timestamp":"2026-10-06 00:46:27,467+0530","service":"FyersAPIRequest","taskName":"Task-169"}
{"level":"DEBUG","location":"[get_call:168] fyersModel","message":{"Status Code":200,"API":"/quotes"},"timestamp":"2026-10-06 00:46:28,390+0530","service":"FyersAPIRequest","taskName":"Task-172"}
{"level":"DEBUG","location":"[get_call:168] fyersModel","message":{"Status Code":200,"API":"/options-chain-v3"},"timestamp":"2026-10-06 00:46:28,430+0530","service":"FyersAPIRequest","taskName":"Task-172"}
{"level":"DEBUG","location":"[get_call:168] fyersModel","message":{"Status Code":200,"API":"/quotes"},"timestamp":"2026-10-06 00:46:29,437+0530","service":"FyersAPIRequest","taskName":"Task-39"}
{"level":"DEBUG","location":"[get_call:168] fyersModel","message":{"Status Code":200,"API":"/options-chain-v3"},"timestamp":"2026-10-06 00:46:29,473+0530","service":"FyersAPIRequest","taskName":"Task-39"}
{"level":"DEBUG","location":"[get_call:168] fyersModel","message":{"Status Code":200,"API":"/quotes"},"timestamp":"2026-10-06 00:46:29,572+0530","service":"FyersAPIRequest","taskName":"Task-173"}
{"level":"DEBUG","location":"[get_call:168] fyersModel","message":{"Status Code":200,"API":"/options-chain-v3"},"timestamp":"2026-10-06 00:46:29,614+0530","service":"FyersAPIRequest","taskName":"Task-173"}
{"level":"DEBUG","location":"[get_call:168] fyersModel","message":{"Status Code":200,"API":"/quotes"},"timestamp":"2026-10-06 00:46:30,237+0530","service":"FyersAPIRequest"}
{"level":"DEBUG","location":"[get_call:168] fyersModel","message":{"Status Code":200,"API":"/options-chain-v3"},"timestamp":"2026-10-06 00:46:30,281+0530","service":"FyersAPIRequest"}
{"level":"DEBUG","location":"[get_call:168] fyersModel","message":{"Status Code":200,"API":"/quotes"},"timestamp":"2026-10-06 00:46:31,618+0530","service":"FyersAPIRequest","taskName":"Task-39"}
{"level":"DEBUG","location":"[get_call:168] fyersModel","message":{"Status Code":200,"API":"/options-chain-v3"},"timestamp":"2026-10-06 00:46:31,681+0530","service":"FyersAPIRequest","taskName":"Task-39"}
{"level":"DEBUG","location":"[get_call:168] fyersModel","message":{"Status Code":200,"API":"/quotes"},"timestamp":"2026-10-06 00:46:31,818+0530","service":"FyersAPIRequest","taskName":"Task-174"}
{"level":"DEBUG","location":"[get_call:168] fyersModel","message":{"Status Code":200,"API":"/options-chain-v3"},"timestamp":"2026-10-06 00:46:31,884+0530","service":"FyersAPIRequest","taskName":"Task-174"}
{"level":"DEBUG","location":"[get_call:168] fyersModel","message":{"Status Code":200,"API":"/quotes"},"timestamp":"2026-10-06 00:46:32,401+0530","service":"FyersAPIRequest","taskName":"Task-177"}
{"level":"DEBUG","location":"[get_call:168] fyersModel","message":{"Status Code":200,"API":"/options-chain-v3"},"timestamp":"2026-10-06 00:46:32,438+0530","service":"FyersAPIRequest","taskName":"Task-177"}
{"level":"DEBUG","location":"[get_call:168] fyersModel","message":{"Status Code":200,"API":"/quotes"},"timestamp":"2026-10-06 00:46:34,088+0530","service":"FyersAPIRequest","taskName":"Task-39"}
{"level":"DEBUG","location":"[get_call:168] fyersModel","message":{"Status Code":200,"API":"/options-chain-v3"},"timestamp":"2026-10-06 00:46:34,149+0530","service":"FyersAPIRequest","taskName":"Task-39"}
{"level":"DEBUG","location":"[get_call:168] fyersModel","message":{"Status Code":200,"API":"/quotes"},"timestamp":"2026-10-06 00:46:34,254+0530","service":"FyersAPIRequest","taskName":"Task-178"}
{"level":"DEBUG","location":"[get_call:168] fyersModel","message":{"Status Code":200,"API":"/options-chain-v3"},"timestamp":"2026-10-06 00:46:34,296+0530","service":"FyersAPIRequest","taskName":"Task-178"}
{"level":"DEBUG","location":"[get_call:168] fyersModel","message":{"Status Code":200,"API":"/quotes"},"timestamp":"2026-10-06 00:46:34,407+0530","service":"FyersAPIRequest"}
{"level":"DEBUG","location":"[get_call:168] fyersModel","message":{"Status Code":200,"API":"/options-chain-v3"},"timestamp":"2026-10-06 00:46:34,439+0530","service":"FyersAPIRequest"}
{"level":"DEBUG","location":"[get_call:168] fyersModel","message":{"Status Code":200,"API":"/quotes"},"timestamp":"2026-10-06 00:46:36,239+0530","service":"FyersAPIRequest","taskName":"Task-39"}
{"level":"DEBUG","location":"[get_call:168] fyersModel","message":{"Status Code":200,"API":"/options-chain-v3"},"timestamp":"2026-10-06 00:46:36,278+0530","service":"FyersAPIRequest","taskName":"Task-39"}
{"level":"DEBUG","location":"[get_call:168] fyersModel","message":{"Status Code":200,"API":"/quotes"},"timestamp":"2026-10-06 00:46:36,369+0530","service":"FyersAPIRequest","taskName":"Task-181"}
{"level":"DEBUG","location":"[get_call:168] fyersModel","message":{"Status Code":200,"API":"/options-chain-v3"},"timestamp":"2026-10-06 00:46:36,405+0530","service":"FyersAPIRequest","taskName":"Task-181"}
{"level":"DEBUG","location":"[get_call:168] fyersModel","message":{"Status Code":200,"API":"/quotes"},"timestamp":"2026-10-06 00:46:36,706+0530","service":"FyersAPIRequest","taskName":"Task-183"}
{"level":"DEBUG","location":"[get_call:168] fyersModel","message":{"Status Code":200,"API":"/options-chain-v3"},"timestamp":"2026-10-06 00:46:36,750+0530","service":"FyersAPIRequest","taskName":"Task-183"}
{"level":"DEBUG","location":"[get_call:168] fyersModel","message":{"Status Code":200,"API":"/quotes"},"timestamp":"2026-10-06 00:46:38,352+0530","service":"FyersAPIRequest","taskName":"Task-39"}
{"level":"DEBUG","location":"[get_call:168] fyersModel","message":{"Status Code":200,"API":"/options-chain-v3"},"timestamp":"2026-10-06 00:46:38,386+0530","service":"FyersAPIRequest","taskName":"Task-39"}
{"level":"DEBUG","location":"[get_call:168] fyersModel","message":{"Status Code":200,"API":"/quotes"},"timestamp":"2026-10-06 00:46:38,464+0530","service":"FyersAPIRequest","taskName":"Task-184"}
{"level":"DEBUG","location":"[get_call:168] fyersModel","message":{"Status Code":200,"API":"/options-chain-v3"},"timestamp":"2026-10-06 00:46:38,498+0530","service":"FyersAPIRequest","taskName":"Task-184"}
{"level":"DEBUG","location":"[get_call:168] fyersModel","message":{"Status Code":200,"API":"/quotes"},"timestamp":"2026-10-06 00:46:40,452+0530","service":"FyersAPIRequest","taskName":"Task-187"}
{"level":"DEBUG","location":"[get_call:168] fyersModel","message":{"Status Code":200,"API":"/options-chain-v3"},"timestamp":"2026-10-06 00:46:40,488+0530","service":"FyersAPIRequest","taskName":"Task-187"}
{"level":"DEBUG","location":"[get_call:168] fyersModel","message":{"Status Code":200,"API":"/quotes"},"timestamp":"2026-10-06 00:46:40,572+0530","service":"FyersAPIRequest","taskName":"Task-39"}
{"level":"DEBUG","location":"[get_call:168] fyersModel","message":{"Status Code":200,"API":"/options-chain-v3"},"timestamp":"2026-10-06 00:46:40,617+0530","service":"FyersAPIRequest","taskName":"Task-39"}
{"level":"DEBUG","location":"[get_call:168] fyersModel","message":{"Status Code":200,"API":"/quotes"},"timestamp":"2026-10-06 00:46:40,731+0530","service":"FyersAPIRequest","taskName":"Task-188"}
{"level":"DEBUG","location":"[get_call:168] fyersModel","message":{"Status Code":200,"API":"/options-chain-v3"},"timestamp":"2026-10-06 00:46:40,769+0530","service":"FyersAPIRequest","taskName":"Task-188"}
{"level":"DEBUG","location":"[get_call:168] fyersModel","message":{"Status Code":200,"API":"/quotes"},"timestamp":"2026-10-06 00:46:40,769+0530","service":"FyersAPIRequest"}
{"level":"DEBUG","location":"[get_call:168] fyersModel","message":{"Status Code":200,"API":"/options-chain-v3"},"timestamp":"2026-10-06 00:46:40,878+0530","service":"FyersAPIRequest"}
{"level":"DEBUG","location":"[get_call:168] fyersModel","message":{"Status Code":200,"API":"/quotes"},"timestamp":"2026-10-06 00:46:42,734+0530","service":"FyersAPIRequest","taskName":"Task-39"}
{"level":"DEBUG","location":"[get_call:168] fyersModel","message":{"Status Code":200,"API":"/options-chain-v3"},"timestamp":"2026-10-06 00:46:42,769+0530","service":"FyersAPIRequest","taskName":"Task-39"}
{"level":"DEBUG","location":"[get_call:168] fyersModel","message":{"Status Code":200,"API":"/profile"},"timestamp":"2026-10-06 00:46:46,822+0530","service":"FyersAPIRequest","taskName":"Task-190"}
{"level":"DEBUG","location":"[get_call:168] fyersModel","message":{"Status Code":200,"API":"/quotes"},"timestamp":"2026-10-06 00:46:46,846+0530","service":"FyersAPIRequest","taskName":"Task-190"}
{"level":"DEBUG","location":"[get_call:168] fyersModel","message":{"Status Code":200,"API":"/options-chain-v3"},"timestamp":"2026-10-06 00:46:46,886+0530","service":"FyersAPIRequest","taskName":"Task-190"}
{"level":"DEBUG","location":"[get_call:168] fyersModel","message":{"Status Code":200,"API":"/quotes"},"timestamp":"2026-10-06 00:46:46,955+0530","service":"FyersAPIRequest","taskName":"Task-39"}
{"level":"DEBUG","location":"[get_call:168] fyersModel","message":{"Status Code":200,"API":"/options-chain-v3"},"timestamp":"2026-10-06 00:46:46,998+0530","service":"FyersAPIRequest","taskName":"Task-39"}
{"level":"DEBUG","location":"[get_call:168] fyersModel","message":{"Status Code":200,"API":"/profile"},"timestamp":"2026-10-06 00:46:47,051+0530","service":"FyersAPIRequest"}
{"level":"DEBUG","location":"[get_call:168] fyersModel","message":{"Status Code":200,"API":"/quotes"},"timestamp":"2026-10-06 00:46:47,122+0530","service":"FyersAPIRequest"}
{"level":"DEBUG","location":"[get_call:168] fyersModel","message":{"Status Code":200,"API":"/options-chain-v3"},"timestamp":"2026-10-06 00:46:47,216+0530","service":"FyersAPIRequest"}
{"level":"DEBUG","location":"[get_call:168] fyersModel","message":{"Status Code":200,"API":"/quotes"},"timestamp":"2026-10-06 00:46:47,348+0530","service":"FyersAPIRequest","taskName":"Task-196"}
{"level":"DEBUG","location":"[get_call:168] fyersModel","message":{"Status Code":200,"API":"/options-chain-v3"},"timestamp":"2026-10-06 00:46:47,394+0530","service":"FyersAPIRequest","taskName":"Task-196"}
{"level":"DEBUG","location":"[get_call:168] fyersModel","message":{"Status Code":200,"API":"/quotes"},"timestamp":"2026-10-06 00:46:48,376+0530","service":"FyersAPIRequest","taskName":"Task-199"}
{"level":"DEBUG","location":"[get_call:168] fyersModel","message":{"Status Code":200,"API":"/options-chain-v3"},"timestamp":"2026-10-06 00:46:48,439+0530","service":"FyersAPIRequest","taskName":"Task-199"}
{"level":"DEBUG","location":"[get_call:168] fyersModel","message":{"Status Code":200,"API":"/quotes"},"timestamp":"2026-10-06 00:46:49,233+0530","service":"FyersAPIRequest","taskName":"Task-39"}
{"level":"DEBUG","location":"[get_call:168] fyersModel","message":{"Status Code":200,"API":"/options-chain-v3"},"timestamp":"2026-10-06 00:46:49,282+0530","service":"FyersAPIRequest","taskName":"Task-39"}
{"level":"DEBUG","location":"[get_call:168] fyersModel","message":{"Status Code":200,"API":"/quotes"},"timestamp":"2026-10-06 00:46:51,291+0530","service":"FyersAPIRequest"}
{"level":"DEBUG","location":"[get_call:168] fyersModel","message":{"Status Code":200,"API":"/options-chain-v3"},"timestamp":"2026-10-06 00:46:51,332+0530","service":"FyersAPIRequest"}
{"level":"DEBUG","location":"[get_call:168] fyersModel","message":{"Status Code":200,"API":"/quotes"},"timestamp":"2026-10-06 00:46:51,402+0530","service":"FyersAPIRequest","taskName":"Task-39"}
{"level":"DEBUG","location":"[get_call:168] fyersModel","message":{"Status Code":200,"API":"/options-chain-v3"},"timestamp":"2026-10-06 00:46:51,451+0530","service":"FyersAPIRequest","taskName":"Task-39"}
{"level":"DEBUG","location":"[get_call:168] fyersModel","message":{"Status Code":200,"API":"/quotes"},"timestamp":"2026-10-06 00:46:52,429+0530","service":"FyersAPIRequest","taskName":"Task-202"}
{"level":"DEBUG","location":"[get_call:168] fyersModel","message":{"Status Code":200,"API":"/options-chain-v3"},"timestamp":"2026-10-06 00:46:52,464+0530","service":"FyersAPIRequest","taskName":"Task-202"}
{"level":"DEBUG","location":"[get_call:168] fyersModel","message":{"Status Code":200,"API":"/quotes"},"timestamp":"2026-10-06 00:46:53,561+0530","service":"FyersAPIRequest","taskName":"Task-39"}
{"level":"DEBUG","location":"[get_call:168] fyersModel","message":{"Status Code":200,"API":"/options-chain-v3"},"timestamp":"2026-10-06 00:46:53,595+0530","service":"FyersAPIRequest","taskName":"Task-39"}
{"level":"DEBUG","location":"[get_call:168] fyersModel","message":{"Status Code":200,"API":"/quotes"},"timestamp":"2026-10-06 00:46:55,398+0530","service":"FyersAPIRequest"}
{"level":"DEBUG","location":"[get_call:168] fyersModel","message":{"Status Code":200,"API":"/options-chain-v3"},"timestamp":"2026-10-06 00:46:55,434+0530","service":"FyersAPIRequest"}
{"level":"DEBUG","location":"[get_call:168] fyersModel","message":{"Status Code":200,"API":"/quotes"},"timestamp":"2026-10-06 00:46:55,669+0530","service":"FyersAPIRequest","taskName":"Task-39"}
{"level":"DEBUG","location":"[get_call:168] fyersModel","message":{"Status Code":200,"API":"/options-chain-v3"},"timestamp":"2026-10-06 00:46:55,716+0530","service":"FyersAPIRequest","taskName":"Task-39"}
{"level":"DEBUG","location":"[get_call:168] fyersModel","message":{"Status Code":200,"API":"/quotes"},"timestamp":"2026-10-06 00:46:56,630+0530","service":"FyersAPIRequest","taskName":"Task-205"}
{"level":"DEBUG","location":"[get_call:168] fyersModel","message":{"Status Code":200,"API":"/options-chain-v3"},"timestamp":"2026-10-06 00:46:56,676+0530","service":"FyersAPIRequest","taskName":"Task-205"}
{"level":"DEBUG","location":"[get_call:168] fyersModel","message":{"Status Code":200,"API":"/quotes"},"timestamp":"2026-10-06 00:46:57,812+0530","service":"FyersAPIRequest","taskName":"Task-39"}
{"level":"DEBUG","location":"[get_call:168] fyersModel","message":{"Status Code":200,"API":"/options-chain-v3"},"timestamp":"2026-10-06 00:46:57,845+0530","service":"FyersAPIRequest","taskName":"Task-39"}
{"level":"DEBUG","location":"[get_call:168] fyersModel","message":{"Status Code":200,"API":"/quotes"},"timestamp":"2026-10-06 00:46:59,691+0530","service":"FyersAPIRequest"}
{"level":"DEBUG","location":"[get_call:168] fyersModel","message":{"Status Code":200,"API":"/options-chain-v3"},"timestamp":"2026-10-06 00:46:59,729+0530","service":"FyersAPIRequest"}
{"level":"DEBUG","location":"[get_call:168] fyersModel","message":{"Status Code":200,"API":"/quotes"},"timestamp":"2026-10-06 00:46:59,936+0530","service":"FyersAPIRequest","taskName":"Task-39"}
{"level":"DEBUG","location":"[get_call:168] fyersModel","message":{"Status Code":200,"API":"/options-chain-v3"},"timestamp":"2026-10-06 00:46:59,982+0530","service":"FyersAPIRequest","taskName":"Task-39"}
{"level":"DEBUG","location":"[get_call:168] fyersModel","message":{"Status Code":200,"API":"/quotes"},"timestamp":"2026-10-06 00:47:01,086+0530","service":"FyersAPIRequest","taskName":"Task-208"}
{"level":"DEBUG","location":"[get_call:168] fyersModel","message":{"Status Code":200,"API":"/options-chain-v3"},"timestamp":"2026-10-06 00:47:01,132+0530","service":"FyersAPIRequest","taskName":"Task-208"}
{"level":"DEBUG","location":"[get_call:168] fyersModel","message":{"Status Code":200,"API":"/quotes"},"timestamp":"2026-10-06 00:47:02,068+0530","service":"FyersAPIRequest","taskName":"Task-39"}
{"level":"DEBUG","location":"[get_call:168] fyersModel","message":{"Status Code":200,"API":"/options-chain-v3"},"timestamp":"2026-10-06 00:47:02,109+0530","service":"FyersAPIRequest","taskName":"Task-39"}
{"level":"DEBUG","location":"[get_call:168] fyersModel","message":{"Status Code":200,"API":"/quotes"},"timestamp":"2026-10-06 00:47:03,784+0530","service":"FyersAPIRequest"}
{"level":"DEBUG","location":"[get_call:168] fyersModel","message":{"Status Code":200,"API":"/options-chain-v3"},"timestamp":"2026-10-06 00:47:03,829+0530","service":"FyersAPIRequest"}
{"level":"DEBUG","location":"[get_call:168] fyersModel","message":{"Status Code":200,"API":"/quotes"},"timestamp":"2026-10-06 00:47:04,200+0530","service":"FyersAPIRequest","taskName":"Task-39"}
{"level":"DEBUG","location":"[get_call:168] fyersModel","message":{"Status Code":200,"API":"/options-chain-v3"},"timestamp":"2026-10-06 00:47:04,233+0530","service":"FyersAPIRequest","taskName":"Task-39"}
{"level":"DEBUG","location":"[get_call:168] fyersModel","message":{"Status Code":200,"API":"/quotes"},"timestamp":"2026-10-06 00:47:04,538+0530","service":"FyersAPIRequest","taskName":"Task-211"}
{"level":"DEBUG","location":"[get_call:168] fyersModel","message":{"Status Code":200,"API":"/options-chain-v3"},"timestamp":"2026-10-06 00:47:04,600+0530","service":"FyersAPIRequest","taskName":"Task-211"}
{"level":"DEBUG","location":"[get_call:168] fyersModel","message":{"Status Code":200,"API":"/quotes"},"timestamp":"2026-10-06 00:47:06,299+0530","service":"FyersAPIRequest","taskName":"Task-39"}
{"level":"DEBUG","location":"[get_call:168] fyersModel","message":{"Status Code":200,"API":"/options-chain-v3"},"timestamp":"2026-10-06 00:47:06,340+0530","service":"FyersAPIRequest","taskName":"Task-39"}
{"level":"DEBUG","location":"[get_call:168] fyersModel","message":{"Status Code":200,"API":"/quotes"},"timestamp":"2026-10-06 00:47:08,019+0530","service":"FyersAPIRequest"}
{"level":"DEBUG","location":"[get_call:168] fyersModel","message":{"Status Code":200,"API":"/options-chain-v3"},"timestamp":"2026-10-06 00:47:08,052+0530","service":"FyersAPIRequest"}
{"level":"DEBUG","location":"[get_call:168] fyersModel","message":{"Status Code":200,"API":"/quotes"},"timestamp":"2026-10-06 00:47:08,402+0530","service":"FyersAPIRequest","taskName":"Task-39"}
{"level":"DEBUG","location":"[get_call:168] fyersModel","message":{"Status Code":200,"API":"/options-chain-v3"},"timestamp":"2026-10-06 00:47:08,438+0530","service":"FyersAPIRequest","taskName":"Task-39"}
{"level":"DEBUG","location":"[get_call:168] fyersModel","message":{"Status Code":200,"API":"/quotes"},"timestamp":"2026-10-06 00:47:08,610+0530","service":"FyersAPIRequest","taskName":"Task-214"}
{"level":"DEBUG","location":"[get_call:168] fyersModel","message":{"Status Code":200,"API":"/options-chain-v3"},"timestamp":"2026-10-06 00:47:08,644+0530","service":"FyersAPIRequest","taskName":"Task-214"}
{"level":"DEBUG","location":"[get_call:168] fyersModel","message":{"Status Code":200,"API":"/quotes"},"timestamp":"2026-10-06 00:47:10,520+0530","service":"FyersAPIRequest","taskName":"Task-39"}
{"level":"DEBUG","location":"[get_call:168] fyersModel","message":{"Status Code":200,"API":"/options-chain-v3"},"timestamp":"2026-10-06 00:47:10,561+0530","service":"FyersAPIRequest","taskName":"Task-39"}
{"level":"DEBUG","location":"[get_call:168] fyersModel","message":{"Status Code":200,"API":"/quotes"},"timestamp":"2026-10-06 00:47:12,106+0530","service":"FyersAPIRequest"}
{"level":"DEBUG","location":"[get_call:168] fyersModel","message":{"Status Code":200,"API":"/options-chain-v3"},"timestamp":"2026-10-06 00:47:12,141+0530","service":"FyersAPIRequest"}
{"level":"DEBUG","location":"[get_call:168] fyersModel","message":{"Status Code":200,"API":"/quotes"},"timestamp":"2026-10-06 00:47:12,422+0530","service":"FyersAPIRequest","taskName":"Task-217"}
{"level":"DEBUG","location":"[get_call:168] fyersModel","message":{"Status Code":200,"API":"/options-chain-v3"},"timestamp":"2026-10-06 00:47:12,458+0530","service":"FyersAPIRequest","taskName":"Task-217"}
{"level":"DEBUG","location":"[get_call:168] fyersModel","message":{"Status Code":200,"API":"/quotes"},"timestamp":"2026-10-06 00:47:12,646+0530","service":"FyersAPIRequest","taskName":"Task-39"}
{"level":"DEBUG","location":"[get_call:168] fyersModel","message":{"Status Code":200,"API":"/options-chain-v3"},"timestamp":"2026-10-06 00:47:12,685+0530","service":"FyersAPIRequest","taskName":"Task-39"}
{"level":"DEBUG","location":"[get_call:168] fyersModel","message":{"Status Code":200,"API":"/quotes"},"timestamp":"2026-10-06 00:47:14,761+0530","service":"FyersAPIRequest","taskName":"Task-39"}
{"level":"DEBUG","location":"[get_call:168] fyersModel","message":{"Status Code":200,"API":"/options-chain-v3"},"timestamp":"2026-10-06 00:47:14,796+0530","service":"FyersAPIRequest","taskName":"Task-39"}
{"level":"DEBUG","location":"[get_call:168] fyersModel","message":{"Status Code":200,"API":"/profile"},"timestamp":"2026-10-06 00:47:17,038+0530","service":"FyersAPIRequest"}
{"level":"DEBUG","location":"[get_call:168] fyersModel","message":{"Status Code":200,"API":"/quotes"},"timestamp":"2026-10-06 00:47:17,070+0530","service":"FyersAPIRequest"}
{"level":"DEBUG","location":"[get_call:168] fyersModel","message":{"Status Code":200,"API":"/options-chain-v3"},"timestamp":"2026-10-06 00:47:17,120+0530","service":"FyersAPIRequest"}
{"level":"DEBUG","location":"[get_call:168] fyersModel","message":{"Status Code":200,"API":"/profile"},"timestamp":"2026-10-06 00:47:17,476+0530","service":"FyersAPIRequest","taskName":"Task-218"}
{"level":"DEBUG","location":"[get_call:168] fyersModel","message":{"Status Code":200,"API":"/quotes"},"timestamp":"2026-10-06 00:47:17,520+0530","service":"FyersAPIRequest","taskName":"Task-39"}
{"level":"DEBUG","location":"[get_call:168] fyersModel","message":{"Status Code":200,"API":"/options-chain-v3"},"timestamp":"2026-10-06 00:47:17,573+0530","service":"FyersAPIRequest","taskName":"Task-39"}
{"level":"DEBUG","location":"[get_call:168] fyersModel","message":{"Status Code":200,"API":"/quotes"},"timestamp":"2026-10-06 00:47:17,639+0530","service":"FyersAPIRequest","taskName":"Task-220"}
{"level":"DEBUG","location":"[get_call:168] fyersModel","message":{"Status Code":200,"API":"/options-chain-v3"},"timestamp":"2026-10-06 00:47:17,669+0530","service":"FyersAPIRequest","taskName":"Task-220"}
{"level":"DEBUG","location":"[get_call:168] fyersModel","message":{"Status Code":200,"API":"/quotes"},"timestamp":"2026-10-06 00:47:19,647+0530","service":"FyersAPIRequest","taskName":"Task-39"}
{"level":"DEBUG","location":"[get_call:168] fyersModel","message":{"Status Code":200,"API":"/options-chain-v3"},"timestamp":"2026-10-06 00:47:19,682+0530","service":"FyersAPIRequest","taskName":"Task-39"}
{"level":"DEBUG","location":"[get_call:168] fyersModel","message":{"Status Code":200,"API":"/quotes"},"timestamp":"2026-10-06 00:47:20,419+0530","service":"FyersAPIRequest","taskName":"Task-223"}
{"level":"DEBUG","location":"[get_call:168] fyersModel","message":{"Status Code":200,"API":"/options-chain-v3"},"timestamp":"2026-10-06 00:47:20,455+0530","service":"FyersAPIRequest","taskName":"Task-223"}
{"level":"DEBUG","location":"[get_call:168] fyersModel","message":{"Status Code":200,"API":"/quotes"},"timestamp":"2026-10-06 00:47:21,170+0530","service":"FyersAPIRequest"}
{"level":"DEBUG","location":"[get_call:168] fyersModel","message":{"Status Code":200,"API":"/options-chain-v3"},"timestamp":"2026-10-06 00:47:21,202+0530","service":"FyersAPIRequest"}
{"level":"DEBUG","location":"[get_call:168] fyersModel","message":{"Status Code":200,"API":"/quotes"},"timestamp":"2026-10-06 00:47:21,706+0530","service":"FyersAPIRequest","taskName":"Task-39"}
{"level":"DEBUG","location":"[get_call:168] fyersModel","message":{"Status Code":200,"API":"/options-chain-v3"},"timestamp":"2026-10-06 00:47:22,040+0530","service":"FyersAPIRequest","taskName":"Task-39"}
{"level":"DEBUG","location":"[get_call:168] fyersModel","message":{"Status Code":200,"API":"/quotes"},"timestamp":"2026-10-06 00:47:24,080+0530","service":"FyersAPIRequest","taskName":"Task-39"}
{"level":"DEBUG","location":"[get_call:168] fyersModel","message":{"Status Code":200,"API":"/options-chain-v3"},"timestamp":"2026-10-06 00:47:24,111+0530","service":"FyersAPIRequest","taskName":"Task-39"}
{"level":"DEBUG","location":"[get_call:168] fyersModel","message":{"Status Code":200,"API":"/quotes"},"timestamp":"2026-10-06 00:47:24,429+0530","service":"FyersAPIRequest","taskName":"Task-226"}
{"level":"DEBUG","location":"[get_call:168] fyersModel","message":{"Status Code":200,"API":"/options-chain-v3"},"timestamp":"2026-10-06 00:47:24,465+0530","service":"FyersAPIRequest","taskName":"Task-226"}
{"level":"DEBUG","location":"[get_call:168] fyersModel","message":{"Status Code":200,"API":"/quotes"},"timestamp":"2026-10-06 00:47:25,242+0530","service":"FyersAPIRequest"}
{"level":"DEBUG","location":"[get_call:168] fyersModel","message":{"Status Code":200,"API":"/options-chain-v3"},"timestamp":"2026-10-06 00:47:25,290+0530","service":"FyersAPIRequest"}
{"level":"DEBUG","location":"[get_call:168] fyersModel","message":{"Status Code":200,"API":"/quotes"},"timestamp":"2026-10-06 00:47:26,169+0530","service":"FyersAPIRequest","taskName":"Task-39"}
{"level":"DEBUG","location":"[get_call:168] fyersModel","message":{"Status Code":200,"API":"/options-chain-v3"},"timestamp":"2026-10-06 00:47:26,205+0530","service":"FyersAPIRequest","taskName":"Task-39"}
{"level":"DEBUG","location":"[get_call:168] fyersModel","message":{"Status Code":200,"API":"/quotes"},"timestamp":"2026-10-06 00:47:28,257+0530","service":"FyersAPIRequest","taskName":"Task-39"}
{"level":"DEBUG","location":"[get_call:168] fyersModel","message":{"Status Code":200,"API":"/options-chain-v3"},"timestamp":"2026-10-06 00:47:28,289+0530","service":"FyersAPIRequest","taskName":"Task-39"}
{"level":"DEBUG","location":"[get_call:168] fyersModel","message":{"Status Code":200,"API":"/quotes"},"timestamp":"2026-10-06 00:47:28,433+0530","service":"FyersAPIRequest","taskName":"Task-229"}
{"level":"DEBUG","location":"[get_call:168] fyersModel","message":{"Status Code":200,"API":"/options-chain-v3"},"timestamp":"2026-10-06 00:47:28,790+0530","service":"FyersAPIRequest","taskName":"Task-229"}
{"level":"DEBUG","location":"[get_call:168] fyersModel","message":{"Status Code":200,"API":"/quotes"},"timestamp":"2026-10-06 00:47:29,326+0530","service":"FyersAPIRequest"}
{"level":"DEBUG","location":"[get_call:168] fyersModel","message":{"Status Code":200,"API":"/options-chain-v3"},"timestamp":"2026-10-06 00:47:29,360+0530","service":"FyersAPIRequest"}
{"level":"DEBUG","location":"[get_call:168] fyersModel","message":{"Status Code":200,"API":"/quotes"},"timestamp":"2026-10-06 00:47:30,323+0530","service":"FyersAPIRequest","taskName":"Task-39"}
{"level":"DEBUG","location":"[get_call:168] fyersModel","message":{"Status Code":200,"API":"/options-chain-v3"},"timestamp":"2026-10-06 00:47:30,355+0530","service":"FyersAPIRequest","taskName":"Task-39"}
{"level":"DEBUG","location":"[get_call:168] fyersModel","message":{"Status Code":200,"API":"/quotes"},"timestamp":"2026-10-06 00:47:32,367+0530","service":"FyersAPIRequest","taskName":"Task-232"}
{"level":"DEBUG","location":"[get_call:168] fyersModel","message":{"Status Code":200,"API":"/options-chain-v3"},"timestamp":"2026-10-06 00:47:32,410+0530","service":"FyersAPIRequest","taskName":"Task-232"}
{"level":"DEBUG","location":"[get_call:168] fyersModel","message":{"Status Code":200,"API":"/quotes"},"timestamp":"2026-10-06 00:47:32,514+0530","service":"FyersAPIRequest","taskName":"Task-39"}
{"level":"DEBUG","location":"[get_call:168] fyersModel","message":{"Status Code":200,"API":"/options-chain-v3"},"timestamp":"2026-10-06 00:47:32,597+0530","service":"FyersAPIRequest","taskName":"Task-39"}
{"level":"DEBUG","location":"[get_call:168] fyersModel","message":{"Status Code":200,"API":"/quotes"},"timestamp":"2026-10-06 00:47:33,452+0530","service":"FyersAPIRequest"}
{"level":"DEBUG","location":"[get_call:168] fyersModel","message":{"Status Code":200,"API":"/options-chain-v3"},"timestamp":"2026-10-06 00:47:33,512+0530","service":"FyersAPIRequest"}
{"level":"DEBUG","location":"[get_call:168] fyersModel","message":{"Status Code":200,"API":"/quotes"},"timestamp":"2026-10-06 00:47:34,777+0530","service":"FyersAPIRequest","taskName":"Task-39"}
{"level":"DEBUG","location":"[get_call:168] fyersModel","message":{"Status Code":200,"API":"/options-chain-v3"},"timestamp":"2026-10-06 00:47:34,812+0530","service":"FyersAPIRequest","taskName":"Task-39"}
{"level":"DEBUG","location":"[get_call:168] fyersModel","message":{"Status Code":200,"API":"/quotes"},"timestamp":"2026-10-06 00:47:36,451+0530","service":"FyersAPIRequest","taskName":"Task-235"}
{"level":"DEBUG","location":"[get_call:168] fyersModel","message":{"Status Code":200,"API":"/options-chain-v3"},"timestamp":"2026-10-06 00:47:36,488+0530","service":"FyersAPIRequest","taskName":"Task-235"}
{"level":"DEBUG","location":"[get_call:168] fyersModel","message":{"Status Code":200,"API":"/quotes"},"timestamp":"2026-10-06 00:47:36,927+0530","service":"FyersAPIRequest","taskName":"Task-39"}
{"level":"DEBUG","location":"[get_call:168] fyersModel","message":{"Status Code":200,"API":"/options-chain-v3"},"timestamp":"2026-10-06 00:47:36,959+0530","service":"FyersAPIRequest","taskName":"Task-39"}
{"level":"DEBUG","location":"[get_call:168] fyersModel","message":{"Status Code":200,"API":"/quotes"},"timestamp":"2026-10-06 00:47:37,705+0530","service":"FyersAPIRequest"}
{"level":"DEBUG","location":"[get_call:168] fyersModel","message":{"Status Code":200,"API":"/options-chain-v3"},"timestamp":"2026-10-06 00:47:37,740+0530","service":"FyersAPIRequest"}
{"level":"DEBUG","location":"[get_call:168] fyersModel","message":{"Status Code":200,"API":"/quotes"},"timestamp":"2026-10-06 00:47:39,014+0530","service":"FyersAPIRequest","taskName":"Task-39"}
{"level":"DEBUG","location":"[get_call:168] fyersModel","message":{"Status Code":200,"API":"/options-chain-v3"},"timestamp":"2026-10-06 00:47:39,048+0530","service":"FyersAPIRequest","taskName":"Task-39"}
{"level":"DEBUG","location":"[get_call:168] fyersModel","message":{"Status Code":200,"API":"/quotes"},"timestamp":"2026-10-06 00:47:40,458+0530","service":"FyersAPIRequest","taskName":"Task-238"}
{"level":"DEBUG","location":"[get_call:168] fyersModel","message":{"Status Code":200,"API":"/options-chain-v3"},"timestamp":"2026-10-06 00:47:40,498+0530","service":"FyersAPIRequest","taskName":"Task-238"}
{"level":"DEBUG","location":"[get_call:168] fyersModel","message":{"Status Code":200,"API":"/quotes"},"timestamp":"2026-10-06 00:47:41,094+0530","service":"FyersAPIRequest","taskName":"Task-39"}
{"level":"DEBUG","location":"[get_call:168] fyersModel","message":{"Status Code":200,"API":"/options-chain-v3"},"timestamp":"2026-10-06 00:47:41,126+0530","service":"FyersAPIRequest","taskName":"Task-39"}
{"level":"DEBUG","location":"[get_call:168] fyersModel","message":{"Status Code":200,"API":"/quotes"},"timestamp":"2026-10-06 00:47:41,789+0530","service":"FyersAPIRequest"}
{"level":"DEBUG","location":"[get_call:168] fyersModel","message":{"Status Code":200,"API":"/options-chain-v3"},"timestamp":"2026-10-06 00:47:41,831+0530","service":"FyersAPIRequest"}
{"level":"DEBUG","location":"[get_call:168] fyersModel","message":{"Status Code":200,"API":"/quotes"},"timestamp":"2026-10-06 00:47:43,191+0530","service":"FyersAPIRequest","taskName":"Task-39"}
{"level":"DEBUG","location":"[get_call:168] fyersModel","message":{"Status Code":200,"API":"/options-chain-v3"},"timestamp":"2026-10-06 00:47:43,222+0530","service":"FyersAPIRequest","taskName":"Task-39"}
{"level":"DEBUG","location":"[get_call:168] fyersModel","message":{"Status Code":200,"API":"/quotes"},"timestamp":"2026-10-06 00:47:44,428+0530","service":"FyersAPIRequest","taskName":"Task-241"}
{"level":"DEBUG","location":"[get_call:168] fyersModel","message":{"Status Code":200,"API":"/options-chain-v3"},"timestamp":"2026-10-06 00:47:44,490+0530","service":"FyersAPIRequest","taskName":"Task-241"}
{"level":"DEBUG","location":"[get_call:168] fyersModel","message":{"Status Code":200,"API":"/quotes"},"timestamp":"2026-10-06 00:47:45,262+0530","service":"FyersAPIRequest","taskName":"Task-39"}
{"level":"DEBUG","location":"[get_call:168] fyersModel","message":{"Status Code":200,"API":"/options-chain-v3"},"timestamp":"2026-10-06 00:47:45,296+0530","service":"FyersAPIRequest","taskName":"Task-39"}
{"level":"DEBUG","location":"[get_call:168] fyersModel","message":{"Status Code":200,"API":"/quotes"},"timestamp":"2026-10-06 00:47:45,878+0530","service":"FyersAPIRequest"}
{"level":"DEBUG","location":"[get_call:168] fyersModel","message":{"Status Code":200,"API":"/options-chain-v3"},"timestamp":"2026-10-06 00:47:45,909+0530","service":"FyersAPIRequest"}
{"level":"DEBUG","location":"[get_call:168] fyersModel","message":{"Status Code":200,"API":"/profile"},"timestamp":"2026-10-06 00:47:48,220+0530","service":"FyersAPIRequest","taskName":"Task-39"}
{"level":"DEBUG","location":"[get_call:168] fyersModel","message":{"Status Code":200,"API":"/quotes"},"timestamp":"2026-10-06 00:47:48,239+0530","service":"FyersAPIRequest","taskName":"Task-39"}
{"level":"DEBUG","location":"[get_call:168] fyersModel","message":{"Status Code":200,"API":"/options-chain-v3"},"timestamp":"2026-10-06 00:47:48,266+0530","service":"FyersAPIRequest","taskName":"Task-39"}
{"level":"DEBUG","location":"[get_call:168] fyersModel","message":{"Status Code":200,"API":"/quotes"},"timestamp":"2026-10-06 00:47:48,410+0530","service":"FyersAPIRequest","taskName":"Task-244"}
{"level":"DEBUG","location":"[get_call:168] fyersModel","message":{"Status Code":200,"API":"/options-chain-v3"},"timestamp":"2026-10-06 00:47:48,446+0530","service":"FyersAPIRequest","taskName":"Task-244"}
{"level":"DEBUG","location":"[get_call:168] fyersModel","message":{"Status Code":200,"API":"/quotes"},"timestamp":"2026-10-06 00:47:49,951+0530","service":"FyersAPIRequest"}
{"level":"DEBUG","location":"[get_call:168] fyersModel","message":{"Status Code":200,"API":"/options-chain-v3"},"timestamp":"2026-10-06 00:47:49,984+0530","service":"FyersAPIRequest"}
{"level":"DEBUG","location":"[get_call:168] fyersModel","message":{"Status Code":200,"API":"/quotes"},"timestamp":"2026-10-06 00:47:50,309+0530","service":"FyersAPIRequest","taskName":"Task-39"}
{"level":"DEBUG","location":"[get_call:168] fyersModel","message":{"Status Code":200,"API":"/options-chain-v3"},"timestamp":"2026-10-06 00:47:50,336+0530","service":"FyersAPIRequest","taskName":"Task-39"}
{"level":"DEBUG","location":"[get_call:168] fyersModel","message":{"Status Code":200,"API":"/quotes"},"timestamp":"2026-10-06 00:47:52,407+0530","service":"FyersAPIRequest","taskName":"Task-39"}
{"level":"DEBUG","location":"[get_call:168] fyersModel","message":{"Status Code":200,"API":"/options-chain-v3"},"timestamp":"2026-10-06 00:47:52,508+0530","service":"FyersAPIRequest","taskName":"Task-39"}
{"level":"DEBUG","location":"[get_call:168] fyersModel","message":{"Status Code":200,"API":"/quotes"},"timestamp":"2026-10-06 00:47:52,712+0530","service":"FyersAPIRequest","taskName":"Task-247"}
{"level":"DEBUG","location":"[get_call:168] fyersModel","message":{"Status Code":200,"API":"/options-chain-v3"},"timestamp":"2026-10-06 00:47:53,097+0530","service":"FyersAPIRequest","taskName":"Task-247"}
{"level":"DEBUG","location":"[get_call:168] fyersModel","message":{"Status Code":200,"API":"/quotes"},"timestamp":"2026-10-06 00:47:54,029+0530","service":"FyersAPIRequest"}
{"level":"DEBUG","location":"[get_call:168] fyersModel","message":{"Status Code":200,"API":"/options-chain-v3"},"timestamp":"2026-10-06 00:47:54,057+0530","service":"FyersAPIRequest"}
{"level":"DEBUG","location":"[get_call:168] fyersModel","message":{"Status Code":200,"API":"/quotes"},"timestamp":"2026-10-06 00:47:54,586+0530","service":"FyersAPIRequest","taskName":"Task-39"}
{"level":"DEBUG","location":"[get_call:168] fyersModel","message":{"Status Code":200,"API":"/options-chain-v3"},"timestamp":"2026-10-06 00:47:54,620+0530","service":"FyersAPIRequest","taskName":"Task-39"}
{"level":"DEBUG","location":"[get_call:168] fyersModel","message":{"Status Code":200,"API":"/quotes"},"timestamp":"2026-10-06 00:47:57,041+0530","service":"FyersAPIRequest","taskName":"Task-250"}
{"level":"DEBUG","location":"[get_call:168] fyersModel","message":{"Status Code":200,"API":"/options-chain-v3"},"timestamp":"2026-10-06 00:47:57,075+0530","service":"FyersAPIRequest","taskName":"Task-250"}
{"level":"DEBUG","location":"[get_call:168] fyersModel","message":{"Status Code":200,"API":"/quotes"},"timestamp":"2026-10-06 00:47:57,154+0530","service":"FyersAPIRequest","taskName":"Task-39"}
{"level":"DEBUG","location":"[get_call:168] fyersModel","message":{"Status Code":200,"API":"/options-chain-v3"},"timestamp":"2026-10-06 00:47:57,202+0530","service":"FyersAPIRequest","taskName":"Task-39"}
{"level":"DEBUG","location":"[get_call:168] fyersModel","message":{"Status Code":200,"API":"/quotes"},"timestamp":"2026-10-06 00:47:58,106+0530","service":"FyersAPIRequest"}
{"level":"DEBUG","location":"[get_call:168] fyersModel","message":{"Status Code":200,"API":"/options-chain-v3"},"timestamp":"2026-10-06 00:47:58,139+0530","service":"FyersAPIRequest"}
{"level":"DEBUG","location":"[get_call:168] fyersModel","message":{"Status Code":200,"API":"/quotes"},"timestamp":"2026-10-06 00:47:59,242+0530","service":"FyersAPIRequest","taskName":"Task-39"}
{"level":"DEBUG","location":"[get_call:168] fyersModel","message":{"Status Code":200,"API":"/options-chain-v3"},"timestamp":"2026-10-06 00:47:59,269+0530","service":"FyersAPIRequest","taskName":"Task-39"}
{"level":"DEBUG","location":"[get_call:168] fyersModel","message":{"Status Code":200,"API":"/quotes"},"timestamp":"2026-10-06 00:48:00,595+0530","service":"FyersAPIRequest","taskName":"Task-253"}
{"level":"DEBUG","location":"[get_call:168] fyersModel","message":{"Status Code":200,"API":"/options-chain-v3"},"timestamp":"2026-10-06 00:48:00,631+0530","service":"FyersAPIRequest","taskName":"Task-253"}
{"level":"DEBUG","location":"[get_call:168] fyersModel","message":{"Status Code":200,"API":"/quotes"},"timestamp":"2026-10-06 00:48:01,319+0530","service":"FyersAPIRequest","taskName":"Task-39"}
{"level":"DEBUG","location":"[get_call:168] fyersModel","message":{"Status Code":200,"API":"/options-chain-v3"},"timestamp":"2026-10-06 00:48:01,353+0530","service":"FyersAPIRequest","taskName":"Task-39"}
{"level":"DEBUG","location":"[get_call:168] fyersModel","message":{"Status Code":200,"API":"/quotes"},"timestamp":"2026-10-06 00:48:02,268+0530","service":"FyersAPIRequest"}
{"level":"DEBUG","location":"[get_call:168] fyersModel","message":{"Status Code":200,"API":"/options-chain-v3"},"timestamp":"2026-10-06 00:48:02,298+0530","service":"FyersAPIRequest"}
{"level":"DEBUG","location":"[get_call:168] fyersModel","message":{"Status Code":200,"API":"/quotes"},"timestamp":"2026-10-06 00:48:03,405+0530","service":"FyersAPIRequest","taskName":"Task-39"}
{"level":"DEBUG","location":"[get_call:168] fyersModel","message":{"Status Code":200,"API":"/options-chain-v3"},"timestamp":"2026-10-06 00:48:03,435+0530","service":"FyersAPIRequest","taskName":"Task-39"}
{"level":"DEBUG","location":"[get_call:168] fyersModel","message":{"Status Code":200,"API":"/quotes"},"timestamp":"2026-10-06 00:48:04,457+0530","service":"FyersAPIRequest","taskName":"Task-256"}
{"level":"DEBUG","location":"[get_call:168] fyersModel","message":{"Status Code":200,"API":"/options-chain-v3"},"timestamp":"2026-10-06 00:48:04,500+0530","service":"FyersAPIRequest","taskName":"Task-256"}
{"level":"DEBUG","location":"[get_call:168] fyersModel","message":{"Status Code":200,"API":"/quotes"},"timestamp":"2026-10-06 00:48:05,490+0530","service":"FyersAPIRequest","taskName":"Task-39"}
{"level":"DEBUG","location":"[get_call:168] fyersModel","message":{"Status Code":200,"API":"/options-chain-v3"},"timestamp":"2026-10-06 00:48:05,522+0530","service":"FyersAPIRequest","taskName":"Task-39"}
{"level":"DEBUG","location":"[get_call:168] fyersModel","message":{"Status Code":200,"API":"/quotes"},"timestamp":"2026-10-06 00:48:06,417+0530","service":"FyersAPIRequest"}
{"level":"DEBUG","location":"[get_call:168] fyersModel","message":{"Status Code":200,"API":"/options-chain-v3"},"timestamp":"2026-10-06 00:48:06,443+0530","service":"FyersAPIRequest"}
{"level":"DEBUG","location":"[get_call:168] fyersModel","message":{"Status Code":200,"API":"/quotes"},"timestamp":"2026-10-06 00:48:07,592+0530","service":"FyersAPIRequest","taskName":"Task-39"}
{"level":"DEBUG","location":"[get_call:168] fyersModel","message":{"Status Code":200,"API":"/options-chain-v3"},"timestamp":"2026-10-06 00:48:07,620+0530","service":"FyersAPIRequest","taskName":"Task-39"}
{"level":"DEBUG","location":"[get_call:168] fyersModel","message":{"Status Code":200,"API":"/quotes"},"timestamp":"2026-10-06 00:48:08,435+0530","service":"FyersAPIRequest","taskName":"Task-259"}
{"level":"DEBUG","location":"[get_call:168] fyersModel","message":{"Status Code":200,"API":"/options-chain-v3"},"timestamp":"2026-10-06 00:48:08,469+0530","service":"FyersAPIRequest","taskName":"Task-259"}
{"level":"DEBUG","location":"[get_call:168] fyersModel","message":{"Status Code":200,"API":"/quotes"},"timestamp":"2026-10-06 00:48:09,684+0530","service":"FyersAPIRequest","taskName":"Task-39"}
{"level":"DEBUG","location":"[get_call:168] fyersModel","message":{"Status Code":200,"API":"/options-chain-v3"},"timestamp":"2026-10-06 00:48:09,717+0530","service":"FyersAPIRequest","taskName":"Task-39"}
{"level":"DEBUG","location":"[get_call:168] fyersModel","message":{"Status Code":200,"API":"/quotes"},"timestamp":"2026-10-06 00:48:10,486+0530","service":"FyersAPIRequest"}
{"level":"DEBUG","location":"[get_call:168] fyersModel","message":{"Status Code":200,"API":"/options-chain-v3"},"timestamp":"2026-10-06 00:48:10,518+0530","service":"FyersAPIRequest"}
{"level":"DEBUG","location":"[get_call:168] fyersModel","message":{"Status Code":200,"API":"/quotes"},"timestamp":"2026-10-06 00:48:11,793+0530","service":"FyersAPIRequest","taskName":"Task-39"}
{"level":"DEBUG","location":"[get_call:168] fyersModel","message":{"Status Code":200,"API":"/options-chain-v3"},"timestamp":"2026-10-06 00:48:11,823+0530","service":"FyersAPIRequest","taskName":"Task-39"}
{"level":"DEBUG","location":"[get_call:168] fyersModel","message":{"Status Code":200,"API":"/quotes"},"timestamp":"2026-10-06 00:48:12,430+0530","service":"FyersAPIRequest","taskName":"Task-262"}
{"level":"DEBUG","location":"[get_call:168] fyersModel","message":{"Status Code":200,"API":"/options-chain-v3"},"timestamp":"2026-10-06 00:48:12,457+0530","service":"FyersAPIRequest","taskName":"Task-262"}
{"level":"DEBUG","location":"[get_call:168] fyersModel","message":{"Status Code":200,"API":"/quotes"},"timestamp":"2026-10-06 00:48:13,879+0530","service":"FyersAPIRequest","taskName":"Task-39"}
{"level":"DEBUG","location":"[get_call:168] fyersModel","message":{"Status Code":200,"API":"/options-chain-v3"},"timestamp":"2026-10-06 00:48:13,911+0530","service":"FyersAPIRequest","taskName":"Task-39"}
{"level":"DEBUG","location":"[get_call:168] fyersModel","message":{"Status Code":200,"API":"/quotes"},"timestamp":"2026-10-06 00:48:14,574+0530","service":"FyersAPIRequest"}
{"level":"DEBUG","location":"[get_call:168] fyersModel","message":{"Status Code":200,"API":"/options-chain-v3"},"timestamp":"2026-10-06 00:48:14,610+0530","service":"FyersAPIRequest"}
{"level":"DEBUG","location":"[get_call:168] fyersModel","message":{"Status Code":200,"API":"/quotes"},"timestamp":"2026-10-06 00:48:16,048+0530","service":"FyersAPIRequest","taskName":"Task-39"}
{"level":"DEBUG","location":"[get_call:168] fyersModel","message":{"Status Code":200,"API":"/options-chain-v3"},"timestamp":"2026-10-06 00:48:16,093+0530","service":"FyersAPIRequest","taskName":"Task-39"}
{"level":"DEBUG","location":"[get_call:168] fyersModel","message":{"Status Code":200,"API":"/quotes"},"timestamp":"2026-10-06 00:48:16,750+0530","service":"FyersAPIRequest","taskName":"Task-265"}
{"level":"DEBUG","location":"[get_call:168] fyersModel","message":{"Status Code":200,"API":"/options-chain-v3"},"timestamp":"2026-10-06 00:48:16,788+0530","service":"FyersAPIRequest","taskName":"Task-265"}
{"level":"DEBUG","location":"[get_call:168] fyersModel","message":{"Status Code":200,"API":"/profile"},"timestamp":"2026-10-06 00:48:18,982+0530","service":"FyersAPIRequest","taskName":"Task-39"}
{"level":"DEBUG","location":"[get_call:168] fyersModel","message":{"Status Code":200,"API":"/quotes"},"timestamp":"2026-10-06 00:48:19,003+0530","service":"FyersAPIRequest","taskName":"Task-39"}
{"level":"DEBUG","location":"[get_call:168] fyersModel","message":{"Status Code":200,"API":"/options-chain-v3"},"timestamp":"2026-10-06 00:48:19,032+0530","service":"FyersAPIRequest","taskName":"Task-39"}
{"level":"DEBUG","location":"[get_call:168] fyersModel","message":{"Status Code":200,"API":"/profile"},"timestamp":"2026-10-06 00:48:19,470+0530","service":"FyersAPIRequest"}
{"level":"DEBUG","location":"[get_call:168] fyersModel","message":{"Status Code":200,"API":"/quotes"},"timestamp":"2026-10-06 00:48:19,493+0530","service":"FyersAPIRequest"}
{"level":"DEBUG","location":"[get_call:168] fyersModel","message":{"Status Code":200,"API":"/options-chain-v3"},"timestamp":"2026-10-06 00:48:19,535+0530","service":"FyersAPIRequest"}
{"level":"DEBUG","location":"[get_call:168] fyersModel","message":{"Status Code":200,"API":"/quotes"},"timestamp":"2026-10-06 00:48:20,467+0530","service":"FyersAPIRequest","taskName":"Task-268"}
{"level":"DEBUG","location":"[get_call:168] fyersModel","message":{"Status Code":200,"API":"/options-chain-v3"},"timestamp":"2026-10-06 00:48:20,504+0530","service":"FyersAPIRequest","taskName":"Task-268"}
{"level":"DEBUG","location":"[get_call:168] fyersModel","message":{"Status Code":200,"API":"/quotes"},"timestamp":"2026-10-06 00:48:21,090+0530","service":"FyersAPIRequest","taskName":"Task-39"}
{"level":"DEBUG","location":"[get_call:168] fyersModel","message":{"Status Code":200,"API":"/options-chain-v3"},"timestamp":"2026-10-06 00:48:21,122+0530","service":"FyersAPIRequest","taskName":"Task-39"}
{"level":"DEBUG","location":"[get_call:168] fyersModel","message":{"Status Code":200,"API":"/quotes"},"timestamp":"2026-10-06 00:48:23,206+0530","service":"FyersAPIRequest","taskName":"Task-39"}
{"level":"DEBUG","location":"[get_call:168] fyersModel","message":{"Status Code":200,"API":"/options-chain-v3"},"timestamp":"2026-10-06 00:48:23,239+0530","service":"FyersAPIRequest","taskName":"Task-39"}
{"level":"DEBUG","location":"[get_call:168] fyersModel","message":{"Status Code":200,"API":"/quotes"},"timestamp":"2026-10-06 00:48:23,657+0530","service":"FyersAPIRequest"}
{"level":"DEBUG","location":"[get_call:168] fyersModel","message":{"Status Code":200,"API":"/options-chain-v3"},"timestamp":"2026-10-06 00:48:23,690+0530","service":"FyersAPIRequest"}
{"level":"DEBUG","location":"[get_call:168] fyersModel","message":{"Status Code":200,"API":"/quotes"},"timestamp":"2026-10-06 00:48:24,450+0530","service":"FyersAPIRequest","taskName":"Task-271"}
{"level":"DEBUG","location":"[get_call:168] fyersModel","message":{"Status Code":200,"API":"/options-chain-v3"},"timestamp":"2026-10-06 00:48:24,484+0530","service":"FyersAPIRequest","taskName":"Task-271"}
{"level":"DEBUG","location":"[get_call:168] fyersModel","message":{"Status Code":200,"API":"/quotes"},"timestamp":"2026-10-06 00:48:25,330+0530","service":"FyersAPIRequest","taskName":"Task-39"}
{"level":"DEBUG","location":"[get_call:168] fyersModel","message":{"Status Code":200,"API":"/options-chain-v3"},"timestamp":"2026-10-06 00:48:25,365+0530","service":"FyersAPIRequest","taskName":"Task-39"}
{"level":"DEBUG","location":"[get_call:168] fyersModel","message":{"Status Code":200,"API":"/quotes"},"timestamp":"2026-10-06 00:48:27,410+0530","service":"FyersAPIRequest","taskName":"Task-39"}
{"level":"DEBUG","location":"[get_call:168] fyersModel","message":{"Status Code":200,"API":"/options-chain-v3"},"timestamp":"2026-10-06 00:48:27,443+0530","service":"FyersAPIRequest","taskName":"Task-39"}
{"level":"DEBUG","location":"[get_call:168] fyersModel","message":{"Status Code":200,"API":"/quotes"},"timestamp":"2026-10-06 00:48:27,742+0530","service":"FyersAPIRequest"}
{"level":"DEBUG","location":"[get_call:168] fyersModel","message":{"Status Code":200,"API":"/options-chain-v3"},"timestamp":"2026-10-06 00:48:27,774+0530","service":"FyersAPIRequest"}
{"level":"DEBUG","location":"[get_call:168] fyersModel","message":{"Status Code":200,"API":"/quotes"},"timestamp":"2026-10-06 00:48:28,427+0530","service":"FyersAPIRequest","taskName":"Task-274"}
{"level":"DEBUG","location":"[get_call:168] fyersModel","message":{"Status Code":200,"API":"/options-chain-v3"},"timestamp":"2026-10-06 00:48:28,459+0530","service":"FyersAPIRequest","taskName":"Task-274"}
{"level":"DEBUG","location":"[get_call:168] fyersModel","message":{"Status Code":200,"API":"/quotes"},"timestamp":"2026-10-06 00:48:29,543+0530","service":"FyersAPIRequest","taskName":"Task-39"}
{"level":"DEBUG","location":"[get_call:168] fyersModel","message":{"Status Code":200,"API":"/options-chain-v3"},"timestamp":"2026-10-06 00:48:29,579+0530","service":"FyersAPIRequest","taskName":"Task-39"}
{"level":"DEBUG","location":"[get_call:168] fyersModel","message":{"Status Code":200,"API":"/quotes"},"timestamp":"2026-10-06 00:48:31,645+0530","service":"FyersAPIRequest","taskName":"Task-39"}
{"level":"DEBUG","location":"[get_call:168] fyersModel","message":{"Status Code":200,"API":"/options-chain-v3"},"timestamp":"2026-10-06 00:48:31,677+0530","service":"FyersAPIRequest","taskName":"Task-39"}
{"level":"DEBUG","location":"[get_call:168] fyersModel","message":{"Status Code":200,"API":"/quotes"},"timestamp":"2026-10-06 00:48:31,823+0530","service":"FyersAPIRequest"}
{"level":"DEBUG","location":"[get_call:168] fyersModel","message":{"Status Code":200,"API":"/options-chain-v3"},"timestamp":"2026-10-06 00:48:31,852+0530","service":"FyersAPIRequest"}
{"level":"DEBUG","location":"[get_call:168] fyersModel","message":{"Status Code":200,"API":"/quotes"},"timestamp":"2026-10-06 00:48:32,422+0530","service":"FyersAPIRequest","taskName":"Task-277"}
{"level":"DEBUG","location":"[get_call:168] fyersModel","message":{"Status Code":200,"API":"/options-chain-v3"},"timestamp":"2026-10-06 00:48:32,704+0530","service":"FyersAPIRequest","taskName":"Task-277"}
{"level":"DEBUG","location":"[get_call:168] fyersModel","message":{"Status Code":200,"API":"/quotes"},"timestamp":"2026-10-06 00:48:33,716+0530","service":"FyersAPIRequest","taskName":"Task-39"}
{"level":"DEBUG","location":"[get_call:168] fyersModel","message":{"Status Code":200,"API":"/options-chain-v3"},"timestamp":"2026-10-06 00:48:33,750+0530","service":"FyersAPIRequest","taskName":"Task-39"}
{"level":"DEBUG","location":"[get_call:168] fyersModel","message":{"Status Code":200,"API":"/quotes"},"timestamp":"2026-10-06 00:48:35,815+0530","service":"FyersAPIRequest","taskName":"Task-39"}
{"level":"DEBUG","location":"[get_call:168] fyersModel","message":{"Status Code":200,"API":"/options-chain-v3"},"timestamp":"2026-10-06 00:48:35,861+0530","service":"FyersAPIRequest","taskName":"Task-39"}
{"level":"DEBUG","location":"[get_call:168] fyersModel","message":{"Status Code":200,"API":"/quotes"},"timestamp":"2026-10-06 00:48:35,919+0530","service":"FyersAPIRequest"}
{"level":"DEBUG","location":"[get_call:168] fyersModel","message":{"Status Code":200,"API":"/options-chain-v3"},"timestamp":"2026-10-06 00:48:35,950+0530","service":"FyersAPIRequest"}
{"level":"DEBUG","location":"[get_call:168] fyersModel","message":{"Status Code":200,"API":"/quotes"},"timestamp":"2026-10-06 00:48:36,426+0530","service":"FyersAPIRequest","taskName":"Task-280"}
{"level":"DEBUG","location":"[get_call:168] fyersModel","message":{"Status Code":200,"API":"/options-chain-v3"},"timestamp":"2026-10-06 00:48:36,456+0530","service":"FyersAPIRequest","taskName":"Task-280"}
{"level":"DEBUG","location":"[get_call:168] fyersModel","message":{"Status Code":200,"API":"/quotes"},"timestamp":"2026-10-06 00:48:37,911+0530","service":"FyersAPIRequest","taskName":"Task-39"}
{"level":"DEBUG","location":"[get_call:168] fyersModel","message":{"Status Code":200,"API":"/options-chain-v3"},"timestamp":"2026-10-06 00:48:37,945+0530","service":"FyersAPIRequest","taskName":"Task-39"}
{"level":"DEBUG","location":"[get_call:168] fyersModel","message":{"Status Code":200,"API":"/quotes"},"timestamp":"2026-10-06 00:48:39,991+0530","service":"FyersAPIRequest"}
{"level":"DEBUG","location":"[get_call:168] fyersModel","message":{"Status Code":200,"API":"/quotes"},"timestamp":"2026-10-06 00:48:40,015+0530","service":"FyersAPIRequest","taskName":"Task-39"}
{"level":"DEBUG","location":"[get_call:168] fyersModel","message":{"Status Code":200,"API":"/options-chain-v3"},"timestamp":"2026-10-06 00:48:40,048+0530","service":"FyersAPIRequest","taskName":"Task-39"}
{"level":"DEBUG","location":"[get_call:168] fyersModel","message":{"Status Code":200,"API":"/quotes"},"timestamp":"2026-10-06 00:48:40,443+0530","service":"FyersAPIRequest","taskName":"Task-283"}
{"level":"DEBUG","location":"[get_call:168] fyersModel","message":{"Status Code":200,"API":"/options-chain-v3"},"timestamp":"2026-10-06 00:48:40,481+0530","service":"FyersAPIRequest","taskName":"Task-283"}
{"level":"DEBUG","location":"[get_call:168] fyersModel","message":{"Status Code":200,"API":"/options-chain-v3"},"timestamp":"2026-10-06 00:48:40,699+0530","service":"FyersAPIRequest"}
{"level":"DEBUG","location":"[get_call:168] fyersModel","message":{"Status Code":200,"API":"/quotes"},"timestamp":"2026-10-06 00:48:42,102+0530","service":"FyersAPIRequest","taskName":"Task-39"}
{"level":"DEBUG","location":"[get_call:168] fyersModel","message":{"Status Code":200,"API":"/options-chain-v3"},"timestamp":"2026-10-06 00:48:42,139+0530","service":"FyersAPIRequest","taskName":"Task-39"}
{"level":"DEBUG","location":"[get_call:168] fyersModel","message":{"Status Code":200,"API":"/quotes"},"timestamp":"2026-10-06 00:48:44,199+0530","service":"FyersAPIRequest","taskName":"Task-39"}
{"level":"DEBUG","location":"[get_call:168] fyersModel","message":{"Status Code":200,"API":"/options-chain-v3"},"timestamp":"2026-10-06 00:48:44,229+0530","service":"FyersAPIRequest","taskName":"Task-39"}
{"level":"DEBUG","location":"[get_call:168] fyersModel","message":{"Status Code":200,"API":"/quotes"},"timestamp":"2026-10-06 00:48:44,740+0530","service":"FyersAPIRequest"}
{"level":"DEBUG","location":"[get_call:168] fyersModel","message":{"Status Code":200,"API":"/options-chain-v3"},"timestamp":"2026-10-06 00:48:44,779+0530","service":"FyersAPIRequest"}
{"level":"DEBUG","location":"[get_call:168] fyersModel","message":{"Status Code":200,"API":"/quotes"},"timestamp":"2026-10-06 00:48:46,263+0530","service":"FyersAPIRequest","taskName":"Task-39"}
{"level":"DEBUG","location":"[get_call:168] fyersModel","message":{"Status Code":200,"API":"/options-chain-v3"},"timestamp":"2026-10-06 00:48:46,295+0530","service":"FyersAPIRequest","taskName":"Task-39"}
{"level":"DEBUG","location":"[get_call:168] fyersModel","message":{"Status Code":200,"API":"/quotes"},"timestamp":"2026-10-06 00:48:48,357+0530","service":"FyersAPIRequest","taskName":"Task-39"}
{"level":"DEBUG","location":"[get_call:168] fyersModel","message":{"Status Code":200,"API":"/options-chain-v3"},"timestamp":"2026-10-06 00:48:48,389+0530","service":"FyersAPIRequest","taskName":"Task-39"}
{"level":"DEBUG","location":"[get_call:168] fyersModel","message":{"Status Code":200,"API":"/profile"},"timestamp":"2026-10-06 00:48:49,590+0530","service":"FyersAPIRequest"}
{"level":"DEBUG","location":"[get_call:168] fyersModel","message":{"Status Code":200,"API":"/quotes"},"timestamp":"2026-10-06 00:48:49,615+0530","service":"FyersAPIRequest"}
{"level":"DEBUG","location":"[get_call:168] fyersModel","message":{"Status Code":200,"API":"/options-chain-v3"},"timestamp":"2026-10-06 00:48:49,646+0530","service":"FyersAPIRequest"}
{"level":"DEBUG","location":"[get_call:168] fyersModel","message":{"Status Code":200,"API":"/quotes"},"timestamp":"2026-10-06 00:48:50,475+0530","service":"FyersAPIRequest","taskName":"Task-39"}
{"level":"DEBUG","location":"[get_call:168] fyersModel","message":{"Status Code":200,"API":"/options-chain-v3"},"timestamp":"2026-10-06 00:48:50,511+0530","service":"FyersAPIRequest","taskName":"Task-39"}
{"level":"DEBUG","location":"[get_call:168] fyersModel","message":{"Status Code":200,"API":"/quotes"},"timestamp":"2026-10-06 00:48:52,553+0530","service":"FyersAPIRequest","taskName":"Task-39"}
{"level":"DEBUG","location":"[get_call:168] fyersModel","message":{"Status Code":200,"API":"/options-chain-v3"},"timestamp":"2026-10-06 00:48:52,601+0530","service":"FyersAPIRequest","taskName":"Task-39"}
{"level":"DEBUG","location":"[get_call:168] fyersModel","message":{"Status Code":200,"API":"/quotes"},"timestamp":"2026-10-06 00:48:53,682+0530","service":"FyersAPIRequest"}
{"level":"DEBUG","location":"[get_call:168] fyersModel","message":{"Status Code":200,"API":"/options-chain-v3"},"timestamp":"2026-10-06 00:48:53,712+0530","service":"FyersAPIRequest"}
{"level":"DEBUG","location":"[get_call:168] fyersModel","message":{"Status Code":200,"API":"/quotes"},"timestamp":"2026-10-06 00:48:54,625+0530","service":"FyersAPIRequest","taskName":"Task-39"}
{"level":"DEBUG","location":"[get_call:168] fyersModel","message":{"Status Code":200,"API":"/options-chain-v3"},"timestamp":"2026-10-06 00:48:54,661+0530","service":"FyersAPIRequest","taskName":"Task-39"}
{"level":"DEBUG","location":"[get_call:168] fyersModel","message":{"Status Code":200,"API":"/quotes"},"timestamp":"2026-10-06 00:48:56,703+0530","service":"FyersAPIRequest","taskName":"Task-39"}
{"level":"DEBUG","location":"[get_call:168] fyersModel","message":{"Status Code":200,"API":"/options-chain-v3"},"timestamp":"2026-10-06 00:48:56,735+0530","service":"FyersAPIRequest","taskName":"Task-39"}
{"level":"DEBUG","location":"[get_call:168] fyersModel","message":{"Status Code":200,"API":"/quotes"},"timestamp":"2026-10-06 00:48:57,748+0530","service":"FyersAPIRequest"}
{"level":"DEBUG","location":"[get_call:168] fyersModel","message":{"Status Code":200,"API":"/options-chain-v3"},"timestamp":"2026-10-06 00:48:57,779+0530","service":"FyersAPIRequest"}
{"level":"DEBUG","location":"[get_call:168] fyersModel","message":{"Status Code":200,"API":"/quotes"},"timestamp":"2026-10-06 00:48:58,802+0530","service":"FyersAPIRequest","taskName":"Task-39"}
{"level":"DEBUG","location":"[get_call:168] fyersModel","message":{"Status Code":200,"API":"/options-chain-v3"},"timestamp":"2026-10-06 00:48:58,831+0530","service":"FyersAPIRequest","taskName":"Task-39"}
{"level":"DEBUG","location":"[get_call:168] fyersModel","message":{"Status Code":200,"API":"/quotes"},"timestamp":"2026-10-06 00:49:00,885+0530","service":"FyersAPIRequest","taskName":"Task-39"}
{"level":"DEBUG","location":"[get_call:168] fyersModel","message":{"Status Code":200,"API":"/options-chain-v3"},"timestamp":"2026-10-06 00:49:00,921+0530","service":"FyersAPIRequest","taskName":"Task-39"}
{"level":"DEBUG","location":"[get_call:168] fyersModel","message":{"Status Code":200,"API":"/quotes"},"timestamp":"2026-10-06 00:49:01,831+0530","service":"FyersAPIRequest"}
{"level":"DEBUG","location":"[get_call:168] fyersModel","message":{"Status Code":200,"API":"/options-chain-v3"},"timestamp":"2026-10-06 00:49:01,863+0530","service":"FyersAPIRequest"}
{"level":"DEBUG","location":"[get_call:168] fyersModel","message":{"Status Code":200,"API":"/quotes"},"timestamp":"2026-10-06 00:49:02,979+0530","service":"FyersAPIRequest","taskName":"Task-39"}
{"level":"DEBUG","location":"[get_call:168] fyersModel","message":{"Status Code":200,"API":"/options-chain-v3"},"timestamp":"2026-10-06 00:49:03,009+0530","service":"FyersAPIRequest","taskName":"Task-39"}
{"level":"DEBUG","location":"[get_call:168] fyersModel","message":{"Status Code":200,"API":"/quotes"},"timestamp":"2026-10-06 00:49:05,035+0530","service":"FyersAPIRequest","taskName":"Task-39"}
{"level":"DEBUG","location":"[get_call:168] fyersModel","message":{"Status Code":200,"API":"/options-chain-v3"},"timestamp":"2026-10-06 00:49:05,064+0530","service":"FyersAPIRequest","taskName":"Task-39"}
{"level":"DEBUG","location":"[get_call:168] fyersModel","message":{"Status Code":200,"API":"/quotes"},"timestamp":"2026-10-06 00:49:06,025+0530","service":"FyersAPIRequest"}
{"level":"DEBUG","location":"[get_call:168] fyersModel","message":{"Status Code":200,"API":"/options-chain-v3"},"timestamp":"2026-10-06 00:49:06,056+0530","service":"FyersAPIRequest"}
{"level":"DEBUG","location":"[get_call:168] fyersModel","message":{"Status Code":200,"API":"/quotes"},"timestamp":"2026-10-06 00:49:07,116+0530","service":"FyersAPIRequest","taskName":"Task-39"}
{"level":"DEBUG","location":"[get_call:168] fyersModel","message":{"Status Code":200,"API":"/options-chain-v3"},"timestamp":"2026-10-06 00:49:07,150+0530","service":"FyersAPIRequest","taskName":"Task-39"}
{"level":"DEBUG","location":"[get_call:168] fyersModel","message":{"Status Code":200,"API":"/quotes"},"timestamp":"2026-10-06 00:49:09,198+0530","service":"FyersAPIRequest","taskName":"Task-39"}
{"level":"DEBUG","location":"[get_call:168] fyersModel","message":{"Status Code":200,"API":"/options-chain-v3"},"timestamp":"2026-10-06 00:49:09,304+0530","service":"FyersAPIRequest","taskName":"Task-39"}
{"level":"DEBUG","location":"[get_call:168] fyersModel","message":{"Status Code":200,"API":"/quotes"},"timestamp":"2026-10-06 00:49:10,092+0530","service":"FyersAPIRequest"}
{"level":"DEBUG","location":"[get_call:168] fyersModel","message":{"Status Code":200,"API":"/options-chain-v3"},"timestamp":"2026-10-06 00:49:10,125+0530","service":"FyersAPIRequest"}
{"level":"DEBUG","location":"[get_call:168] fyersModel","message":{"Status Code":200,"API":"/quotes"},"timestamp":"2026-10-06 00:49:11,426+0530","service":"FyersAPIRequest","taskName":"Task-39"}
{"level":"DEBUG","location":"[get_call:168] fyersModel","message":{"Status Code":200,"API":"/options-chain-v3"},"timestamp":"2026-10-06 00:49:11,457+0530","service":"FyersAPIRequest","taskName":"Task-39"}
{"level":"DEBUG","location":"[get_call:168] fyersModel","message":{"Status Code":200,"API":"/quotes"},"timestamp":"2026-10-06 00:49:13,512+0530","service":"FyersAPIRequest","taskName":"Task-39"}
{"level":"DEBUG","location":"[get_call:168] fyersModel","message":{"Status Code":200,"API":"/options-chain-v3"},"timestamp":"2026-10-06 00:49:13,541+0530","service":"FyersAPIRequest","taskName":"Task-39"}
{"level":"DEBUG","location":"[get_call:168] fyersModel","message":{"Status Code":200,"API":"/quotes"},"timestamp":"2026-10-06 00:49:14,165+0530","service":"FyersAPIRequest"}
{"level":"DEBUG","location":"[get_call:168] fyersModel","message":{"Status Code":200,"API":"/options-chain-v3"},"timestamp":"2026-10-06 00:49:14,194+0530","service":"FyersAPIRequest"}
{"level":"DEBUG","location":"[get_call:168] fyersModel","message":{"Status Code":200,"API":"/quotes"},"timestamp":"2026-10-06 00:49:15,605+0530","service":"FyersAPIRequest","taskName":"Task-39"}
{"level":"DEBUG","location":"[get_call:168] fyersModel","message":{"Status Code":200,"API":"/options-chain-v3"},"timestamp":"2026-10-06 00:49:15,634+0530","service":"FyersAPIRequest","taskName":"Task-39"}
{"level":"DEBUG","location":"[get_call:168] fyersModel","message":{"Status Code":200,"API":"/quotes"},"timestamp":"2026-10-06 00:49:17,693+0530","service":"FyersAPIRequest","taskName":"Task-39"}
{"level":"DEBUG","location":"[get_call:168] fyersModel","message":{"Status Code":200,"API":"/options-chain-v3"},"timestamp":"2026-10-06 00:49:17,724+0530","service":"FyersAPIRequest","taskName":"Task-39"}
{"level":"DEBUG","location":"[get_call:168] fyersModel","message":{"Status Code":200,"API":"/quotes"},"timestamp":"2026-10-06 00:49:18,245+0530","service":"FyersAPIRequest"}
{"level":"DEBUG","location":"[get_call:168] fyersModel","message":{"Status Code":200,"API":"/options-chain-v3"},"timestamp":"2026-10-06 00:49:18,289+0530","service":"FyersAPIRequest"}
{"level":"DEBUG","location":"[get_call:168] fyersModel","message":{"Status Code":200,"API":"/profile"},"timestamp":"2026-10-06 00:49:20,412+0530","service":"FyersAPIRequest","taskName":"Task-39"}
{"level":"DEBUG","location":"[get_call:168] fyersModel","message":{"Status Code":200,"API":"/quotes"},"timestamp":"2026-10-06 00:49:20,437+0530","service":"FyersAPIRequest","taskName":"Task-39"}
{"level":"DEBUG","location":"[get_call:168] fyersModel","message":{"Status Code":200,"API":"/options-chain-v3"},"timestamp":"2026-10-06 00:49:20,473+0530","service":"FyersAPIRequest","taskName":"Task-39"}
{"level":"DEBUG","location":"[get_call:168] fyersModel","message":{"Status Code":200,"API":"/quotes"},"timestamp":"2026-10-06 00:49:21,424+0530","service":"FyersAPIRequest","taskName":"Task-287"}
{"level":"DEBUG","location":"[get_call:168] fyersModel","message":{"Status Code":200,"API":"/options-chain-v3"},"timestamp":"2026-10-06 00:49:21,452+0530","service":"FyersAPIRequest","taskName":"Task-287"}
{"level":"DEBUG","location":"[get_call:168] fyersModel","message":{"Status Code":200,"API":"/quotes"},"timestamp":"2026-10-06 00:49:22,367+0530","service":"FyersAPIRequest"}
{"level":"DEBUG","location":"[get_call:168] fyersModel","message":{"Status Code":200,"API":"/options-chain-v3"},"timestamp":"2026-10-06 00:49:22,401+0530","service":"FyersAPIRequest"}
{"level":"DEBUG","location":"[get_call:168] fyersModel","message":{"Status Code":200,"API":"/quotes"},"timestamp":"2026-10-06 00:49:22,852+0530","service":"FyersAPIRequest","taskName":"Task-39"}
{"level":"DEBUG","location":"[get_call:168] fyersModel","message":{"Status Code":200,"API":"/options-chain-v3"},"timestamp":"2026-10-06 00:49:22,910+0530","service":"FyersAPIRequest","taskName":"Task-39"}
{"level":"DEBUG","location":"[get_call:168] fyersModel","message":{"Status Code":200,"API":"/quotes"},"timestamp":"2026-10-06 00:49:25,091+0530","service":"FyersAPIRequest","taskName":"Task-39"}
{"level":"DEBUG","location":"[get_call:168] fyersModel","message":{"Status Code":200,"API":"/options-chain-v3"},"timestamp":"2026-10-06 00:49:25,124+0530","service":"FyersAPIRequest","taskName":"Task-39"}
{"level":"DEBUG","location":"[get_call:168] fyersModel","message":{"Status Code":200,"API":"/quotes"},"timestamp":"2026-10-06 00:49:26,443+0530","service":"FyersAPIRequest"}
{"level":"DEBUG","location":"[get_call:168] fyersModel","message":{"Status Code":200,"API":"/options-chain-v3"},"timestamp":"2026-10-06 00:49:26,469+0530","service":"FyersAPIRequest"}
{"level":"DEBUG","location":"[get_call:168] fyersModel","message":{"Status Code":200,"API":"/quotes"},"timestamp":"2026-10-06 00:49:27,163+0530","service":"FyersAPIRequest","taskName":"Task-39"}
{"level":"DEBUG","location":"[get_call:168] fyersModel","message":{"Status Code":200,"API":"/options-chain-v3"},"timestamp":"2026-10-06 00:49:27,196+0530","service":"FyersAPIRequest","taskName":"Task-39"}
{"level":"DEBUG","location":"[get_call:168] fyersModel","message":{"Status Code":200,"API":"/quotes"},"timestamp":"2026-10-06 00:49:29,259+0530","service":"FyersAPIRequest","taskName":"Task-39"}
{"level":"DEBUG","location":"[get_call:168] fyersModel","message":{"Status Code":200,"API":"/options-chain-v3"},"timestamp":"2026-10-06 00:49:29,285+0530","service":"FyersAPIRequest","taskName":"Task-39"}
{"level":"DEBUG","location":"[get_call:168] fyersModel","message":{"Status Code":200,"API":"/quotes"},"timestamp":"2026-10-06 00:49:30,511+0530","service":"FyersAPIRequest"}
{"level":"DEBUG","location":"[get_call:168] fyersModel","message":{"Status Code":200,"API":"/options-chain-v3"},"timestamp":"2026-10-06 00:49:30,538+0530","service":"FyersAPIRequest"}
{"level":"DEBUG","location":"[get_call:168] fyersModel","message":{"Status Code":200,"API":"/quotes"},"timestamp":"2026-10-06 00:49:31,339+0530","service":"FyersAPIRequest","taskName":"Task-39"}
{"level":"DEBUG","location":"[get_call:168] fyersModel","message":{"Status Code":200,"API":"/options-chain-v3"},"timestamp":"2026-10-06 00:49:31,365+0530","service":"FyersAPIRequest","taskName":"Task-39"}
{"level":"DEBUG","location":"[get_call:168] fyersModel","message":{"Status Code":200,"API":"/quotes"},"timestamp":"2026-10-06 00:49:33,421+0530","service":"FyersAPIRequest","taskName":"Task-39"}
{"level":"DEBUG","location":"[get_call:168] fyersModel","message":{"Status Code":200,"API":"/options-chain-v3"},"timestamp":"2026-10-06 00:49:33,455+0530","service":"FyersAPIRequest","taskName":"Task-39"}
{"level":"DEBUG","location":"[get_call:168] fyersModel","message":{"Status Code":200,"API":"/quotes"},"timestamp":"2026-10-06 00:49:34,572+0530","service":"FyersAPIRequest"}
{"level":"DEBUG","location":"[get_call:168] fyersModel","message":{"Status Code":200,"API":"/options-chain-v3"},"timestamp":"2026-10-06 00:49:34,598+0530","service":"FyersAPIRequest"}
{"level":"DEBUG","location":"[get_call:168] fyersModel","message":{"Status Code":200,"API":"/quotes"},"timestamp":"2026-10-06 00:49:35,509+0530","service":"FyersAPIRequest","taskName":"Task-39"}
{"level":"DEBUG","location":"[get_call:168] fyersModel","message":{"Status Code":200,"API":"/options-chain-v3"},"timestamp":"2026-10-06 00:49:35,574+0530","service":"FyersAPIRequest","taskName":"Task-39"}
{"level":"DEBUG","location":"[get_call:168] fyersModel","message":{"Status Code":200,"API":"/quotes"},"timestamp":"2026-10-06 00:49:37,679+0530","service":"FyersAPIRequest","taskName":"Task-39"}
{"level":"DEBUG","location":"[get_call:168] fyersModel","message":{"Status Code":200,"API":"/options-chain-v3"},"timestamp":"2026-10-06 00:49:37,707+0530","service":"FyersAPIRequest","taskName":"Task-39"}
{"level":"DEBUG","location":"[get_call:168] fyersModel","message":{"Status Code":200,"API":"/quotes"},"timestamp":"2026-10-06 00:49:38,638+0530","service":"FyersAPIRequest"}
{"level":"DEBUG","location":"[get_call:168] fyersModel","message":{"Status Code":200,"API":"/options-chain-v3"},"timestamp":"2026-10-06 00:49:38,668+0530","service":"FyersAPIRequest"}
{"level":"DEBUG","location":"[get_call:168] fyersModel","message":{"Status Code":200,"API":"/quotes"},"timestamp":"2026-10-06 00:49:39,764+0530","service":"FyersAPIRequest","taskName":"Task-39"}
{"level":"DEBUG","location":"[get_call:168] fyersModel","message":{"Status Code":200,"API":"/options-chain-v3"},"timestamp":"2026-10-06 00:49:39,790+0530","service":"FyersAPIRequest","taskName":"Task-39"}
{"level":"DEBUG","location":"[get_call:168] fyersModel","message":{"Status Code":200,"API":"/quotes"},"timestamp":"2026-10-06 00:49:41,829+0530","service":"FyersAPIRequest","taskName":"Task-39"}
{"level":"DEBUG","location":"[get_call:168] fyersModel","message":{"Status Code":200,"API":"/options-chain-v3"},"timestamp":"2026-10-06 00:49:41,856+0530","service":"FyersAPIRequest","taskName":"Task-39"}
{"level":"DEBUG","location":"[get_call:168] fyersModel","message":{"Status Code":200,"API":"/quotes"},"timestamp":"2026-10-06 00:49:42,711+0530","service":"FyersAPIRequest"}
{"level":"DEBUG","location":"[get_call:168] fyersModel","message":{"Status Code":200,"API":"/options-chain-v3"},"timestamp":"2026-10-06 00:49:42,738+0530","service":"FyersAPIRequest"}
{"level":"DEBUG","location":"[get_call:168] fyersModel","message":{"Status Code":200,"API":"/quotes"},"timestamp":"2026-10-06 00:49:43,913+0530","service":"FyersAPIRequest","taskName":"Task-39"}
{"level":"DEBUG","location":"[get_call:168] fyersModel","message":{"Status Code":200,"API":"/options-chain-v3"},"timestamp":"2026-10-06 00:49:43,940+0530","service":"FyersAPIRequest","taskName":"Task-39"}
{"level":"DEBUG","location":"[get_call:168] fyersModel","message":{"Status Code":200,"API":"/quotes"},"timestamp":"2026-10-06 00:49:45,994+0530","service":"FyersAPIRequest","taskName":"Task-39"}
{"level":"DEBUG","location":"[get_call:168] fyersModel","message":{"Status Code":200,"API":"/options-chain-v3"},"timestamp":"2026-10-06 00:49:46,022+0530","service":"FyersAPIRequest","taskName":"Task-39"}
{"level":"DEBUG","location":"[get_call:168] fyersModel","message":{"Status Code":200,"API":"/quotes"},"timestamp":"2026-10-06 00:49:46,776+0530","service":"FyersAPIRequest"}
{"level":"DEBUG","location":"[get_call:168] fyersModel","message":{"Status Code":200,"API":"/options-chain-v3"},"timestamp":"2026-10-06 00:49:46,806+0530","service":"FyersAPIRequest"}
{"level":"DEBUG","location":"[get_call:168] fyersModel","message":{"Status Code":200,"API":"/quotes"},"timestamp":"2026-10-06 00:49:48,032+0530","service":"FyersAPIRequest","taskName":"Task-39"}
{"level":"DEBUG","location":"[get_call:168] fyersModel","message":{"Status Code":200,"API":"/options-chain-v3"},"timestamp":"2026-10-06 00:49:48,064+0530","service":"FyersAPIRequest","taskName":"Task-39"}
{"level":"DEBUG","location":"[get_call:168] fyersModel","message":{"Status Code":200,"API":"/profile"},"timestamp":"2026-10-06 00:49:50,793+0530","service":"FyersAPIRequest","taskName":"Task-39"}
{"level":"DEBUG","location":"[get_call:168] fyersModel","message":{"Status Code":200,"API":"/quotes"},"timestamp":"2026-10-06 00:49:50,815+0530","service":"FyersAPIRequest","taskName":"Task-39"}
{"level":"DEBUG","location":"[get_call:168] fyersModel","message":{"Status Code":200,"API":"/options-chain-v3"},"timestamp":"2026-10-06 00:49:50,844+0530","service":"FyersAPIRequest","taskName":"Task-39"}
{"level":"DEBUG","location":"[get_call:168] fyersModel","message":{"Status Code":200,"API":"/quotes"},"timestamp":"2026-10-06 00:49:51,511+0530","service":"FyersAPIRequest"}
{"level":"DEBUG","location":"[get_call:168] fyersModel","message":{"Status Code":200,"API":"/options-chain-v3"},"timestamp":"2026-10-06 00:49:51,543+0530","service":"FyersAPIRequest"}
{"level":"DEBUG","location":"[get_call:168] fyersModel","message":{"Status Code":200,"API":"/quotes"},"timestamp":"2026-10-06 00:49:52,906+0530","service":"FyersAPIRequest","taskName":"Task-39"}
{"level":"DEBUG","location":"[get_call:168] fyersModel","message":{"Status Code":200,"API":"/options-chain-v3"},"timestamp":"2026-10-06 00:49:52,943+0530","service":"FyersAPIRequest","taskName":"Task-39"}
{"level":"DEBUG","location":"[get_call:168] fyersModel","message":{"Status Code":200,"API":"/quotes"},"timestamp":"2026-10-06 00:49:54,989+0530","service":"FyersAPIRequest","taskName":"Task-39"}
{"level":"DEBUG","location":"[get_call:168] fyersModel","message":{"Status Code":200,"API":"/options-chain-v3"},"timestamp":"2026-10-06 00:49:55,020+0530","service":"FyersAPIRequest","taskName":"Task-39"}
{"level":"DEBUG","location":"[get_call:168] fyersModel","message":{"Status Code":200,"API":"/quotes"},"timestamp":"2026-10-06 00:49:55,577+0530","service":"FyersAPIRequest"}
{"level":"DEBUG","location":"[get_call:168] fyersModel","message":{"Status Code":200,"API":"/options-chain-v3"},"timestamp":"2026-10-06 00:49:55,607+0530","service":"FyersAPIRequest"}
{"level":"DEBUG","location":"[get_call:168] fyersModel","message":{"Status Code":200,"API":"/quotes"},"timestamp":"2026-10-06 00:49:57,055+0530","service":"FyersAPIRequest","taskName":"Task-39"}
{"level":"DEBUG","location":"[get_call:168] fyersModel","message":{"Status Code":200,"API":"/options-chain-v3"},"timestamp":"2026-10-06 00:49:57,093+0530","service":"FyersAPIRequest","taskName":"Task-39"}
{"level":"DEBUG","location":"[get_call:168] fyersModel","message":{"Status Code":200,"API":"/quotes"},"timestamp":"2026-10-06 00:49:59,165+0530","service":"FyersAPIRequest","taskName":"Task-39"}
{"level":"DEBUG","location":"[get_call:168] fyersModel","message":{"Status Code":200,"API":"/options-chain-v3"},"timestamp":"2026-10-06 00:49:59,222+0530","service":"FyersAPIRequest","taskName":"Task-39"}
{"level":"DEBUG","location":"[get_call:168] fyersModel","message":{"Status Code":200,"API":"/quotes"},"timestamp":"2026-10-06 00:49:59,686+0530","service":"FyersAPIRequest"}
{"level":"DEBUG","location":"[get_call:168] fyersModel","message":{"Status Code":200,"API":"/options-chain-v3"},"timestamp":"2026-10-06 00:49:59,871+0530","service":"FyersAPIRequest"}
{"level":"DEBUG","location":"[get_call:168] fyersModel","message":{"Status Code":200,"API":"/quotes"},"timestamp":"2026-10-06 00:50:01,344+0530","service":"FyersAPIRequest","taskName":"Task-39"}
{"level":"DEBUG","location":"[get_call:168] fyersModel","message":{"Status Code":200,"API":"/options-chain-v3"},"timestamp":"2026-10-06 00:50:01,378+0530","service":"FyersAPIRequest","taskName":"Task-39"}
{"level":"DEBUG","location":"[get_call:168] fyersModel","message":{"Status Code":200,"API":"/quotes"},"timestamp":"2026-10-06 00:50:03,444+0530","service":"FyersAPIRequest","taskName":"Task-39"}
{"level":"DEBUG","location":"[get_call:168] fyersModel","message":{"Status Code":200,"API":"/options-chain-v3"},"timestamp":"2026-10-06 00:50:03,478+0530","service":"FyersAPIRequest","taskName":"Task-39"}
{"level":"DEBUG","location":"[get_call:168] fyersModel","message":{"Status Code":200,"API":"/quotes"},"timestamp":"2026-10-06 00:50:03,909+0530","service":"FyersAPIRequest"}
{"level":"DEBUG","location":"[get_call:168] fyersModel","message":{"Status Code":200,"API":"/options-chain-v3"},"timestamp":"2026-10-06 00:50:03,940+0530","service":"FyersAPIRequest"}
{"level":"DEBUG","location":"[get_call:168] fyersModel","message":{"Status Code":200,"API":"/quotes"},"timestamp":"2026-10-06 00:50:05,563+0530","service":"FyersAPIRequest","taskName":"Task-39"}
{"level":"DEBUG","location":"[get_call:168] fyersModel","message":{"Status Code":200,"API":"/options-chain-v3"},"timestamp":"2026-10-06 00:50:05,613+0530","service":"FyersAPIRequest","taskName":"Task-39"}
{"level":"DEBUG","location":"[get_call:168] fyersModel","message":{"Status Code":200,"API":"/quotes"},"timestamp":"2026-10-06 00:50:07,654+0530","service":"FyersAPIRequest","taskName":"Task-39"}
{"level":"DEBUG","location":"[get_call:168] fyersModel","message":{"Status Code":200,"API":"/options-chain-v3"},"timestamp":"2026-10-06 00:50:07,686+0530","service":"FyersAPIRequest","taskName":"Task-39"}
{"level":"DEBUG","location":"[get_call:168] fyersModel","message":{"Status Code":200,"API":"/quotes"},"timestamp":"2026-10-06 00:50:08,111+0530","service":"FyersAPIRequest"}
{"level":"DEBUG","location":"[get_call:168] fyersModel","message":{"Status Code":200,"API":"/options-chain-v3"},"timestamp":"2026-10-06 00:50:08,145+0530","service":"FyersAPIRequest"}
{"level":"DEBUG","location":"[get_call:168] fyersModel","message":{"Status Code":200,"API":"/quotes"},"timestamp":"2026-10-06 00:50:09,806+0530","service":"FyersAPIRequest","taskName":"Task-39"}
{"level":"DEBUG","location":"[get_call:168] fyersModel","message":{"Status Code":200,"API":"/options-chain-v3"},"timestamp":"2026-10-06 00:50:09,841+0530","service":"FyersAPIRequest","taskName":"Task-39"}
{"level":"DEBUG","location":"[get_call:168] fyersModel","message":{"Status Code":200,"API":"/quotes"},"timestamp":"2026-10-06 00:50:11,891+0530","service":"FyersAPIRequest","taskName":"Task-39"}
{"level":"DEBUG","location":"[get_call:168] fyersModel","message":{"Status Code":200,"API":"/options-chain-v3"},"timestamp":"2026-10-06 00:50:11,927+0530","service":"FyersAPIRequest","taskName":"Task-39"}
{"level":"DEBUG","location":"[get_call:168] fyersModel","message":{"Status Code":200,"API":"/quotes"},"timestamp":"2026-10-06 00:50:12,201+0530","service":"FyersAPIRequest"}
{"level":"DEBUG","location":"[get_call:168] fyersModel","message":{"Status Code":200,"API":"/options-chain-v3"},"timestamp":"2026-10-06 00:50:12,250+0530","service":"FyersAPIRequest"}
{"level":"DEBUG","location":"[get_call:168] fyersModel","message":{"Status Code":200,"API":"/quotes"},"timestamp":"2026-10-06 00:50:13,988+0530","service":"FyersAPIRequest","taskName":"Task-39"}
{"level":"DEBUG","location":"[get_call:168] fyersModel","message":{"Status Code":200,"API":"/options-chain-v3"},"timestamp":"2026-10-06 00:50:14,022+0530","service":"FyersAPIRequest","taskName":"Task-39"}
{"level":"DEBUG","location":"[get_call:168] fyersModel","message":{"Status Code":200,"API":"/quotes"},"timestamp":"2026-10-06 00:50:16,092+0530","service":"FyersAPIRequest","taskName":"Task-39"}
{"level":"DEBUG","location":"[get_call:168] fyersModel","message":{"Status Code":200,"API":"/options-chain-v3"},"timestamp":"2026-10-06 00:50:16,124+0530","service":"FyersAPIRequest","taskName":"Task-39"}
{"level":"DEBUG","location":"[get_call:168] fyersModel","message":{"Status Code":200,"API":"/quotes"},"timestamp":"2026-10-06 00:50:16,307+0530","service":"FyersAPIRequest"}
{"level":"DEBUG","location":"[get_call:168] fyersModel","message":{"Status Code":200,"API":"/options-chain-v3"},"timestamp":"2026-10-06 00:50:16,341+0530","service":"FyersAPIRequest"}
{"level":"DEBUG","location":"[get_call:168] fyersModel","message":{"Status Code":200,"API":"/quotes"},"timestamp":"2026-10-06 00:50:18,203+0530","service":"FyersAPIRequest","taskName":"Task-39"}
{"level":"DEBUG","location":"[get_call:168] fyersModel","message":{"Status Code":200,"API":"/options-chain-v3"},"timestamp":"2026-10-06 00:50:18,238+0530","service":"FyersAPIRequest","taskName":"Task-39"}
{"level":"DEBUG","location":"[get_call:168] fyersModel","message":{"Status Code":200,"API":"/profile"},"timestamp":"2026-10-06 00:50:22,058+0530","service":"FyersAPIRequest","taskName":"Task-39"}
{"level":"DEBUG","location":"[get_call:168] fyersModel","message":{"Status Code":200,"API":"/profile"},"timestamp":"2026-10-06 00:50:22,075+0530","service":"FyersAPIRequest"}
{"level":"DEBUG","location":"[get_call:168] fyersModel","message":{"Status Code":200,"API":"/quotes"},"timestamp":"2026-10-06 00:50:22,179+0530","service":"FyersAPIRequest","taskName":"Task-39"}
{"level":"DEBUG","location":"[get_call:168] fyersModel","message":{"Status Code":200,"API":"/quotes"},"timestamp":"2026-10-06 00:50:22,185+0530","service":"FyersAPIRequest"}
{"level":"DEBUG","location":"[get_call:168] fyersModel","message":{"Status Code":200,"API":"/options-chain-v3"},"timestamp":"2026-10-06 00:50:22,227+0530","service":"FyersAPIRequest","taskName":"Task-39"}
{"level":"DEBUG","location":"[get_call:168] fyersModel","message":{"Status Code":200,"API":"/options-chain-v3"},"timestamp":"2026-10-06 00:50:22,227+0530","service":"FyersAPIRequest"}
{"level":"DEBUG","location":"[get_call:168] fyersModel","message":{"Status Code":200,"API":"/quotes"},"timestamp":"2026-10-06 00:50:22,545+0530","service":"FyersAPIRequest","taskName":"Task-291"}
{"level":"DEBUG","location":"[get_call:168] fyersModel","message":{"Status Code":200,"API":"/options-chain-v3"},"timestamp":"2026-10-06 00:50:22,818+0530","service":"FyersAPIRequest","taskName":"Task-291"}
{"level":"DEBUG","location":"[get_call:168] fyersModel","message":{"Status Code":200,"API":"/quotes"},"timestamp":"2026-10-06 00:50:24,327+0530","service":"FyersAPIRequest","taskName":"Task-39"}
{"level":"DEBUG","location":"[get_call:168] fyersModel","message":{"Status Code":200,"API":"/options-chain-v3"},"timestamp":"2026-10-06 00:50:24,357+0530","service":"FyersAPIRequest","taskName":"Task-39"}
{"level":"DEBUG","location":"[get_call:168] fyersModel","message":{"Status Code":200,"API":"/quotes"},"timestamp":"2026-10-06 00:50:26,309+0530","service":"FyersAPIRequest"}
{"level":"DEBUG","location":"[get_call:168] fyersModel","message":{"Status Code":200,"API":"/options-chain-v3"},"timestamp":"2026-10-06 00:50:26,337+0530","service":"FyersAPIRequest"}
{"level":"DEBUG","location":"[get_call:168] fyersModel","message":{"Status Code":200,"API":"/quotes"},"timestamp":"2026-10-06 00:50:26,435+0530","service":"FyersAPIRequest","taskName":"Task-39"}
{"level":"DEBUG","location":"[get_call:168] fyersModel","message":{"Status Code":200,"API":"/options-chain-v3"},"timestamp":"2026-10-06 00:50:26,467+0530","service":"FyersAPIRequest","taskName":"Task-39"}
{"level":"DEBUG","location":"[get_call:168] fyersModel","message":{"Status Code":200,"API":"/quotes"},"timestamp":"2026-10-06 00:50:28,539+0530","service":"FyersAPIRequest","taskName":"Task-39"}
{"level":"DEBUG","location":"[get_call:168] fyersModel","message":{"Status Code":200,"API":"/options-chain-v3"},"timestamp":"2026-10-06 00:50:28,568+0530","service":"FyersAPIRequest","taskName":"Task-39"}
{"level":"DEBUG","location":"[get_call:168] fyersModel","message":{"Status Code":200,"API":"/quotes"},"timestamp":"2026-10-06 00:50:30,384+0530","service":"FyersAPIRequest"}
{"level":"DEBUG","location":"[get_call:168] fyersModel","message":{"Status Code":200,"API":"/options-chain-v3"},"timestamp":"2026-10-06 00:50:30,416+0530","service":"FyersAPIRequest"}
{"level":"DEBUG","location":"[get_call:168] fyersModel","message":{"Status Code":200,"API":"/quotes"},"timestamp":"2026-10-06 00:50:30,628+0530","service":"FyersAPIRequest","taskName":"Task-39"}
{"level":"DEBUG","location":"[get_call:168] fyersModel","message":{"Status Code":200,"API":"/options-chain-v3"},"timestamp":"2026-10-06 00:50:30,657+0530","service":"FyersAPIRequest","taskName":"Task-39"}
{"level":"DEBUG","location":"[get_call:168] fyersModel","message":{"Status Code":200,"API":"/quotes"},"timestamp":"2026-10-06 00:50:32,715+0530","service":"FyersAPIRequest","taskName":"Task-39"}
{"level":"DEBUG","location":"[get_call:168] fyersModel","message":{"Status Code":200,"API":"/options-chain-v3"},"timestamp":"2026-10-06 00:50:32,741+0530","service":"FyersAPIRequest","taskName":"Task-39"}
{"level":"DEBUG","location":"[get_call:168] fyersModel","message":{"Status Code":200,"API":"/quotes"},"timestamp":"2026-10-06 00:50:34,457+0530","service":"FyersAPIRequest"}
{"level":"DEBUG","location":"[get_call:168] fyersModel","message":{"Status Code":200,"API":"/options-chain-v3"},"timestamp":"2026-10-06 00:50:34,488+0530","service":"FyersAPIRequest"}
{"level":"DEBUG","location":"[get_call:168] fyersModel","message":{"Status Code":200,"API":"/quotes"},"timestamp":"2026-10-06 00:50:34,803+0530","service":"FyersAPIRequest","taskName":"Task-39"}
{"level":"DEBUG","location":"[get_call:168] fyersModel","message":{"Status Code":200,"API":"/options-chain-v3"},"timestamp":"2026-10-06 00:50:34,830+0530","service":"FyersAPIRequest","taskName":"Task-39"}
{"level":"DEBUG","location":"[get_call:168] fyersModel","message":{"Status Code":200,"API":"/quotes"},"timestamp":"2026-10-06 00:50:36,882+0530","service":"FyersAPIRequest","taskName":"Task-39"}
{"level":"DEBUG","location":"[get_call:168] fyersModel","message":{"Status Code":200,"API":"/options-chain-v3"},"timestamp":"2026-10-06 00:50:36,910+0530","service":"FyersAPIRequest","taskName":"Task-39"}
{"level":"DEBUG","location":"[get_call:168] fyersModel","message":{"Status Code":200,"API":"/quotes"},"timestamp":"2026-10-06 00:50:38,551+0530","service":"FyersAPIRequest"}
{"level":"DEBUG","location":"[get_call:168] fyersModel","message":{"Status Code":200,"API":"/options-chain-v3"},"timestamp":"2026-10-06 00:50:38,583+0530","service":"FyersAPIRequest"}
{"level":"DEBUG","location":"[get_call:168] fyersModel","message":{"Status Code":200,"API":"/quotes"},"timestamp":"2026-10-06 00:50:38,961+0530","service":"FyersAPIRequest","taskName":"Task-39"}
{"level":"DEBUG","location":"[get_call:168] fyersModel","message":{"Status Code":200,"API":"/options-chain-v3"},"timestamp":"2026-10-06 00:50:39,003+0530","service":"FyersAPIRequest","taskName":"Task-39"}
{"level":"DEBUG","location":"[get_call:168] fyersModel","message":{"Status Code":200,"API":"/quotes"},"timestamp":"2026-10-06 00:50:41,071+0530","service":"FyersAPIRequest","taskName":"Task-39"}
{"level":"DEBUG","location":"[get_call:168] fyersModel","message":{"Status Code":200,"API":"/options-chain-v3"},"timestamp":"2026-10-06 00:50:41,098+0530","service":"FyersAPIRequest","taskName":"Task-39"}
{"level":"DEBUG","location":"[get_call:168] fyersModel","message":{"Status Code":200,"API":"/quotes"},"timestamp":"2026-10-06 00:50:42,634+0530","service":"FyersAPIRequest"}
{"level":"DEBUG","location":"[get_call:168] fyersModel","message":{"Status Code":200,"API":"/options-chain-v3"},"timestamp":"2026-10-06 00:50:42,663+0530","service":"FyersAPIRequest"}
{"level":"DEBUG","location":"[get_call:168] fyersModel","message":{"Status Code":200,"API":"/quotes"},"timestamp":"2026-10-06 00:50:43,150+0530","service":"FyersAPIRequest","taskName":"Task-39"}
{"level":"DEBUG","location":"[get_call:168] fyersModel","message":{"Status Code":200,"API":"/options-chain-v3"},"timestamp":"2026-10-06 00:50:43,192+0530","service":"FyersAPIRequest","taskName":"Task-39"}
{"level":"DEBUG","location":"[get_call:168] fyersModel","message":{"Status Code":200,"API":"/quotes"},"timestamp":"2026-10-06 00:50:45,276+0530","service":"FyersAPIRequest","taskName":"Task-39"}
{"level":"DEBUG","location":"[get_call:168] fyersModel","message":{"Status Code":200,"API":"/options-chain-v3"},"timestamp":"2026-10-06 00:50:45,321+0530","service":"FyersAPIRequest","taskName":"Task-39"}
{"level":"DEBUG","location":"[get_call:168] fyersModel","message":{"Status Code":200,"API":"/quotes"},"timestamp":"2026-10-06 00:50:46,704+0530","service":"FyersAPIRequest"}
{"level":"DEBUG","location":"[get_call:168] fyersModel","message":{"Status Code":200,"API":"/options-chain-v3"},"timestamp":"2026-10-06 00:50:46,750+0530","service":"FyersAPIRequest"}
{"level":"DEBUG","location":"[get_call:168] fyersModel","message":{"Status Code":200,"API":"/quotes"},"timestamp":"2026-10-06 00:50:47,397+0530","service":"FyersAPIRequest","taskName":"Task-39"}
{"level":"DEBUG","location":"[get_call:168] fyersModel","message":{"Status Code":200,"API":"/options-chain-v3"},"timestamp":"2026-10-06 00:50:47,426+0530","service":"FyersAPIRequest","taskName":"Task-39"}
{"level":"DEBUG","location":"[get_call:168] fyersModel","message":{"Status Code":200,"API":"/quotes"},"timestamp":"2026-10-06 00:50:49,485+0530","service":"FyersAPIRequest","taskName":"Task-39"}
{"level":"DEBUG","location":"[get_call:168] fyersModel","message":{"Status Code":200,"API":"/options-chain-v3"},"timestamp":"2026-10-06 00:50:49,512+0530","service":"FyersAPIRequest","taskName":"Task-39"}
{"level":"DEBUG","location":"[get_call:168] fyersModel","message":{"Status Code":200,"API":"/profile"},"timestamp":"2026-10-06 00:50:51,485+0530","service":"FyersAPIRequest"}
{"level":"DEBUG","location":"[get_call:168] fyersModel","message":{"Status Code":200,"API":"/quotes"},"timestamp":"2026-10-06 00:50:51,509+0530","service":"FyersAPIRequest"}
{"level":"DEBUG","location":"[get_call:168] fyersModel","message":{"Status Code":200,"API":"/options-chain-v3"},"timestamp":"2026-10-06 00:50:51,543+0530","service":"FyersAPIRequest"}
{"level":"DEBUG","location":"[get_call:168] fyersModel","message":{"Status Code":200,"API":"/quotes"},"timestamp":"2026-10-06 00:50:52,188+0530","service":"FyersAPIRequest","taskName":"Task-39"}
{"level":"DEBUG","location":"[get_call:168] fyersModel","message":{"Status Code":200,"API":"/options-chain-v3"},"timestamp":"2026-10-06 00:50:52,217+0530","service":"FyersAPIRequest","taskName":"Task-39"}
{"level":"DEBUG","location":"[get_call:168] fyersModel","message":{"Status Code":200,"API":"/quotes"},"timestamp":"2026-10-06 00:50:54,263+0530","service":"FyersAPIRequest","taskName":"Task-39"}
{"level":"DEBUG","location":"[get_call:168] fyersModel","message":{"Status Code":200,"API":"/options-chain-v3"},"timestamp":"2026-10-06 00:50:54,295+0530","service":"FyersAPIRequest","taskName":"Task-39"}
{"level":"DEBUG","location":"[get_call:168] fyersModel","message":{"Status Code":200,"API":"/quotes"},"timestamp":"2026-10-06 00:50:55,587+0530","service":"FyersAPIRequest"}
{"level":"DEBUG","location":"[get_call:168] fyersModel","message":{"Status Code":200,"API":"/options-chain-v3"},"timestamp":"2026-10-06 00:50:55,615+0530","service":"FyersAPIRequest"}
{"level":"DEBUG","location":"[get_call:168] fyersModel","message":{"Status Code":200,"API":"/quotes"},"timestamp":"2026-10-06 00:50:56,337+0530","service":"FyersAPIRequest","taskName":"Task-39"}
{"level":"DEBUG","location":"[get_call:168] fyersModel","message":{"Status Code":200,"API":"/options-chain-v3"},"timestamp":"2026-10-06 00:50:56,365+0530","service":"FyersAPIRequest","taskName":"Task-39"}
{"level":"DEBUG","location":"[get_call:168] fyersModel","message":{"Status Code":200,"API":"/quotes"},"timestamp":"2026-10-06 00:50:58,417+0530","service":"FyersAPIRequest","taskName":"Task-39"}
{"level":"DEBUG","location":"[get_call:168] fyersModel","message":{"Status Code":200,"API":"/options-chain-v3"},"timestamp":"2026-10-06 00:50:58,446+0530","service":"FyersAPIRequest","taskName":"Task-39"}
{"level":"DEBUG","location":"[get_call:168] fyersModel","message":{"Status Code":200,"API":"/quotes"},"timestamp":"2026-10-06 00:50:59,654+0530","service":"FyersAPIRequest"}
{"level":"DEBUG","location":"[get_call:168] fyersModel","message":{"Status Code":200,"API":"/options-chain-v3"},"timestamp":"2026-10-06 00:50:59,684+0530","service":"FyersAPIRequest"}
{"level":"DEBUG","location":"[get_call:168] fyersModel","message":{"Status Code":200,"API":"/quotes"},"timestamp":"2026-10-06 00:51:00,501+0530","service":"FyersAPIRequest","taskName":"Task-39"}
{"level":"DEBUG","location":"[get_call:168] fyersModel","message":{"Status Code":200,"API":"/options-chain-v3"},"timestamp":"2026-10-06 00:51:00,529+0530","service":"FyersAPIRequest","taskName":"Task-39"}
{"level":"DEBUG","location":"[get_call:168] fyersModel","message":{"Status Code":200,"API":"/quotes"},"timestamp":"2026-10-06 00:51:02,580+0530","service":"FyersAPIRequest","taskName":"Task-39"}
{"level":"DEBUG","location":"[get_call:168] fyersModel","message":{"Status Code":200,"API":"/options-chain-v3"},"timestamp":"2026-10-06 00:51:02,608+0530","service":"FyersAPIRequest","taskName":"Task-39"}
{"level":"DEBUG","location":"[get_call:168] fyersModel","message":{"Status Code":200,"API":"/quotes"},"timestamp":"2026-10-06 00:51:03,716+0530","service":"FyersAPIRequest"}
{"level":"DEBUG","location":"[get_call:168] fyersModel","message":{"Status Code":200,"API":"/options-chain-v3"},"timestamp":"2026-10-06 00:51:03,747+0530","service":"FyersAPIRequest"}
{"level":"DEBUG","location":"[get_call:168] fyersModel","message":{"Status Code":200,"API":"/quotes"},"timestamp":"2026-10-06 00:51:04,628+0530","service":"FyersAPIRequest","taskName":"Task-39"}
{"level":"DEBUG","location":"[get_call:168] fyersModel","message":{"Status Code":200,"API":"/options-chain-v3"},"timestamp":"2026-10-06 00:51:04,656+0530","service":"FyersAPIRequest","taskName":"Task-39"}
{"level":"DEBUG","location":"[get_call:168] fyersModel","message":{"Status Code":200,"API":"/quotes"},"timestamp":"2026-10-06 00:51:06,703+0530","service":"FyersAPIRequest","taskName":"Task-39"}
{"level":"DEBUG","location":"[get_call:168] fyersModel","message":{"Status Code":200,"API":"/options-chain-v3"},"timestamp":"2026-10-06 00:51:06,733+0530","service":"FyersAPIRequest","taskName":"Task-39"}
{"level":"DEBUG","location":"[get_call:168] fyersModel","message":{"Status Code":200,"API":"/quotes"},"timestamp":"2026-10-06 00:51:07,837+0530","service":"FyersAPIRequest"}
{"level":"DEBUG","location":"[get_call:168] fyersModel","message":{"Status Code":200,"API":"/options-chain-v3"},"timestamp":"2026-10-06 00:51:07,868+0530","service":"FyersAPIRequest"}
{"level":"DEBUG","location":"[get_call:168] fyersModel","message":{"Status Code":200,"API":"/quotes"},"timestamp":"2026-10-06 00:51:08,829+0530","service":"FyersAPIRequest","taskName":"Task-39"}
{"level":"DEBUG","location":"[get_call:168] fyersModel","message":{"Status Code":200,"API":"/options-chain-v3"},"timestamp":"2026-10-06 00:51:08,863+0530","service":"FyersAPIRequest","taskName":"Task-39"}
{"level":"DEBUG","location":"[get_call:168] fyersModel","message":{"Status Code":200,"API":"/quotes"},"timestamp":"2026-10-06 00:51:09,892+0530","service":"FyersAPIRequest","taskName":"Task-295"}
{"level":"DEBUG","location":"[get_call:168] fyersModel","message":{"Status Code":200,"API":"/options-chain-v3"},"timestamp":"2026-10-06 00:51:09,951+0530","service":"FyersAPIRequest","taskName":"Task-295"}
{"level":"DEBUG","location":"[get_call:168] fyersModel","message":{"Status Code":200,"API":"/quotes"},"timestamp":"2026-10-06 00:51:11,018+0530","service":"FyersAPIRequest","taskName":"Task-39"}
{"level":"DEBUG","location":"[get_call:168] fyersModel","message":{"Status Code":200,"API":"/options-chain-v3"},"timestamp":"2026-10-06 00:51:11,080+0530","service":"FyersAPIRequest","taskName":"Task-39"}
{"level":"DEBUG","location":"[get_call:168] fyersModel","message":{"Status Code":200,"API":"/quotes"},"timestamp":"2026-10-06 00:51:11,966+0530","service":"FyersAPIRequest"}
{"level":"DEBUG","location":"[get_call:168] fyersModel","message":{"Status Code":200,"API":"/options-chain-v3"},"timestamp":"2026-10-06 00:51:11,994+0530","service":"FyersAPIRequest"}
{"level":"DEBUG","location":"[get_call:168] fyersModel","message":{"Status Code":200,"API":"/quotes"},"timestamp":"2026-10-06 00:51:12,426+0530","service":"FyersAPIRequest","taskName":"Task-298"}
{"level":"DEBUG","location":"[get_call:168] fyersModel","message":{"Status Code":200,"API":"/options-chain-v3"},"timestamp":"2026-10-06 00:51:12,467+0530","service":"FyersAPIRequest","taskName":"Task-298"}
{"level":"DEBUG","location":"[get_call:168] fyersModel","message":{"Status Code":200,"API":"/quotes"},"timestamp":"2026-10-06 00:51:13,303+0530","service":"FyersAPIRequest","taskName":"Task-39"}
{"level":"DEBUG","location":"[get_call:168] fyersModel","message":{"Status Code":200,"API":"/options-chain-v3"},"timestamp":"2026-10-06 00:51:13,334+0530","service":"FyersAPIRequest","taskName":"Task-39"}
{"level":"DEBUG","location":"[get_call:168] fyersModel","message":{"Status Code":200,"API":"/quotes"},"timestamp":"2026-10-06 00:51:15,411+0530","service":"FyersAPIRequest","taskName":"Task-39"}
{"level":"DEBUG","location":"[get_call:168] fyersModel","message":{"Status Code":200,"API":"/options-chain-v3"},"timestamp":"2026-10-06 00:51:15,444+0530","service":"FyersAPIRequest","taskName":"Task-39"}
{"level":"DEBUG","location":"[get_call:168] fyersModel","message":{"Status Code":200,"API":"/quotes"},"timestamp":"2026-10-06 00:51:16,037+0530","service":"FyersAPIRequest"}
{"level":"DEBUG","location":"[get_call:168] fyersModel","message":{"Status Code":200,"API":"/options-chain-v3"},"timestamp":"2026-10-06 00:51:16,083+0530","service":"FyersAPIRequest"}
{"level":"DEBUG","location":"[get_call:168] fyersModel","message":{"Status Code":200,"API":"/quotes"},"timestamp":"2026-10-06 00:51:16,450+0530","service":"FyersAPIRequest","taskName":"Task-301"}
{"level":"DEBUG","location":"[get_call:168] fyersModel","message":{"Status Code":200,"API":"/options-chain-v3"},"timestamp":"2026-10-06 00:51:16,480+0530","service":"FyersAPIRequest","taskName":"Task-301"}
{"level":"DEBUG","location":"[get_call:168] fyersModel","message":{"Status Code":200,"API":"/quotes"},"timestamp":"2026-10-06 00:51:17,507+0530","service":"FyersAPIRequest","taskName":"Task-39"}
{"level":"DEBUG","location":"[get_call:168] fyersModel","message":{"Status Code":200,"API":"/options-chain-v3"},"timestamp":"2026-10-06 00:51:17,544+0530","service":"FyersAPIRequest","taskName":"Task-39"}
{"level":"DEBUG","location":"[get_call:168] fyersModel","message":{"Status Code":200,"API":"/quotes"},"timestamp":"2026-10-06 00:51:19,568+0530","service":"FyersAPIRequest","taskName":"Task-39"}
{"level":"DEBUG","location":"[get_call:168] fyersModel","message":{"Status Code":200,"API":"/options-chain-v3"},"timestamp":"2026-10-06 00:51:19,594+0530","service":"FyersAPIRequest","taskName":"Task-39"}
{"level":"DEBUG","location":"[get_call:168] fyersModel","message":{"Status Code":200,"API":"/quotes"},"timestamp":"2026-10-06 00:51:20,133+0530","service":"FyersAPIRequest"}
{"level":"DEBUG","location":"[get_call:168] fyersModel","message":{"Status Code":200,"API":"/options-chain-v3"},"timestamp":"2026-10-06 00:51:20,164+0530","service":"FyersAPIRequest"}
{"level":"DEBUG","location":"[get_call:168] fyersModel","message":{"Status Code":200,"API":"/quotes"},"timestamp":"2026-10-06 00:51:20,423+0530","service":"FyersAPIRequest","taskName":"Task-304"}
{"level":"DEBUG","location":"[get_call:168] fyersModel","message":{"Status Code":200,"API":"/options-chain-v3"},"timestamp":"2026-10-06 00:51:20,455+0530","service":"FyersAPIRequest","taskName":"Task-304"}
{"level":"DEBUG","location":"[get_call:168] fyersModel","message":{"Status Code":200,"API":"/profile"},"timestamp":"2026-10-06 00:51:22,957+0530","service":"FyersAPIRequest","taskName":"Task-39"}
{"level":"DEBUG","location":"[get_call:168] fyersModel","message":{"Status Code":200,"API":"/quotes"},"timestamp":"2026-10-06 00:51:22,976+0530","service":"FyersAPIRequest","taskName":"Task-39"}
{"level":"DEBUG","location":"[get_call:168] fyersModel","message":{"Status Code":200,"API":"/options-chain-v3"},"timestamp":"2026-10-06 00:51:23,003+0530","service":"FyersAPIRequest","taskName":"Task-39"}
{"level":"DEBUG","location":"[get_call:168] fyersModel","message":{"Status Code":200,"API":"/quotes"},"timestamp":"2026-10-06 00:51:24,200+0530","service":"FyersAPIRequest"}
{"level":"DEBUG","location":"[get_call:168] fyersModel","message":{"Status Code":200,"API":"/options-chain-v3"},"timestamp":"2026-10-06 00:51:24,227+0530","service":"FyersAPIRequest"}
{"level":"DEBUG","location":"[get_call:168] fyersModel","message":{"Status Code":200,"API":"/quotes"},"timestamp":"2026-10-06 00:51:24,437+0530","service":"FyersAPIRequest","taskName":"Task-307"}
{"level":"DEBUG","location":"[get_call:168] fyersModel","message":{"Status Code":200,"API":"/options-chain-v3"},"timestamp":"2026-10-06 00:51:24,467+0530","service":"FyersAPIRequest","taskName":"Task-307"}
{"level":"DEBUG","location":"[get_call:168] fyersModel","message":{"Status Code":200,"API":"/quotes"},"timestamp":"2026-10-06 00:51:25,058+0530","service":"FyersAPIRequest","taskName":"Task-39"}
{"level":"DEBUG","location":"[get_call:168] fyersModel","message":{"Status Code":200,"API":"/options-chain-v3"},"timestamp":"2026-10-06 00:51:25,086+0530","service":"FyersAPIRequest","taskName":"Task-39"}
{"level":"DEBUG","location":"[get_call:168] fyersModel","message":{"Status Code":200,"API":"/quotes"},"timestamp":"2026-10-06 00:51:27,127+0530","service":"FyersAPIRequest","taskName":"Task-39"}
{"level":"DEBUG","location":"[get_call:168] fyersModel","message":{"Status Code":200,"API":"/options-chain-v3"},"timestamp":"2026-10-06 00:51:27,157+0530","service":"FyersAPIRequest","taskName":"Task-39"}
{"level":"DEBUG","location":"[get_call:168] fyersModel","message":{"Status Code":200,"API":"/quotes"},"timestamp":"2026-10-06 00:51:28,264+0530","service":"FyersAPIRequest"}
{"level":"DEBUG","location":"[get_call:168] fyersModel","message":{"Status Code":200,"API":"/options-chain-v3"},"timestamp":"2026-10-06 00:51:28,291+0530","service":"FyersAPIRequest"}
{"level":"DEBUG","location":"[get_call:168] fyersModel","message":{"Status Code":200,"API":"/quotes"},"timestamp":"2026-10-06 00:51:28,424+0530","service":"FyersAPIRequest","taskName":"Task-310"}
{"level":"DEBUG","location":"[get_call:168] fyersModel","message":{"Status Code":200,"API":"/options-chain-v3"},"timestamp":"2026-10-06 00:51:28,460+0530","service":"FyersAPIRequest","taskName":"Task-310"}
{"level":"DEBUG","location":"[get_call:168] fyersModel","message":{"Status Code":200,"API":"/quotes"},"timestamp":"2026-10-06 00:51:29,523+0530","service":"FyersAPIRequest","taskName":"Task-39"}
{"level":"DEBUG","location":"[get_call:168] fyersModel","message":{"Status Code":200,"API":"/options-chain-v3"},"timestamp":"2026-10-06 00:51:29,549+0530","service":"FyersAPIRequest","taskName":"Task-39"}
{"level":"DEBUG","location":"[get_call:168] fyersModel","message":{"Status Code":200,"API":"/quotes"},"timestamp":"2026-10-06 00:51:31,595+0530","service":"FyersAPIRequest","taskName":"Task-39"}
{"level":"DEBUG","location":"[get_call:168] fyersModel","message":{"Status Code":200,"API":"/options-chain-v3"},"timestamp":"2026-10-06 00:51:31,625+0530","service":"FyersAPIRequest","taskName":"Task-39"}
{"level":"DEBUG","location":"[get_call:168] fyersModel","message":{"Status Code":200,"API":"/quotes"},"timestamp":"2026-10-06 00:51:32,324+0530","service":"FyersAPIRequest"}
{"level":"DEBUG","location":"[get_call:168] fyersModel","message":{"Status Code":200,"API":"/options-chain-v3"},"timestamp":"2026-10-06 00:51:32,350+0530","service":"FyersAPIRequest"}
{"level":"DEBUG","location":"[get_call:168] fyersModel","message":{"Status Code":200,"API":"/quotes"},"timestamp":"2026-10-06 00:51:32,431+0530","service":"FyersAPIRequest","taskName":"Task-313"}
{"level":"DEBUG","location":"[get_call:168] fyersModel","message":{"Status Code":200,"API":"/options-chain-v3"},"timestamp":"2026-10-06 00:51:32,467+0530","service":"FyersAPIRequest","taskName":"Task-313"}
{"level":"DEBUG","location":"[get_call:168] fyersModel","message":{"Status Code":200,"API":"/quotes"},"timestamp":"2026-10-06 00:51:33,689+0530","service":"FyersAPIRequest","taskName":"Task-39"}
{"level":"DEBUG","location":"[get_call:168] fyersModel","message":{"Status Code":200,"API":"/options-chain-v3"},"timestamp":"2026-10-06 00:51:33,715+0530","service":"FyersAPIRequest","taskName":"Task-39"}
{"level":"DEBUG","location":"[get_call:168] fyersModel","message":{"Status Code":200,"API":"/quotes"},"timestamp":"2026-10-06 00:51:35,774+0530","service":"FyersAPIRequest","taskName":"Task-39"}
{"level":"DEBUG","location":"[get_call:168] fyersModel","message":{"Status Code":200,"API":"/options-chain-v3"},"timestamp":"2026-10-06 00:51:35,800+0530","service":"FyersAPIRequest","taskName":"Task-39"}
{"level":"DEBUG","location":"[get_call:168] fyersModel","message":{"Status Code":200,"API":"/quotes"},"timestamp":"2026-10-06 00:51:36,383+0530","service":"FyersAPIRequest"}
{"level":"DEBUG","location":"[get_call:168] fyersModel","message":{"Status Code":200,"API":"/options-chain-v3"},"timestamp":"2026-10-06 00:51:36,424+0530","service":"FyersAPIRequest"}
{"level":"DEBUG","location":"[get_call:168] fyersModel","message":{"Status Code":200,"API":"/quotes"},"timestamp":"2026-10-06 00:51:37,069+0530","service":"FyersAPIRequest","taskName":"Task-316"}
{"level":"DEBUG","location":"[get_call:168] fyersModel","message":{"Status Code":200,"API":"/options-chain-v3"},"timestamp":"2026-10-06 00:51:37,101+0530","service":"FyersAPIRequest","taskName":"Task-316"}
{"level":"DEBUG","location":"[get_call:168] fyersModel","message":{"Status Code":200,"API":"/quotes"},"timestamp":"2026-10-06 00:51:37,845+0530","service":"FyersAPIRequest","taskName":"Task-39"}
{"level":"DEBUG","location":"[get_call:168] fyersModel","message":{"Status Code":200,"API":"/options-chain-v3"},"timestamp":"2026-10-06 00:51:37,874+0530","service":"FyersAPIRequest","taskName":"Task-39"}
{"level":"DEBUG","location":"[get_call:168] fyersModel","message":{"Status Code":200,"API":"/quotes"},"timestamp":"2026-10-06 00:51:39,924+0530","service":"FyersAPIRequest","taskName":"Task-39"}
{"level":"DEBUG","location":"[get_call:168] fyersModel","message":{"Status Code":200,"API":"/options-chain-v3"},"timestamp":"2026-10-06 00:51:39,950+0530","service":"FyersAPIRequest","taskName":"Task-39"}
{"level":"DEBUG","location":"[get_call:168] fyersModel","message":{"Status Code":200,"API":"/quotes"},"timestamp":"2026-10-06 00:51:40,429+0530","service":"FyersAPIRequest","taskName":"Task-319"}
{"level":"DEBUG","location":"[get_call:168] fyersModel","message":{"Status Code":200,"API":"/quotes"},"timestamp":"2026-10-06 00:51:40,473+0530","service":"FyersAPIRequest"}
{"level":"DEBUG","location":"[get_call:168] fyersModel","message":{"Status Code":200,"API":"/options-chain-v3"},"timestamp":"2026-10-06 00:51:40,474+0530","service":"FyersAPIRequest","taskName":"Task-319"}
{"level":"DEBUG","location":"[get_call:168] fyersModel","message":{"Status Code":200,"API":"/options-chain-v3"},"timestamp":"2026-10-06 00:51:40,533+0530","service":"FyersAPIRequest"}
{"level":"DEBUG","location":"[get_call:168] fyersModel","message":{"Status Code":200,"API":"/quotes"},"timestamp":"2026-10-06 00:51:42,023+0530","service":"FyersAPIRequest","taskName":"Task-39"}
{"level":"DEBUG","location":"[get_call:168] fyersModel","message":{"Status Code":200,"API":"/options-chain-v3"},"timestamp":"2026-10-06 00:51:42,058+0530","service":"FyersAPIRequest","taskName":"Task-39"}
{"level":"DEBUG","location":"[get_call:168] fyersModel","message":{"Status Code":200,"API":"/quotes"},"timestamp":"2026-10-06 00:51:44,132+0530","service":"FyersAPIRequest","taskName":"Task-39"}
{"level":"DEBUG","location":"[get_call:168] fyersModel","message":{"Status Code":200,"API":"/options-chain-v3"},"timestamp":"2026-10-06 00:51:44,160+0530","service":"FyersAPIRequest","taskName":"Task-39"}
{"level":"DEBUG","location":"[get_call:168] fyersModel","message":{"Status Code":200,"API":"/quotes"},"timestamp":"2026-10-06 00:51:44,503+0530","service":"FyersAPIRequest","taskName":"Task-322"}
{"level":"DEBUG","location":"[get_call:168] fyersModel","message":{"Status Code":200,"API":"/options-chain-v3"},"timestamp":"2026-10-06 00:51:44,538+0530","service":"FyersAPIRequest","taskName":"Task-322"}
{"level":"DEBUG","location":"[get_call:168] fyersModel","message":{"Status Code":200,"API":"/quotes"},"timestamp":"2026-10-06 00:51:44,612+0530","service":"FyersAPIRequest"}
{"level":"DEBUG","location":"[get_call:168] fyersModel","message":{"Status Code":200,"API":"/options-chain-v3"},"timestamp":"2026-10-06 00:51:44,642+0530","service":"FyersAPIRequest"}
{"level":"DEBUG","location":"[get_call:168] fyersModel","message":{"Status Code":200,"API":"/quotes"},"timestamp":"2026-10-06 00:51:46,221+0530","service":"FyersAPIRequest","taskName":"Task-39"}
{"level":"DEBUG","location":"[get_call:168] fyersModel","message":{"Status Code":200,"API":"/options-chain-v3"},"timestamp":"2026-10-06 00:51:46,251+0530","service":"FyersAPIRequest","taskName":"Task-39"}
{"level":"DEBUG","location":"[get_call:168] fyersModel","message":{"Status Code":200,"API":"/quotes"},"timestamp":"2026-10-06 00:51:48,325+0530","service":"FyersAPIRequest","taskName":"Task-39"}
{"level":"DEBUG","location":"[get_call:168] fyersModel","message":{"Status Code":200,"API":"/options-chain-v3"},"timestamp":"2026-10-06 00:51:48,364+0530","service":"FyersAPIRequest","taskName":"Task-39"}
{"level":"DEBUG","location":"[get_call:168] fyersModel","message":{"Status Code":200,"API":"/quotes"},"timestamp":"2026-10-06 00:51:48,485+0530","service":"FyersAPIRequest","taskName":"Task-325"}
{"level":"DEBUG","location":"[get_call:168] fyersModel","message":{"Status Code":200,"API":"/options-chain-v3"},"timestamp":"2026-10-06 00:51:48,554+0530","service":"FyersAPIRequest","taskName":"Task-325"}
{"level":"DEBUG","location":"[get_call:168] fyersModel","message":{"Status Code":200,"API":"/quotes"},"timestamp":"2026-10-06 00:51:48,723+0530","service":"FyersAPIRequest"}
{"level":"DEBUG","location":"[get_call:168] fyersModel","message":{"Status Code":200,"API":"/options-chain-v3"},"timestamp":"2026-10-06 00:51:48,768+0530","service":"FyersAPIRequest"}
{"level":"DEBUG","location":"[get_call:168] fyersModel","message":{"Status Code":200,"API":"/quotes"},"timestamp":"2026-10-06 00:51:50,449+0530","service":"FyersAPIRequest","taskName":"Task-39"}
{"level":"DEBUG","location":"[get_call:168] fyersModel","message":{"Status Code":200,"API":"/options-chain-v3"},"timestamp":"2026-10-06 00:51:50,492+0530","service":"FyersAPIRequest","taskName":"Task-39"}
{"level":"DEBUG","location":"[get_call:168] fyersModel","message":{"Status Code":200,"API":"/profile"},"timestamp":"2026-10-06 00:51:54,006+0530","service":"FyersAPIRequest","taskName":"Task-326"}
{"level":"DEBUG","location":"[get_call:168] fyersModel","message":{"Status Code":200,"API":"/quotes"},"timestamp":"2026-10-06 00:51:54,038+0530","service":"FyersAPIRequest","taskName":"Task-39"}
{"level":"DEBUG","location":"[get_call:168] fyersModel","message":{"Status Code":200,"API":"/options-chain-v3"},"timestamp":"2026-10-06 00:51:54,073+0530","service":"FyersAPIRequest","taskName":"Task-39"}
{"level":"DEBUG","location":"[get_call:168] fyersModel","message":{"Status Code":200,"API":"/quotes"},"timestamp":"2026-10-06 00:51:54,474+0530","service":"FyersAPIRequest","taskName":"Task-328"}
{"level":"DEBUG","location":"[get_call:168] fyersModel","message":{"Status Code":200,"API":"/options-chain-v3"},"timestamp":"2026-10-06 00:51:54,515+0530","service":"FyersAPIRequest","taskName":"Task-328"}
{"level":"DEBUG","location":"[get_call:168] fyersModel","message":{"Status Code":200,"API":"/profile"},"timestamp":"2026-10-06 00:51:54,912+0530","service":"FyersAPIRequest"}
{"level":"DEBUG","location":"[get_call:168] fyersModel","message":{"Status Code":200,"API":"/quotes"},"timestamp":"2026-10-06 00:51:55,030+0530","service":"FyersAPIRequest"}
{"level":"DEBUG","location":"[get_call:168] fyersModel","message":{"Status Code":200,"API":"/options-chain-v3"},"timestamp":"2026-10-06 00:51:55,089+0530","service":"FyersAPIRequest"}
{"level":"DEBUG","location":"[get_call:168] fyersModel","message":{"Status Code":200,"API":"/quotes"},"timestamp":"2026-10-06 00:51:56,141+0530","service":"FyersAPIRequest","taskName":"Task-39"}
{"level":"DEBUG","location":"[get_call:168] fyersModel","message":{"Status Code":200,"API":"/options-chain-v3"},"timestamp":"2026-10-06 00:51:56,171+0530","service":"FyersAPIRequest","taskName":"Task-39"}
{"level":"DEBUG","location":"[get_call:168] fyersModel","message":{"Status Code":200,"API":"/quotes"},"timestamp":"2026-10-06 00:51:56,422+0530","service":"FyersAPIRequest","taskName":"Task-331"}
{"level":"DEBUG","location":"[get_call:168] fyersModel","message":{"Status Code":200,"API":"/options-chain-v3"},"timestamp":"2026-10-06 00:51:56,463+0530","service":"FyersAPIRequest","taskName":"Task-331"}
{"level":"DEBUG","location":"[get_call:168] fyersModel","message":{"Status Code":200,"API":"/quotes"},"timestamp":"2026-10-06 00:51:58,241+0530","service":"FyersAPIRequest","taskName":"Task-39"}
{"level":"DEBUG","location":"[get_call:168] fyersModel","message":{"Status Code":200,"API":"/options-chain-v3"},"timestamp":"2026-10-06 00:51:58,271+0530","service":"FyersAPIRequest","taskName":"Task-39"}
{"level":"DEBUG","location":"[get_call:168] fyersModel","message":{"Status Code":200,"API":"/quotes"},"timestamp":"2026-10-06 00:51:59,130+0530","service":"FyersAPIRequest"}
{"level":"DEBUG","location":"[get_call:168] fyersModel","message":{"Status Code":200,"API":"/options-chain-v3"},"timestamp":"2026-10-06 00:51:59,163+0530","service":"FyersAPIRequest"}
{"level":"DEBUG","location":"[get_call:168] fyersModel","message":{"Status Code":200,"API":"/quotes"},"timestamp":"2026-10-06 00:52:00,324+0530","service":"FyersAPIRequest","taskName":"Task-39"}
{"level":"DEBUG","location":"[get_call:168] fyersModel","message":{"Status Code":200,"API":"/options-chain-v3"},"timestamp":"2026-10-06 00:52:00,354+0530","service":"FyersAPIRequest","taskName":"Task-39"}
{"level":"DEBUG","location":"[get_call:168] fyersModel","message":{"Status Code":200,"API":"/quotes"},"timestamp":"2026-10-06 00:52:00,418+0530","service":"FyersAPIRequest","taskName":"Task-334"}
{"level":"DEBUG","location":"[get_call:168] fyersModel","message":{"Status Code":200,"API":"/options-chain-v3"},"timestamp":"2026-10-06 00:52:00,451+0530","service":"FyersAPIRequest","taskName":"Task-334"}
{"level":"DEBUG","location":"[get_call:168] fyersModel","message":{"Status Code":200,"API":"/quotes"},"timestamp":"2026-10-06 00:52:02,425+0530","service":"FyersAPIRequest","taskName":"Task-39"}
{"level":"DEBUG","location":"[get_call:168] fyersModel","message":{"Status Code":200,"API":"/options-chain-v3"},"timestamp":"2026-10-06 00:52:02,459+0530","service":"FyersAPIRequest","taskName":"Task-39"}
{"level":"DEBUG","location":"[get_call:168] fyersModel","message":{"Status Code":200,"API":"/quotes"},"timestamp":"2026-10-06 00:52:03,203+0530","service":"FyersAPIRequest"}
{"level":"DEBUG","location":"[get_call:168] fyersModel","message":{"Status Code":200,"API":"/options-chain-v3"},"timestamp":"2026-10-06 00:52:03,237+0530","service":"FyersAPIRequest"}
{"level":"DEBUG","location":"[get_call:168] fyersModel","message":{"Status Code":200,"API":"/quotes"},"timestamp":"2026-10-06 00:52:04,617+0530","service":"FyersAPIRequest","taskName":"Task-39"}
{"level":"DEBUG","location":"[get_call:168] fyersModel","message":{"Status Code":200,"API":"/options-chain-v3"},"timestamp":"2026-10-06 00:52:04,654+0530","service":"FyersAPIRequest","taskName":"Task-39"}
{"level":"DEBUG","location":"[get_call:168] fyersModel","message":{"Status Code":200,"API":"/quotes"},"timestamp":"2026-10-06 00:52:04,820+0530","service":"FyersAPIRequest","taskName":"Task-337"}
{"level":"DEBUG","location":"[get_call:168] fyersModel","message":{"Status Code":200,"API":"/options-chain-v3"},"timestamp":"2026-10-06 00:52:04,858+0530","service":"FyersAPIRequest","taskName":"Task-337"}
{"level":"DEBUG","location":"[get_call:168] fyersModel","message":{"Status Code":200,"API":"/quotes"},"timestamp":"2026-10-06 00:52:06,744+0530","service":"FyersAPIRequest","taskName":"Task-39"}
{"level":"DEBUG","location":"[get_call:168] fyersModel","message":{"Status Code":200,"API":"/options-chain-v3"},"timestamp":"2026-10-06 00:52:06,775+0530","service":"FyersAPIRequest","taskName":"Task-39"}
{"level":"DEBUG","location":"[get_call:168] fyersModel","message":{"Status Code":200,"API":"/quotes"},"timestamp":"2026-10-06 00:52:07,368+0530","service":"FyersAPIRequest"}
{"level":"DEBUG","location":"[get_call:168] fyersModel","message":{"Status Code":200,"API":"/options-chain-v3"},"timestamp":"2026-10-06 00:52:07,401+0530","service":"FyersAPIRequest"}
{"level":"DEBUG","location":"[get_call:168] fyersModel","message":{"Status Code":200,"API":"/quotes"},"timestamp":"2026-10-06 00:52:08,520+0530","service":"FyersAPIRequest","taskName":"Task-340"}
{"level":"DEBUG","location":"[get_call:168] fyersModel","message":{"Status Code":200,"API":"/options-chain-v3"},"timestamp":"2026-10-06 00:52:08,561+0530","service":"FyersAPIRequest","taskName":"Task-340"}
{"level":"DEBUG","location":"[get_call:168] fyersModel","message":{"Status Code":200,"API":"/quotes"},"timestamp":"2026-10-06 00:52:08,851+0530","service":"FyersAPIRequest","taskName":"Task-39"}
{"level":"DEBUG","location":"[get_call:168] fyersModel","message":{"Status Code":200,"API":"/options-chain-v3"},"timestamp":"2026-10-06 00:52:08,894+0530","service":"FyersAPIRequest","taskName":"Task-39"}
{"level":"DEBUG","location":"[get_call:168] fyersModel","message":{"Status Code":200,"API":"/quotes"},"timestamp":"2026-10-06 00:52:10,980+0530","service":"FyersAPIRequest","taskName":"Task-39"}
{"level":"DEBUG","location":"[get_call:168] fyersModel","message":{"Status Code":200,"API":"/options-chain-v3"},"timestamp":"2026-10-06 00:52:11,013+0530","service":"FyersAPIRequest","taskName":"Task-39"}
{"level":"DEBUG","location":"[get_call:168] fyersModel","message":{"Status Code":200,"API":"/quotes"},"timestamp":"2026-10-06 00:52:11,446+0530","service":"FyersAPIRequest"}
{"level":"DEBUG","location":"[get_call:168] fyersModel","message":{"Status Code":200,"API":"/options-chain-v3"},"timestamp":"2026-10-06 00:52:11,476+0530","service":"FyersAPIRequest"}
{"level":"DEBUG","location":"[get_call:168] fyersModel","message":{"Status Code":200,"API":"/quotes"},"timestamp":"2026-10-06 00:52:13,053+0530","service":"FyersAPIRequest","taskName":"Task-39"}
{"level":"DEBUG","location":"[get_call:168] fyersModel","message":{"Status Code":200,"API":"/options-chain-v3"},"timestamp":"2026-10-06 00:52:13,084+0530","service":"FyersAPIRequest","taskName":"Task-39"}
{"level":"DEBUG","location":"[get_call:168] fyersModel","message":{"Status Code":200,"API":"/quotes"},"timestamp":"2026-10-06 00:52:15,143+0530","service":"FyersAPIRequest","taskName":"Task-39"}
{"level":"DEBUG","location":"[get_call:168] fyersModel","message":{"Status Code":200,"API":"/options-chain-v3"},"timestamp":"2026-10-06 00:52:15,176+0530","service":"FyersAPIRequest","taskName":"Task-39"}
{"level":"DEBUG","location":"[get_call:168] fyersModel","message":{"Status Code":200,"API":"/quotes"},"timestamp":"2026-10-06 00:52:15,561+0530","service":"FyersAPIRequest"}
{"level":"DEBUG","location":"[get_call:168] fyersModel","message":{"Status Code":200,"API":"/options-chain-v3"},"timestamp":"2026-10-06 00:52:15,593+0530","service":"FyersAPIRequest"}
{"level":"DEBUG","location":"[get_call:168] fyersModel","message":{"Status Code":200,"API":"/quotes"},"timestamp":"2026-10-06 00:52:17,209+0530","service":"FyersAPIRequest","taskName":"Task-39"}
{"level":"DEBUG","location":"[get_call:168] fyersModel","message":{"Status Code":200,"API":"/options-chain-v3"},"timestamp":"2026-10-06 00:52:17,255+0530","service":"FyersAPIRequest","taskName":"Task-39"}
{"level":"DEBUG","location":"[get_call:168] fyersModel","message":{"Status Code":200,"API":"/quotes"},"timestamp":"2026-10-06 00:52:19,304+0530","service":"FyersAPIRequest","taskName":"Task-39"}
{"level":"DEBUG","location":"[get_call:168] fyersModel","message":{"Status Code":200,"API":"/options-chain-v3"},"timestamp":"2026-10-06 00:52:19,334+0530","service":"FyersAPIRequest","taskName":"Task-39"}
{"level":"DEBUG","location":"[get_call:168] fyersModel","message":{"Status Code":200,"API":"/quotes"},"timestamp":"2026-10-06 00:52:19,629+0530","service":"FyersAPIRequest"}
{"level":"DEBUG","location":"[get_call:168] fyersModel","message":{"Status Code":200,"API":"/options-chain-v3"},"timestamp":"2026-10-06 00:52:19,661+0530","service":"FyersAPIRequest"}
{"level":"DEBUG","location":"[get_call:168] fyersModel","message":{"Status Code":200,"API":"/quotes"},"timestamp":"2026-10-06 00:52:21,386+0530","service":"FyersAPIRequest","taskName":"Task-39"}
{"level":"DEBUG","location":"[get_call:168] fyersModel","message":{"Status Code":200,"API":"/options-chain-v3"},"timestamp":"2026-10-06 00:52:21,420+0530","service":"FyersAPIRequest","taskName":"Task-39"}
{"level":"DEBUG","location":"[get_call:168] fyersModel","message":{"Status Code":200,"API":"/quotes"},"timestamp":"2026-10-06 00:52:21,482+0530","service":"FyersAPIRequest","taskName":"Task-344"}
{"level":"DEBUG","location":"[get_call:168] fyersModel","message":{"Status Code":200,"API":"/options-chain-v3"},"timestamp":"2026-10-06 00:52:21,511+0530","service":"FyersAPIRequest","taskName":"Task-344"}
{"level":"DEBUG","location":"[get_call:168] fyersModel","message":{"Status Code":200,"API":"/profile"},"timestamp":"2026-10-06 00:52:24,640+0530","service":"FyersAPIRequest","taskName":"Task-39"}
{"level":"DEBUG","location":"[get_call:168] fyersModel","message":{"Status Code":200,"API":"/quotes"},"timestamp":"2026-10-06 00:52:24,667+0530","service":"FyersAPIRequest","taskName":"Task-39"}
{"level":"DEBUG","location":"[get_call:168] fyersModel","message":{"Status Code":200,"API":"/options-chain-v3"},"timestamp":"2026-10-06 00:52:24,704+0530","service":"FyersAPIRequest","taskName":"Task-39"}
{"level":"DEBUG","location":"[get_call:168] fyersModel","message":{"Status Code":200,"API":"/profile"},"timestamp":"2026-10-06 00:52:24,792+0530","service":"FyersAPIRequest"}
{"level":"DEBUG","location":"[get_call:168] fyersModel","message":{"Status Code":200,"API":"/quotes"},"timestamp":"2026-10-06 00:52:24,837+0530","service":"FyersAPIRequest"}
{"level":"DEBUG","location":"[get_call:168] fyersModel","message":{"Status Code":200,"API":"/options-chain-v3"},"timestamp":"2026-10-06 00:52:24,884+0530","service":"FyersAPIRequest"}
{"level":"DEBUG","location":"[get_call:168] fyersModel","message":{"Status Code":200,"API":"/quotes"},"timestamp":"2026-10-06 00:52:26,799+0530","service":"FyersAPIRequest","taskName":"Task-39"}
{"level":"DEBUG","location":"[get_call:168] fyersModel","message":{"Status Code":200,"API":"/options-chain-v3"},"timestamp":"2026-10-06 00:52:26,849+0530","service":"FyersAPIRequest","taskName":"Task-39"}
{"level":"DEBUG","location":"[get_call:168] fyersModel","message":{"Status Code":200,"API":"/quotes"},"timestamp":"2026-10-06 00:52:28,889+0530","service":"FyersAPIRequest","taskName":"Task-39"}
{"level":"DEBUG","location":"[get_call:168] fyersModel","message":{"Status Code":200,"API":"/options-chain-v3"},"timestamp":"2026-10-06 00:52:28,923+0530","service":"FyersAPIRequest","taskName":"Task-39"}
{"level":"DEBUG","location":"[get_call:168] fyersModel","message":{"Status Code":200,"API":"/quotes"},"timestamp":"2026-10-06 00:52:29,578+0530","service":"FyersAPIRequest"}
{"level":"DEBUG","location":"[get_call:168] fyersModel","message":{"Status Code":200,"API":"/options-chain-v3"},"timestamp":"2026-10-06 00:52:29,610+0530","service":"FyersAPIRequest"}
{"level":"DEBUG","location":"[get_call:168] fyersModel","message":{"Status Code":200,"API":"/quotes"},"timestamp":"2026-10-06 00:52:30,965+0530","service":"FyersAPIRequest","taskName":"Task-39"}
{"level":"DEBUG","location":"[get_call:168] fyersModel","message":{"Status Code":200,"API":"/options-chain-v3"},"timestamp":"2026-10-06 00:52:30,992+0530","service":"FyersAPIRequest","taskName":"Task-39"}
{"level":"DEBUG","location":"[get_call:168] fyersModel","message":{"Status Code":200,"API":"/quotes"},"timestamp":"2026-10-06 00:52:33,032+0530","service":"FyersAPIRequest","taskName":"Task-39"}
{"level":"DEBUG","location":"[get_call:168] fyersModel","message":{"Status Code":200,"API":"/options-chain-v3"},"timestamp":"2026-10-06 00:52:33,058+0530","service":"FyersAPIRequest","taskName":"Task-39"}
{"level":"DEBUG","location":"[get_call:168] fyersModel","message":{"Status Code":200,"API":"/quotes"},"timestamp":"2026-10-06 00:52:33,643+0530","service":"FyersAPIRequest"}
{"level":"DEBUG","location":"[get_call:168] fyersModel","message":{"Status Code":200,"API":"/options-chain-v3"},"timestamp":"2026-10-06 00:52:33,671+0530","service":"FyersAPIRequest"}
{"level":"DEBUG","location":"[get_call:168] fyersModel","message":{"Status Code":200,"API":"/quotes"},"timestamp":"2026-10-06 00:52:35,116+0530","service":"FyersAPIRequest","taskName":"Task-39"}
{"level":"DEBUG","location":"[get_call:168] fyersModel","message":{"Status Code":200,"API":"/options-chain-v3"},"timestamp":"2026-10-06 00:52:35,458+0530","service":"FyersAPIRequest","taskName":"Task-39"}
{"level":"DEBUG","location":"[get_call:168] fyersModel","message":{"Status Code":200,"API":"/quotes"},"timestamp":"2026-10-06 00:52:37,518+0530","service":"FyersAPIRequest","taskName":"Task-39"}
{"level":"DEBUG","location":"[get_call:168] fyersModel","message":{"Status Code":200,"API":"/options-chain-v3"},"timestamp":"2026-10-06 00:52:37,543+0530","service":"FyersAPIRequest","taskName":"Task-39"}
{"level":"DEBUG","location":"[get_call:168] fyersModel","message":{"Status Code":200,"API":"/quotes"},"timestamp":"2026-10-06 00:52:37,708+0530","service":"FyersAPIRequest"}
{"level":"DEBUG","location":"[get_call:168] fyersModel","message":{"Status Code":200,"API":"/options-chain-v3"},"timestamp":"2026-10-06 00:52:37,733+0530","service":"FyersAPIRequest"}
{"level":"DEBUG","location":"[get_call:168] fyersModel","message":{"Status Code":200,"API":"/quotes"},"timestamp":"2026-10-06 00:52:39,572+0530","service":"FyersAPIRequest","taskName":"Task-39"}
{"level":"DEBUG","location":"[get_call:168] fyersModel","message":{"Status Code":200,"API":"/options-chain-v3"},"timestamp":"2026-10-06 00:52:39,617+0530","service":"FyersAPIRequest","taskName":"Task-39"}
{"level":"DEBUG","location":"[get_call:168] fyersModel","message":{"Status Code":200,"API":"/quotes"},"timestamp":"2026-10-06 00:52:41,680+0530","service":"FyersAPIRequest","taskName":"Task-39"}
{"level":"DEBUG","location":"[get_call:168] fyersModel","message":{"Status Code":200,"API":"/options-chain-v3"},"timestamp":"2026-10-06 00:52:41,712+0530","service":"FyersAPIRequest","taskName":"Task-39"}
{"level":"DEBUG","location":"[get_call:168] fyersModel","message":{"Status Code":200,"API":"/quotes"},"timestamp":"2026-10-06 00:52:41,769+0530","service":"FyersAPIRequest"}
{"level":"DEBUG","location":"[get_call:168] fyersModel","message":{"Status Code":200,"API":"/options-chain-v3"},"timestamp":"2026-10-06 00:52:41,795+0530","service":"FyersAPIRequest"}
{"level":"DEBUG","location":"[get_call:168] fyersModel","message":{"Status Code":200,"API":"/quotes"},"timestamp":"2026-10-06 00:52:43,765+0530","service":"FyersAPIRequest","taskName":"Task-39"}
{"level":"DEBUG","location":"[get_call:168] fyersModel","message":{"Status Code":200,"API":"/options-chain-v3"},"timestamp":"2026-10-06 00:52:43,797+0530","service":"FyersAPIRequest","taskName":"Task-39"}
{"level":"DEBUG","location":"[get_call:168] fyersModel","message":{"Status Code":200,"API":"/quotes"},"timestamp":"2026-10-06 00:52:45,838+0530","service":"FyersAPIRequest"}
{"level":"DEBUG","location":"[get_call:168] fyersModel","message":{"Status Code":200,"API":"/quotes"},"timestamp":"2026-10-06 00:52:45,856+0530","service":"FyersAPIRequest","taskName":"Task-39"}
{"level":"DEBUG","location":"[get_call:168] fyersModel","message":{"Status Code":200,"API":"/options-chain-v3"},"timestamp":"2026-10-06 00:52:45,872+0530","service":"FyersAPIRequest"}
{"level":"DEBUG","location":"[get_call:168] fyersModel","message":{"Status Code":200,"API":"/options-chain-v3"},"timestamp":"2026-10-06 00:52:45,891+0530","service":"FyersAPIRequest","taskName":"Task-39"}
{"level":"DEBUG","location":"[get_call:168] fyersModel","message":{"Status Code":200,"API":"/quotes"},"timestamp":"2026-10-06 00:52:47,945+0530","service":"FyersAPIRequest","taskName":"Task-39"}
{"level":"DEBUG","location":"[get_call:168] fyersModel","message":{"Status Code":200,"API":"/options-chain-v3"},"timestamp":"2026-10-06 00:52:47,984+0530","service":"FyersAPIRequest","taskName":"Task-39"}
{"level":"DEBUG","location":"[get_call:168] fyersModel","message":{"Status Code":200,"API":"/quotes"},"timestamp":"2026-10-06 00:52:49,908+0530","service":"FyersAPIRequest"}
{"level":"DEBUG","location":"[get_call:168] fyersModel","message":{"Status Code":200,"API":"/options-chain-v3"},"timestamp":"2026-10-06 00:52:49,937+0530","service":"FyersAPIRequest"}
{"level":"DEBUG","location":"[get_call:168] fyersModel","message":{"Status Code":200,"API":"/quotes"},"timestamp":"2026-10-06 00:52:50,071+0530","service":"FyersAPIRequest","taskName":"Task-39"}
{"level":"DEBUG","location":"[get_call:168] fyersModel","message":{"Status Code":200,"API":"/options-chain-v3"},"timestamp":"2026-10-06 00:52:50,121+0530","service":"FyersAPIRequest","taskName":"Task-39"}
{"level":"DEBUG","location":"[get_call:168] fyersModel","message":{"Status Code":200,"API":"/quotes"},"timestamp":"2026-10-06 00:52:52,202+0530","service":"FyersAPIRequest","taskName":"Task-39"}
{"level":"DEBUG","location":"[get_call:168] fyersModel","message":{"Status Code":200,"API":"/options-chain-v3"},"timestamp":"2026-10-06 00:52:52,248+0530","service":"FyersAPIRequest","taskName":"Task-39"}
{"level":"DEBUG","location":"[get_call:168] fyersModel","message":{"Status Code":200,"API":"/profile"},"timestamp":"2026-10-06 00:52:54,808+0530","service":"FyersAPIRequest"}
{"level":"DEBUG","location":"[get_call:168] fyersModel","message":{"Status Code":200,"API":"/quotes"},"timestamp":"2026-10-06 00:52:54,830+0530","service":"FyersAPIRequest"}
{"level":"DEBUG","location":"[get_call:168] fyersModel","message":{"Status Code":200,"API":"/options-chain-v3"},"timestamp":"2026-10-06 00:52:54,864+0530","service":"FyersAPIRequest"}
{"level":"DEBUG","location":"[get_call:168] fyersModel","message":{"Status Code":200,"API":"/profile"},"timestamp":"2026-10-06 00:52:55,130+0530","service":"FyersAPIRequest","taskName":"Task-39"}
{"level":"DEBUG","location":"[get_call:168] fyersModel","message":{"Status Code":200,"API":"/quotes"},"timestamp":"2026-10-06 00:52:55,155+0530","service":"FyersAPIRequest","taskName":"Task-39"}
{"level":"DEBUG","location":"[get_call:168] fyersModel","message":{"Status Code":200,"API":"/options-chain-v3"},"timestamp":"2026-10-06 00:52:55,188+0530","service":"FyersAPIRequest","taskName":"Task-39"}
{"level":"DEBUG","location":"[get_call:168] fyersModel","message":{"Status Code":200,"API":"/quotes"},"timestamp":"2026-10-06 00:52:57,238+0530","service":"FyersAPIRequest","taskName":"Task-39"}
{"level":"DEBUG","location":"[get_call:168] fyersModel","message":{"Status Code":200,"API":"/options-chain-v3"},"timestamp":"2026-10-06 00:52:57,263+0530","service":"FyersAPIRequest","taskName":"Task-39"}
{"level":"DEBUG","location":"[get_call:168] fyersModel","message":{"Status Code":200,"API":"/quotes"},"timestamp":"2026-10-06 00:52:58,918+0530","service":"FyersAPIRequest"}
{"level":"DEBUG","location":"[get_call:168] fyersModel","message":{"Status Code":200,"API":"/options-chain-v3"},"timestamp":"2026-10-06 00:52:58,944+0530","service":"FyersAPIRequest"}
{"level":"DEBUG","location":"[get_call:168] fyersModel","message":{"Status Code":200,"API":"/quotes"},"timestamp":"2026-10-06 00:52:59,313+0530","service":"FyersAPIRequest","taskName":"Task-39"}
{"level":"DEBUG","location":"[get_call:168] fyersModel","message":{"Status Code":200,"API":"/options-chain-v3"},"timestamp":"2026-10-06 00:52:59,344+0530","service":"FyersAPIRequest","taskName":"Task-39"}
{"level":"DEBUG","location":"[get_call:168] fyersModel","message":{"Status Code":200,"API":"/quotes"},"timestamp":"2026-10-06 00:53:01,684+0530","service":"FyersAPIRequest","taskName":"Task-39"}
{"level":"DEBUG","location":"[get_call:168] fyersModel","message":{"Status Code":200,"API":"/options-chain-v3"},"timestamp":"2026-10-06 00:53:01,714+0530","service":"FyersAPIRequest","taskName":"Task-39"}
{"level":"DEBUG","location":"[get_call:168] fyersModel","message":{"Status Code":200,"API":"/quotes"},"timestamp":"2026-10-06 00:53:02,995+0530","service":"FyersAPIRequest"}
{"level":"DEBUG","location":"[get_call:168] fyersModel","message":{"Status Code":200,"API":"/options-chain-v3"},"timestamp":"2026-10-06 00:53:03,341+0530","service":"FyersAPIRequest"}
{"level":"DEBUG","location":"[get_call:168] fyersModel","message":{"Status Code":200,"API":"/quotes"},"timestamp":"2026-10-06 00:53:03,803+0530","service":"FyersAPIRequest","taskName":"Task-39"}
{"level":"DEBUG","location":"[get_call:168] fyersModel","message":{"Status Code":200,"API":"/options-chain-v3"},"timestamp":"2026-10-06 00:53:03,852+0530","service":"FyersAPIRequest","taskName":"Task-39"}
{"level":"DEBUG","location":"[get_call:168] fyersModel","message":{"Status Code":200,"API":"/quotes"},"timestamp":"2026-10-06 00:53:05,907+0530","service":"FyersAPIRequest","taskName":"Task-39"}
{"level":"DEBUG","location":"[get_call:168] fyersModel","message":{"Status Code":200,"API":"/options-chain-v3"},"timestamp":"2026-10-06 00:53:05,937+0530","service":"FyersAPIRequest","taskName":"Task-39"}
{"level":"DEBUG","location":"[get_call:168] fyersModel","message":{"Status Code":200,"API":"/quotes"},"timestamp":"2026-10-06 00:53:07,593+0530","service":"FyersAPIRequest"}
{"level":"DEBUG","location":"[get_call:168] fyersModel","message":{"Status Code":200,"API":"/options-chain-v3"},"timestamp":"2026-10-06 00:53:07,618+0530","service":"FyersAPIRequest"}
{"level":"DEBUG","location":"[get_call:168] fyersModel","message":{"Status Code":200,"API":"/quotes"},"timestamp":"2026-10-06 00:53:07,976+0530","service":"FyersAPIRequest","taskName":"Task-39"}
{"level":"DEBUG","location":"[get_call:168] fyersModel","message":{"Status Code":200,"API":"/options-chain-v3"},"timestamp":"2026-10-06 00:53:08,006+0530","service":"FyersAPIRequest","taskName":"Task-39"}
{"level":"DEBUG","location":"[get_call:168] fyersModel","message":{"Status Code":200,"API":"/quotes"},"timestamp":"2026-10-06 00:53:10,059+0530","service":"FyersAPIRequest","taskName":"Task-39"}
{"level":"DEBUG","location":"[get_call:168] fyersModel","message":{"Status Code":200,"API":"/options-chain-v3"},"timestamp":"2026-10-06 00:53:10,089+0530","service":"FyersAPIRequest","taskName":"Task-39"}
{"level":"DEBUG","location":"[get_call:168] fyersModel","message":{"Status Code":200,"API":"/quotes"},"timestamp":"2026-10-06 00:53:11,657+0530","service":"FyersAPIRequest"}
{"level":"DEBUG","location":"[get_call:168] fyersModel","message":{"Status Code":200,"API":"/options-chain-v3"},"timestamp":"2026-10-06 00:53:11,688+0530","service":"FyersAPIRequest"}
{"level":"DEBUG","location":"[get_call:168] fyersModel","message":{"Status Code":200,"API":"/quotes"},"timestamp":"2026-10-06 00:53:12,136+0530","service":"FyersAPIRequest","taskName":"Task-39"}
{"level":"DEBUG","location":"[get_call:168] fyersModel","message":{"Status Code":200,"API":"/options-chain-v3"},"timestamp":"2026-10-06 00:53:12,183+0530","service":"FyersAPIRequest","taskName":"Task-39"}
{"level":"DEBUG","location":"[get_call:168] fyersModel","message":{"Status Code":200,"API":"/quotes"},"timestamp":"2026-10-06 00:53:14,232+0530","service":"FyersAPIRequest","taskName":"Task-39"}
{"level":"DEBUG","location":"[get_call:168] fyersModel","message":{"Status Code":200,"API":"/options-chain-v3"},"timestamp":"2026-10-06 00:53:14,261+0530","service":"FyersAPIRequest","taskName":"Task-39"}
{"level":"DEBUG","location":"[get_call:168] fyersModel","message":{"Status Code":200,"API":"/quotes"},"timestamp":"2026-10-06 00:53:15,789+0530","service":"FyersAPIRequest"}
{"level":"DEBUG","location":"[get_call:168] fyersModel","message":{"Status Code":200,"API":"/options-chain-v3"},"timestamp":"2026-10-06 00:53:15,820+0530","service":"FyersAPIRequest"}
{"level":"DEBUG","location":"[get_call:168] fyersModel","message":{"Status Code":200,"API":"/quotes"},"timestamp":"2026-10-06 00:53:16,313+0530","service":"FyersAPIRequest","taskName":"Task-39"}
{"level":"DEBUG","location":"[get_call:168] fyersModel","message":{"Status Code":200,"API":"/options-chain-v3"},"timestamp":"2026-10-06 00:53:16,338+0530","service":"FyersAPIRequest","taskName":"Task-39"}
{"level":"DEBUG","location":"[get_call:168] fyersModel","message":{"Status Code":200,"API":"/quotes"},"timestamp":"2026-10-06 00:53:18,378+0530","service":"FyersAPIRequest","taskName":"Task-39"}
{"level":"DEBUG","location":"[get_call:168] fyersModel","message":{"Status Code":200,"API":"/options-chain-v3"},"timestamp":"2026-10-06 00:53:18,411+0530","service":"FyersAPIRequest","taskName":"Task-39"}
{"level":"DEBUG","location":"[get_call:168] fyersModel","message":{"Status Code":200,"API":"/quotes"},"timestamp":"2026-10-06 00:53:19,864+0530","service":"FyersAPIRequest"}
{"level":"DEBUG","location":"[get_call:168] fyersModel","message":{"Status Code":200,"API":"/options-chain-v3"},"timestamp":"2026-10-06 00:53:19,894+0530","service":"FyersAPIRequest"}
{"level":"DEBUG","location":"[get_call:168] fyersModel","message":{"Status Code":200,"API":"/quotes"},"timestamp":"2026-10-06 00:53:20,459+0530","service":"FyersAPIRequest","taskName":"Task-39"}
{"level":"DEBUG","location":"[get_call:168] fyersModel","message":{"Status Code":200,"API":"/options-chain-v3"},"timestamp":"2026-10-06 00:53:20,488+0530","service":"FyersAPIRequest","taskName":"Task-39"}
{"level":"DEBUG","location":"[get_call:168] fyersModel","message":{"Status Code":200,"API":"/quotes"},"timestamp":"2026-10-06 00:53:21,432+0530","service":"FyersAPIRequest","taskName":"Task-348"}
{"level":"DEBUG","location":"[get_call:168] fyersModel","message":{"Status Code":200,"API":"/options-chain-v3"},"timestamp":"2026-10-06 00:53:21,459+0530","service":"FyersAPIRequest","taskName":"Task-348"}
{"level":"DEBUG","location":"[get_call:168] fyersModel","message":{"Status Code":200,"API":"/quotes"},"timestamp":"2026-10-06 00:53:22,626+0530","service":"FyersAPIRequest","taskName":"Task-39"}
{"level":"DEBUG","location":"[get_call:168] fyersModel","message":{"Status Code":200,"API":"/options-chain-v3"},"timestamp":"2026-10-06 00:53:22,653+0530","service":"FyersAPIRequest","taskName":"Task-39"}
{"level":"DEBUG","location":"[get_call:168] fyersModel","message":{"Status Code":200,"API":"/quotes"},"timestamp":"2026-10-06 00:53:23,935+0530","service":"FyersAPIRequest"}
{"level":"DEBUG","location":"[get_call:168] fyersModel","message":{"Status Code":200,"API":"/options-chain-v3"},"timestamp":"2026-10-06 00:53:23,960+0530","service":"FyersAPIRequest"}
{"level":"DEBUG","location":"[get_call:168] fyersModel","message":{"Status Code":200,"API":"/profile"},"timestamp":"2026-10-06 00:53:25,325+0530","service":"FyersAPIRequest","taskName":"Task-39"}
{"level":"DEBUG","location":"[get_call:168] fyersModel","message":{"Status Code":200,"API":"/quotes"},"timestamp":"2026-10-06 00:53:25,351+0530","service":"FyersAPIRequest","taskName":"Task-39"}
{"level":"DEBUG","location":"[get_call:168] fyersModel","message":{"Status Code":200,"API":"/options-chain-v3"},"timestamp":"2026-10-06 00:53:25,383+0530","service":"FyersAPIRequest","taskName":"Task-39"}
{"level":"DEBUG","location":"[get_call:168] fyersModel","message":{"Status Code":200,"API":"/quotes"},"timestamp":"2026-10-06 00:53:27,437+0530","service":"FyersAPIRequest","taskName":"Task-39"}
{"level":"DEBUG","location":"[get_call:168] fyersModel","message":{"Status Code":200,"API":"/options-chain-v3"},"timestamp":"2026-10-06 00:53:27,464+0530","service":"FyersAPIRequest","taskName":"Task-39"}
{"level":"DEBUG","location":"[get_call:168] fyersModel","message":{"Status Code":200,"API":"/quotes"},"timestamp":"2026-10-06 00:53:27,995+0530","service":"FyersAPIRequest"}
{"level":"DEBUG","location":"[get_call:168] fyersModel","message":{"Status Code":200,"API":"/options-chain-v3"},"timestamp":"2026-10-06 00:53:28,026+0530","service":"FyersAPIRequest"}
{"level":"DEBUG","location":"[get_call:168] fyersModel","message":{"Status Code":200,"API":"/quotes"},"timestamp":"2026-10-06 00:53:29,971+0530","service":"FyersAPIRequest","taskName":"Task-39"}
{"level":"DEBUG","location":"[get_call:168] fyersModel","message":{"Status Code":200,"API":"/options-chain-v3"},"timestamp":"2026-10-06 00:53:30,015+0530","service":"FyersAPIRequest","taskName":"Task-39"}
{"level":"DEBUG","location":"[get_call:168] fyersModel","message":{"Status Code":200,"API":"/quotes"},"timestamp":"2026-10-06 00:53:32,063+0530","service":"FyersAPIRequest"}
{"level":"DEBUG","location":"[get_call:168] fyersModel","message":{"Status Code":200,"API":"/options-chain-v3"},"timestamp":"2026-10-06 00:53:32,095+0530","service":"FyersAPIRequest"}
{"level":"DEBUG","location":"[get_call:168] fyersModel","message":{"Status Code":200,"API":"/quotes"},"timestamp":"2026-10-06 00:53:32,886+0530","service":"FyersAPIRequest","taskName":"Task-39"}
{"level":"DEBUG","location":"[get_call:168] fyersModel","message":{"Status Code":200,"API":"/options-chain-v3"},"timestamp":"2026-10-06 00:53:32,918+0530","service":"FyersAPIRequest","taskName":"Task-39"}
{"level":"DEBUG","location":"[get_call:168] fyersModel","message":{"Status Code":200,"API":"/quotes"},"timestamp":"2026-10-06 00:53:34,959+0530","service":"FyersAPIRequest","taskName":"Task-39"}
{"level":"DEBUG","location":"[get_call:168] fyersModel","message":{"Status Code":200,"API":"/options-chain-v3"},"timestamp":"2026-10-06 00:53:34,991+0530","service":"FyersAPIRequest","taskName":"Task-39"}
{"level":"DEBUG","location":"[get_call:168] fyersModel","message":{"Status Code":200,"API":"/quotes"},"timestamp":"2026-10-06 00:53:36,151+0530","service":"FyersAPIRequest"}
{"level":"DEBUG","location":"[get_call:168] fyersModel","message":{"Status Code":200,"API":"/options-chain-v3"},"timestamp":"2026-10-06 00:53:36,181+0530","service":"FyersAPIRequest"}
{"level":"DEBUG","location":"[get_call:168] fyersModel","message":{"Status Code":200,"API":"/quotes"},"timestamp":"2026-10-06 00:53:37,048+0530","service":"FyersAPIRequest","taskName":"Task-39"}
{"level":"DEBUG","location":"[get_call:168] fyersModel","message":{"Status Code":200,"API":"/options-chain-v3"},"timestamp":"2026-10-06 00:53:37,076+0530","service":"FyersAPIRequest","taskName":"Task-39"}
{"level":"DEBUG","location":"[get_call:168] fyersModel","message":{"Status Code":200,"API":"/quotes"},"timestamp":"2026-10-06 00:53:39,128+0530","service":"FyersAPIRequest","taskName":"Task-39"}
{"level":"DEBUG","location":"[get_call:168] fyersModel","message":{"Status Code":200,"API":"/options-chain-v3"},"timestamp":"2026-10-06 00:53:39,174+0530","service":"FyersAPIRequest","taskName":"Task-39"}
{"level":"DEBUG","location":"[get_call:168] fyersModel","message":{"Status Code":200,"API":"/quotes"},"timestamp":"2026-10-06 00:53:40,225+0530","service":"FyersAPIRequest"}
{"level":"DEBUG","location":"[get_call:168] fyersModel","message":{"Status Code":200,"API":"/options-chain-v3"},"timestamp":"2026-10-06 00:53:40,261+0530","service":"FyersAPIRequest"}
{"level":"DEBUG","location":"[get_call:168] fyersModel","message":{"Status Code":200,"API":"/quotes"},"timestamp":"2026-10-06 00:53:41,255+0530","service":"FyersAPIRequest","taskName":"Task-39"}
{"level":"DEBUG","location":"[get_call:168] fyersModel","message":{"Status Code":200,"API":"/options-chain-v3"},"timestamp":"2026-10-06 00:53:41,288+0530","service":"FyersAPIRequest","taskName":"Task-39"}
{"level":"DEBUG","location":"[get_call:168] fyersModel","message":{"Status Code":200,"API":"/quotes"},"timestamp":"2026-10-06 00:53:43,339+0530","service":"FyersAPIRequest","taskName":"Task-39"}
{"level":"DEBUG","location":"[get_call:168] fyersModel","message":{"Status Code":200,"API":"/options-chain-v3"},"timestamp":"2026-10-06 00:53:43,367+0530","service":"FyersAPIRequest","taskName":"Task-39"}
{"level":"DEBUG","location":"[get_call:168] fyersModel","message":{"Status Code":200,"API":"/quotes"},"timestamp":"2026-10-06 00:53:44,307+0530","service":"FyersAPIRequest"}
{"level":"DEBUG","location":"[get_call:168] fyersModel","message":{"Status Code":200,"API":"/options-chain-v3"},"timestamp":"2026-10-06 00:53:44,343+0530","service":"FyersAPIRequest"}
{"level":"DEBUG","location":"[get_call:168] fyersModel","message":{"Status Code":200,"API":"/quotes"},"timestamp":"2026-10-06 00:53:45,417+0530","service":"FyersAPIRequest","taskName":"Task-39"}
{"level":"DEBUG","location":"[get_call:168] fyersModel","message":{"Status Code":200,"API":"/options-chain-v3"},"timestamp":"2026-10-06 00:53:45,450+0530","service":"FyersAPIRequest","taskName":"Task-39"}
{"level":"DEBUG","location":"[get_call:168] fyersModel","message":{"Status Code":200,"API":"/quotes"},"timestamp":"2026-10-06 00:53:47,501+0530","service":"FyersAPIRequest","taskName":"Task-39"}
{"level":"DEBUG","location":"[get_call:168] fyersModel","message":{"Status Code":200,"API":"/options-chain-v3"},"timestamp":"2026-10-06 00:53:47,538+0530","service":"FyersAPIRequest","taskName":"Task-39"}
{"level":"DEBUG","location":"[get_call:168] fyersModel","message":{"Status Code":200,"API":"/quotes"},"timestamp":"2026-10-06 00:53:48,696+0530","service":"FyersAPIRequest"}
{"level":"DEBUG","location":"[get_call:168] fyersModel","message":{"Status Code":200,"API":"/options-chain-v3"},"timestamp":"2026-10-06 00:53:48,735+0530","service":"FyersAPIRequest"}
{"level":"DEBUG","location":"[get_call:168] fyersModel","message":{"Status Code":200,"API":"/quotes"},"timestamp":"2026-10-06 00:53:49,622+0530","service":"FyersAPIRequest","taskName":"Task-39"}
{"level":"DEBUG","location":"[get_call:168] fyersModel","message":{"Status Code":200,"API":"/options-chain-v3"},"timestamp":"2026-10-06 00:53:49,661+0530","service":"FyersAPIRequest","taskName":"Task-39"}
{"level":"DEBUG","location":"[get_call:168] fyersModel","message":{"Status Code":200,"API":"/quotes"},"timestamp":"2026-10-06 00:53:51,740+0530","service":"FyersAPIRequest","taskName":"Task-39"}
{"level":"DEBUG","location":"[get_call:168] fyersModel","message":{"Status Code":200,"API":"/options-chain-v3"},"timestamp":"2026-10-06 00:53:51,771+0530","service":"FyersAPIRequest","taskName":"Task-39"}
{"level":"DEBUG","location":"[get_call:168] fyersModel","message":{"Status Code":200,"API":"/quotes"},"timestamp":"2026-10-06 00:53:52,780+0530","service":"FyersAPIRequest"}
{"level":"DEBUG","location":"[get_call:168] fyersModel","message":{"Status Code":200,"API":"/options-chain-v3"},"timestamp":"2026-10-06 00:53:52,811+0530","service":"FyersAPIRequest"}
{"level":"DEBUG","location":"[get_call:168] fyersModel","message":{"Status Code":200,"API":"/quotes"},"timestamp":"2026-10-06 00:53:53,806+0530","service":"FyersAPIRequest","taskName":"Task-39"}
{"level":"DEBUG","location":"[get_call:168] fyersModel","message":{"Status Code":200,"API":"/options-chain-v3"},"timestamp":"2026-10-06 00:53:53,841+0530","service":"FyersAPIRequest","taskName":"Task-39"}
{"level":"DEBUG","location":"[get_call:168] fyersModel","message":{"Status Code":200,"API":"/profile"},"timestamp":"2026-10-06 00:53:56,924+0530","service":"FyersAPIRequest","taskName":"Task-39"}
{"level":"DEBUG","location":"[get_call:168] fyersModel","message":{"Status Code":200,"API":"/quotes"},"timestamp":"2026-10-06 00:53:56,951+0530","service":"FyersAPIRequest","taskName":"Task-39"}
{"level":"DEBUG","location":"[get_call:168] fyersModel","message":{"Status Code":200,"API":"/options-chain-v3"},"timestamp":"2026-10-06 00:53:57,001+0530","service":"FyersAPIRequest","taskName":"Task-39"}
{"level":"DEBUG","location":"[get_call:168] fyersModel","message":{"Status Code":200,"API":"/profile"},"timestamp":"2026-10-06 00:53:57,680+0530","service":"FyersAPIRequest"}
{"level":"DEBUG","location":"[get_call:168] fyersModel","message":{"Status Code":200,"API":"/quotes"},"timestamp":"2026-10-06 00:53:57,718+0530","service":"FyersAPIRequest"}
{"level":"DEBUG","location":"[get_call:168] fyersModel","message":{"Status Code":200,"API":"/options-chain-v3"},"timestamp":"2026-10-06 00:53:57,757+0530","service":"FyersAPIRequest"}
{"level":"DEBUG","location":"[get_call:168] fyersModel","message":{"Status Code":200,"API":"/quotes"},"timestamp":"2026-10-06 00:53:59,079+0530","service":"FyersAPIRequest","taskName":"Task-39"}
{"level":"DEBUG","location":"[get_call:168] fyersModel","message":{"Status Code":200,"API":"/options-chain-v3"},"timestamp":"2026-10-06 00:53:59,116+0530","service":"FyersAPIRequest","taskName":"Task-39"}
{"level":"DEBUG","location":"[get_call:168] fyersModel","message":{"Status Code":200,"API":"/quotes"},"timestamp":"2026-10-06 00:54:01,180+0530","service":"FyersAPIRequest","taskName":"Task-39"}
{"level":"DEBUG","location":"[get_call:168] fyersModel","message":{"Status Code":200,"API":"/options-chain-v3"},"timestamp":"2026-10-06 00:54:01,212+0530","service":"FyersAPIRequest","taskName":"Task-39"}
{"level":"DEBUG","location":"[get_call:168] fyersModel","message":{"Status Code":200,"API":"/quotes"},"timestamp":"2026-10-06 00:54:01,810+0530","service":"FyersAPIRequest"}
{"level":"DEBUG","location":"[get_call:168] fyersModel","message":{"Status Code":200,"API":"/options-chain-v3"},"timestamp":"2026-10-06 00:54:01,840+0530","service":"FyersAPIRequest"}
{"level":"DEBUG","location":"[get_call:168] fyersModel","message":{"Status Code":200,"API":"/quotes"},"timestamp":"2026-10-06 00:54:03,263+0530","service":"FyersAPIRequest","taskName":"Task-39"}
{"level":"DEBUG","location":"[get_call:168] fyersModel","message":{"Status Code":200,"API":"/options-chain-v3"},"timestamp":"2026-10-06 00:54:03,297+0530","service":"FyersAPIRequest","taskName":"Task-39"}
{"level":"DEBUG","location":"[get_call:168] fyersModel","message":{"Status Code":200,"API":"/quotes"},"timestamp":"2026-10-06 00:54:05,384+0530","service":"FyersAPIRequest","taskName":"Task-39"}
{"level":"DEBUG","location":"[get_call:168] fyersModel","message":{"Status Code":200,"API":"/options-chain-v3"},"timestamp":"2026-10-06 00:54:05,428+0530","service":"FyersAPIRequest","taskName":"Task-39"}
{"level":"DEBUG","location":"[get_call:168] fyersModel","message":{"Status Code":200,"API":"/quotes"},"timestamp":"2026-10-06 00:54:05,982+0530","service":"FyersAPIRequest"}
{"level":"DEBUG","location":"[get_call:168] fyersModel","message":{"Status Code":200,"API":"/options-chain-v3"},"timestamp":"2026-10-06 00:54:06,012+0530","service":"FyersAPIRequest"}
{"level":"DEBUG","location":"[get_call:168] fyersModel","message":{"Status Code":200,"API":"/quotes"},"timestamp":"2026-10-06 00:54:07,481+0530","service":"FyersAPIRequest","taskName":"Task-39"}
{"level":"DEBUG","location":"[get_call:168] fyersModel","message":{"Status Code":200,"API":"/options-chain-v3"},"timestamp":"2026-10-06 00:54:07,511+0530","service":"FyersAPIRequest","taskName":"Task-39"}
{"level":"DEBUG","location":"[get_call:168] fyersModel","message":{"Status Code":200,"API":"/quotes"},"timestamp":"2026-10-06 00:54:09,579+0530","service":"FyersAPIRequest","taskName":"Task-39"}
{"level":"DEBUG","location":"[get_call:168] fyersModel","message":{"Status Code":200,"API":"/options-chain-v3"},"timestamp":"2026-10-06 00:54:09,609+0530","service":"FyersAPIRequest","taskName":"Task-39"}
{"level":"DEBUG","location":"[get_call:168] fyersModel","message":{"Status Code":200,"API":"/quotes"},"timestamp":"2026-10-06 00:54:10,056+0530","service":"FyersAPIRequest"}
{"level":"DEBUG","location":"[get_call:168] fyersModel","message":{"Status Code":200,"API":"/options-chain-v3"},"timestamp":"2026-10-06 00:54:10,093+0530","service":"FyersAPIRequest"}
{"level":"DEBUG","location":"[get_call:168] fyersModel","message":{"Status Code":200,"API":"/quotes"},"timestamp":"2026-10-06 00:54:11,995+0530","service":"FyersAPIRequest","taskName":"Task-39"}
{"level":"DEBUG","location":"[get_call:168] fyersModel","message":{"Status Code":200,"API":"/options-chain-v3"},"timestamp":"2026-10-06 00:54:12,039+0530","service":"FyersAPIRequest","taskName":"Task-39"}
{"level":"DEBUG","location":"[get_call:168] fyersModel","message":{"Status Code":200,"API":"/quotes"},"timestamp":"2026-10-06 00:54:14,187+0530","service":"FyersAPIRequest"}
{"level":"DEBUG","location":"[get_call:168] fyersModel","message":{"Status Code":200,"API":"/options-chain-v3"},"timestamp":"2026-10-06 00:54:14,247+0530","service":"FyersAPIRequest"}
{"level":"DEBUG","location":"[get_call:168] fyersModel","message":{"Status Code":200,"API":"/quotes"},"timestamp":"2026-10-06 00:54:16,793+0530","service":"FyersAPIRequest","taskName":"Task-39"}
{"level":"DEBUG","location":"[get_call:168] fyersModel","message":{"Status Code":200,"API":"/options-chain-v3"},"timestamp":"2026-10-06 00:54:16,832+0530","service":"FyersAPIRequest","taskName":"Task-39"}
{"level":"DEBUG","location":"[get_call:168] fyersModel","message":{"Status Code":200,"API":"/quotes"},"timestamp":"2026-10-06 00:54:18,959+0530","service":"FyersAPIRequest","taskName":"Task-39"}
{"level":"DEBUG","location":"[get_call:168] fyersModel","message":{"Status Code":200,"API":"/options-chain-v3"},"timestamp":"2026-10-06 00:54:19,110+0530","service":"FyersAPIRequest","taskName":"Task-39"}
{"level":"DEBUG","location":"[get_call:168] fyersModel","message":{"Status Code":200,"API":"/quotes"},"timestamp":"2026-10-06 00:54:19,806+0530","service":"FyersAPIRequest"}
{"level":"DEBUG","location":"[get_call:168] fyersModel","message":{"Status Code":200,"API":"/options-chain-v3"},"timestamp":"2026-10-06 00:54:19,882+0530","service":"FyersAPIRequest"}
{"level":"DEBUG","location":"[get_call:168] fyersModel","message":{"Status Code":200,"API":"/quotes"},"timestamp":"2026-10-06 00:54:21,180+0530","service":"FyersAPIRequest","taskName":"Task-39"}
{"level":"DEBUG","location":"[get_call:168] fyersModel","message":{"Status Code":200,"API":"/options-chain-v3"},"timestamp":"2026-10-06 00:54:21,212+0530","service":"FyersAPIRequest","taskName":"Task-39"}
{"level":"DEBUG","location":"[get_call:168] fyersModel","message":{"Status Code":200,"API":"/quotes"},"timestamp":"2026-10-06 00:54:21,433+0530","service":"FyersAPIRequest","taskName":"Task-352"}
{"level":"DEBUG","location":"[get_call:168] fyersModel","message":{"Status Code":200,"API":"/options-chain-v3"},"timestamp":"2026-10-06 00:54:21,463+0530","service":"FyersAPIRequest","taskName":"Task-352"}
{"level":"DEBUG","location":"[get_call:168] fyersModel","message":{"Status Code":200,"API":"/quotes"},"timestamp":"2026-10-06 00:54:23,242+0530","service":"FyersAPIRequest","taskName":"Task-39"}
{"level":"DEBUG","location":"[get_call:168] fyersModel","message":{"Status Code":200,"API":"/options-chain-v3"},"timestamp":"2026-10-06 00:54:23,269+0530","service":"FyersAPIRequest","taskName":"Task-39"}
{"level":"DEBUG","location":"[get_call:168] fyersModel","message":{"Status Code":200,"API":"/quotes"},"timestamp":"2026-10-06 00:54:23,959+0530","service":"FyersAPIRequest"}
{"level":"DEBUG","location":"[get_call:168] fyersModel","message":{"Status Code":200,"API":"/options-chain-v3"},"timestamp":"2026-10-06 00:54:23,985+0530","service":"FyersAPIRequest"}
{"level":"DEBUG","location":"[get_call:168] fyersModel","message":{"Status Code":200,"API":"/quotes"},"timestamp":"2026-10-06 00:54:25,302+0530","service":"FyersAPIRequest","taskName":"Task-39"}
{"level":"DEBUG","location":"[get_call:168] fyersModel","message":{"Status Code":200,"API":"/options-chain-v3"},"timestamp":"2026-10-06 00:54:25,333+0530","service":"FyersAPIRequest","taskName":"Task-39"}
{"level":"DEBUG","location":"[get_call:168] fyersModel","message":{"Status Code":200,"API":"/profile"},"timestamp":"2026-10-06 00:54:27,898+0530","service":"FyersAPIRequest","taskName":"Task-39"}
{"level":"DEBUG","location":"[get_call:168] fyersModel","message":{"Status Code":200,"API":"/quotes"},"timestamp":"2026-10-06 00:54:27,921+0530","service":"FyersAPIRequest","taskName":"Task-39"}
{"level":"DEBUG","location":"[get_call:168] fyersModel","message":{"Status Code":200,"API":"/options-chain-v3"},"timestamp":"2026-10-06 00:54:27,948+0530","service":"FyersAPIRequest","taskName":"Task-39"}
{"level":"DEBUG","location":"[get_call:168] fyersModel","message":{"Status Code":200,"API":"/quotes"},"timestamp":"2026-10-06 00:54:28,024+0530","service":"FyersAPIRequest"}
{"level":"DEBUG","location":"[get_call:168] fyersModel","message":{"Status Code":200,"API":"/options-chain-v3"},"timestamp":"2026-10-06 00:54:28,052+0530","service":"FyersAPIRequest"}
{"level":"DEBUG","location":"[get_call:168] fyersModel","message":{"Status Code":200,"API":"/quotes"},"timestamp":"2026-10-06 00:54:29,983+0530","service":"FyersAPIRequest","taskName":"Task-39"}
{"level":"DEBUG","location":"[get_call:168] fyersModel","message":{"Status Code":200,"API":"/options-chain-v3"},"timestamp":"2026-10-06 00:54:30,007+0530","service":"FyersAPIRequest","taskName":"Task-39"}
{"level":"DEBUG","location":"[get_call:168] fyersModel","message":{"Status Code":200,"API":"/quotes"},"timestamp":"2026-10-06 00:54:32,056+0530","service":"FyersAPIRequest","taskName":"Task-39"}
{"level":"DEBUG","location":"[get_call:168] fyersModel","message":{"Status Code":200,"API":"/options-chain-v3"},"timestamp":"2026-10-06 00:54:32,100+0530","service":"FyersAPIRequest","taskName":"Task-39"}
{"level":"DEBUG","location":"[get_call:168] fyersModel","message":{"Status Code":200,"API":"/quotes"},"timestamp":"2026-10-06 00:54:32,809+0530","service":"FyersAPIRequest"}
{"level":"DEBUG","location":"[get_call:168] fyersModel","message":{"Status Code":200,"API":"/options-chain-v3"},"timestamp":"2026-10-06 00:54:32,840+0530","service":"FyersAPIRequest"}
{"level":"DEBUG","location":"[get_call:168] fyersModel","message":{"Status Code":200,"API":"/quotes"},"timestamp":"2026-10-06 00:54:34,144+0530","service":"FyersAPIRequest","taskName":"Task-39"}
{"level":"DEBUG","location":"[get_call:168] fyersModel","message":{"Status Code":200,"API":"/options-chain-v3"},"timestamp":"2026-10-06 00:54:34,175+0530","service":"FyersAPIRequest","taskName":"Task-39"}
{"level":"DEBUG","location":"[get_call:168] fyersModel","message":{"Status Code":200,"API":"/quotes"},"timestamp":"2026-10-06 00:54:36,217+0530","service":"FyersAPIRequest","taskName":"Task-39"}
{"level":"DEBUG","location":"[get_call:168] fyersModel","message":{"Status Code":200,"API":"/options-chain-v3"},"timestamp":"2026-10-06 00:54:36,243+0530","service":"FyersAPIRequest","taskName":"Task-39"}
{"level":"DEBUG","location":"[get_call:168] fyersModel","message":{"Status Code":200,"API":"/quotes"},"timestamp":"2026-10-06 00:54:36,877+0530","service":"FyersAPIRequest"}
{"level":"DEBUG","location":"[get_call:168] fyersModel","message":{"Status Code":200,"API":"/options-chain-v3"},"timestamp":"2026-10-06 00:54:36,905+0530","service":"FyersAPIRequest"}
{"level":"DEBUG","location":"[get_call:168] fyersModel","message":{"Status Code":200,"API":"/quotes"},"timestamp":"2026-10-06 00:54:38,280+0530","service":"FyersAPIRequest","taskName":"Task-39"}
{"level":"DEBUG","location":"[get_call:168] fyersModel","message":{"Status Code":200,"API":"/options-chain-v3"},"timestamp":"2026-10-06 00:54:38,323+0530","service":"FyersAPIRequest","taskName":"Task-39"}
{"level":"DEBUG","location":"[get_call:168] fyersModel","message":{"Status Code":200,"API":"/quotes"},"timestamp":"2026-10-06 00:54:40,347+0530","service":"FyersAPIRequest","taskName":"Task-39"}
{"level":"DEBUG","location":"[get_call:168] fyersModel","message":{"Status Code":200,"API":"/options-chain-v3"},"timestamp":"2026-10-06 00:54:40,363+0530","service":"FyersAPIRequest","taskName":"Task-39"}
{"level":"DEBUG","location":"[get_call:168] fyersModel","message":{"Status Code":200,"API":"/quotes"},"timestamp":"2026-10-06 00:54:40,942+0530","service":"FyersAPIRequest"}
{"level":"DEBUG","location":"[get_call:168] fyersModel","message":{"Status Code":200,"API":"/options-chain-v3"},"timestamp":"2026-10-06 00:54:40,963+0530","service":"FyersAPIRequest"}
{"level":"DEBUG","location":"[get_call:168] fyersModel","message":{"Status Code":200,"API":"/quotes"},"timestamp":"2026-10-06 00:54:42,396+0530","service":"FyersAPIRequest","taskName":"Task-39"}
{"level":"DEBUG","location":"[get_call:168] fyersModel","message":{"Status Code":200,"API":"/options-chain-v3"},"timestamp":"2026-10-06 00:54:42,429+0530","service":"FyersAPIRequest","taskName":"Task-39"}
{"level":"DEBUG","location":"[get_call:168] fyersModel","message":{"Status Code":200,"API":"/quotes"},"timestamp":"2026-10-06 00:54:44,463+0530","service":"FyersAPIRequest","taskName":"Task-39"}
{"level":"DEBUG","location":"[get_call:168] fyersModel","message":{"Status Code":200,"API":"/options-chain-v3"},"timestamp":"2026-10-06 00:54:44,479+0530","service":"FyersAPIRequest","taskName":"Task-39"}
{"level":"DEBUG","location":"[get_call:168] fyersModel","message":{"Status Code":200,"API":"/quotes"},"timestamp":"2026-10-06 00:54:44,996+0530","service":"FyersAPIRequest"}
{"level":"DEBUG","location":"[get_call:168] fyersModel","message":{"Status Code":200,"API":"/options-chain-v3"},"timestamp":"2026-10-06 00:54:45,032+0530","service":"FyersAPIRequest"}
{"level":"DEBUG","location":"[get_call:168] fyersModel","message":{"Status Code":200,"API":"/quotes"},"timestamp":"2026-10-06 00:54:46,514+0530","service":"FyersAPIRequest","taskName":"Task-39"}
{"level":"DEBUG","location":"[get_call:168] fyersModel","message":{"Status Code":200,"API":"/options-chain-v3"},"timestamp":"2026-10-06 00:54:46,557+0530","service":"FyersAPIRequest","taskName":"Task-39"}
{"level":"DEBUG","location":"[get_call:168] fyersModel","message":{"Status Code":200,"API":"/quotes"},"timestamp":"2026-10-06 00:54:48,588+0530","service":"FyersAPIRequest","taskName":"Task-39"}
{"level":"DEBUG","location":"[get_call:168] fyersModel","message":{"Status Code":200,"API":"/options-chain-v3"},"timestamp":"2026-10-06 00:54:48,615+0530","service":"FyersAPIRequest","taskName":"Task-39"}
{"level":"DEBUG","location":"[get_call:168] fyersModel","message":{"Status Code":200,"API":"/quotes"},"timestamp":"2026-10-06 00:54:49,068+0530","service":"FyersAPIRequest"}
{"level":"DEBUG","location":"[get_call:168] fyersModel","message":{"Status Code":200,"API":"/options-chain-v3"},"timestamp":"2026-10-06 00:54:49,097+0530","service":"FyersAPIRequest"}
{"level":"DEBUG","location":"[get_call:168] fyersModel","message":{"Status Code":200,"API":"/quotes"},"timestamp":"2026-10-06 00:54:50,678+0530","service":"FyersAPIRequest","taskName":"Task-39"}
{"level":"DEBUG","location":"[get_call:168] fyersModel","message":{"Status Code":200,"API":"/options-chain-v3"},"timestamp":"2026-10-06 00:54:50,711+0530","service":"FyersAPIRequest","taskName":"Task-39"}
{"level":"DEBUG","location":"[get_call:168] fyersModel","message":{"Status Code":200,"API":"/quotes"},"timestamp":"2026-10-06 00:54:52,767+0530","service":"FyersAPIRequest","taskName":"Task-39"}
{"level":"DEBUG","location":"[get_call:168] fyersModel","message":{"Status Code":200,"API":"/options-chain-v3"},"timestamp":"2026-10-06 00:54:52,793+0530","service":"FyersAPIRequest","taskName":"Task-39"}
{"level":"DEBUG","location":"[get_call:168] fyersModel","message":{"Status Code":200,"API":"/quotes"},"timestamp":"2026-10-06 00:54:53,135+0530","service":"FyersAPIRequest"}
{"level":"DEBUG","location":"[get_call:168] fyersModel","message":{"Status Code":200,"API":"/options-chain-v3"},"timestamp":"2026-10-06 00:54:53,162+0530","service":"FyersAPIRequest"}
{"level":"DEBUG","location":"[get_call:168] fyersModel","message":{"Status Code":200,"API":"/quotes"},"timestamp":"2026-10-06 00:54:54,855+0530","service":"FyersAPIRequest","taskName":"Task-39"}
{"level":"DEBUG","location":"[get_call:168] fyersModel","message":{"Status Code":200,"API":"/options-chain-v3"},"timestamp":"2026-10-06 00:54:54,883+0530","service":"FyersAPIRequest","taskName":"Task-39"}
{"level":"DEBUG","location":"[get_call:168] fyersModel","message":{"Status Code":200,"API":"/quotes"},"timestamp":"2026-10-06 00:54:56,935+0530","service":"FyersAPIRequest","taskName":"Task-39"}
{"level":"DEBUG","location":"[get_call:168] fyersModel","message":{"Status Code":200,"API":"/options-chain-v3"},"timestamp":"2026-10-06 00:54:56,965+0530","service":"FyersAPIRequest","taskName":"Task-39"}
{"level":"DEBUG","location":"[get_call:168] fyersModel","message":{"Status Code":200,"API":"/quotes"},"timestamp":"2026-10-06 00:54:57,191+0530","service":"FyersAPIRequest"}
{"level":"DEBUG","location":"[get_call:168] fyersModel","message":{"Status Code":200,"API":"/options-chain-v3"},"timestamp":"2026-10-06 00:54:57,217+0530","service":"FyersAPIRequest"}
{"level":"DEBUG","location":"[get_call:168] fyersModel","message":{"Status Code":200,"API":"/profile"},"timestamp":"2026-10-06 00:54:59,720+0530","service":"FyersAPIRequest","taskName":"Task-39"}
{"level":"DEBUG","location":"[get_call:168] fyersModel","message":{"Status Code":200,"API":"/quotes"},"timestamp":"2026-10-06 00:54:59,746+0530","service":"FyersAPIRequest","taskName":"Task-39"}
{"level":"DEBUG","location":"[get_call:168] fyersModel","message":{"Status Code":200,"API":"/options-chain-v3"},"timestamp":"2026-10-06 00:54:59,780+0530","service":"FyersAPIRequest","taskName":"Task-39"}
{"level":"DEBUG","location":"[get_call:168] fyersModel","message":{"Status Code":200,"API":"/quotes"},"timestamp":"2026-10-06 00:55:01,264+0530","service":"FyersAPIRequest"}
{"level":"DEBUG","location":"[get_call:168] fyersModel","message":{"Status Code":200,"API":"/options-chain-v3"},"timestamp":"2026-10-06 00:55:01,291+0530","service":"FyersAPIRequest"}
{"level":"DEBUG","location":"[get_call:168] fyersModel","message":{"Status Code":200,"API":"/quotes"},"timestamp":"2026-10-06 00:55:01,841+0530","service":"FyersAPIRequest","taskName":"Task-39"}
{"level":"DEBUG","location":"[get_call:168] fyersModel","message":{"Status Code":200,"API":"/options-chain-v3"},"timestamp":"2026-10-06 00:55:01,871+0530","service":"FyersAPIRequest","taskName":"Task-39"}
{"level":"DEBUG","location":"[get_call:168] fyersModel","message":{"Status Code":200,"API":"/quotes"},"timestamp":"2026-10-06 00:55:03,946+0530","service":"FyersAPIRequest","taskName":"Task-39"}
{"level":"DEBUG","location":"[get_call:168] fyersModel","message":{"Status Code":200,"API":"/options-chain-v3"},"timestamp":"2026-10-06 00:55:04,286+0530","service":"FyersAPIRequest","taskName":"Task-39"}
{"level":"DEBUG","location":"[get_call:168] fyersModel","message":{"Status Code":200,"API":"/quotes"},"timestamp":"2026-10-06 00:55:05,384+0530","service":"FyersAPIRequest"}
{"level":"DEBUG","location":"[get_call:168] fyersModel","message":{"Status Code":200,"API":"/options-chain-v3"},"timestamp":"2026-10-06 00:55:05,412+0530","service":"FyersAPIRequest"}
{"level":"DEBUG","location":"[get_call:168] fyersModel","message":{"Status Code":200,"API":"/quotes"},"timestamp":"2026-10-06 00:55:06,337+0530","service":"FyersAPIRequest","taskName":"Task-39"}
{"level":"DEBUG","location":"[get_call:168] fyersModel","message":{"Status Code":200,"API":"/options-chain-v3"},"timestamp":"2026-10-06 00:55:06,672+0530","service":"FyersAPIRequest","taskName":"Task-39"}
{"level":"DEBUG","location":"[get_call:168] fyersModel","message":{"Status Code":200,"API":"/quotes"},"timestamp":"2026-10-06 00:55:08,733+0530","service":"FyersAPIRequest","taskName":"Task-39"}
{"level":"DEBUG","location":"[get_call:168] fyersModel","message":{"Status Code":200,"API":"/options-chain-v3"},"timestamp":"2026-10-06 00:55:08,766+0530","service":"FyersAPIRequest","taskName":"Task-39"}
{"level":"DEBUG","location":"[get_call:168] fyersModel","message":{"Status Code":200,"API":"/quotes"},"timestamp":"2026-10-06 00:55:09,361+0530","service":"FyersAPIRequest","taskName":"Task-356"}
{"level":"DEBUG","location":"[get_call:168] fyersModel","message":{"Status Code":200,"API":"/options-chain-v3"},"timestamp":"2026-10-06 00:55:09,390+0530","service":"FyersAPIRequest","taskName":"Task-356"}
{"level":"DEBUG","location":"[get_call:168] fyersModel","message":{"Status Code":200,"API":"/quotes"},"timestamp":"2026-10-06 00:55:09,821+0530","service":"FyersAPIRequest"}
{"level":"DEBUG","location":"[get_call:168] fyersModel","message":{"Status Code":200,"API":"/options-chain-v3"},"timestamp":"2026-10-06 00:55:09,860+0530","service":"FyersAPIRequest"}
{"level":"DEBUG","location":"[get_call:168] fyersModel","message":{"Status Code":200,"API":"/quotes"},"timestamp":"2026-10-06 00:55:10,914+0530","service":"FyersAPIRequest","taskName":"Task-39"}
{"level":"DEBUG","location":"[get_call:168] fyersModel","message":{"Status Code":200,"API":"/options-chain-v3"},"timestamp":"2026-10-06 00:55:10,948+0530","service":"FyersAPIRequest","taskName":"Task-39"}
{"level":"DEBUG","location":"[get_call:168] fyersModel","message":{"Status Code":200,"API":"/quotes"},"timestamp":"2026-10-06 00:55:12,411+0530","service":"FyersAPIRequest","taskName":"Task-359"}
{"level":"DEBUG","location":"[get_call:168] fyersModel","message":{"Status Code":200,"API":"/options-chain-v3"},"timestamp":"2026-10-06 00:55:12,440+0530","service":"FyersAPIRequest","taskName":"Task-359"}
{"level":"DEBUG","location":"[get_call:168] fyersModel","message":{"Status Code":200,"API":"/quotes"},"timestamp":"2026-10-06 00:55:13,003+0530","service":"FyersAPIRequest","taskName":"Task-39"}
{"level":"DEBUG","location":"[get_call:168] fyersModel","message":{"Status Code":200,"API":"/options-chain-v3"},"timestamp":"2026-10-06 00:55:13,031+0530","service":"FyersAPIRequest","taskName":"Task-39"}
{"level":"DEBUG","location":"[get_call:168] fyersModel","message":{"Status Code":200,"API":"/quotes"},"timestamp":"2026-10-06 00:55:13,960+0530","service":"FyersAPIRequest"}
{"level":"DEBUG","location":"[get_call:168] fyersModel","message":{"Status Code":200,"API":"/options-chain-v3"},"timestamp":"2026-10-06 00:55:14,004+0530","service":"FyersAPIRequest"}
{"level":"DEBUG","location":"[get_call:168] fyersModel","message":{"Status Code":200,"API":"/quotes"},"timestamp":"2026-10-06 00:55:15,089+0530","service":"FyersAPIRequest","taskName":"Task-39"}
{"level":"DEBUG","location":"[get_call:168] fyersModel","message":{"Status Code":200,"API":"/options-chain-v3"},"timestamp":"2026-10-06 00:55:15,118+0530","service":"FyersAPIRequest","taskName":"Task-39"}
{"level":"DEBUG","location":"[get_call:168] fyersModel","message":{"Status Code":200,"API":"/quotes"},"timestamp":"2026-10-06 00:55:16,417+0530","service":"FyersAPIRequest","taskName":"Task-362"}
{"level":"DEBUG","location":"[get_call:168] fyersModel","message":{"Status Code":200,"API":"/options-chain-v3"},"timestamp":"2026-10-06 00:55:16,446+0530","service":"FyersAPIRequest","taskName":"Task-362"}
{"level":"DEBUG","location":"[get_call:168] fyersModel","message":{"Status Code":200,"API":"/quotes"},"timestamp":"2026-10-06 00:55:17,162+0530","service":"FyersAPIRequest","taskName":"Task-39"}
{"level":"DEBUG","location":"[get_call:168] fyersModel","message":{"Status Code":200,"API":"/options-chain-v3"},"timestamp":"2026-10-06 00:55:17,190+0530","service":"FyersAPIRequest","taskName":"Task-39"}
{"level":"DEBUG","location":"[get_call:168] fyersModel","message":{"Status Code":200,"API":"/quotes"},"timestamp":"2026-10-06 00:55:18,040+0530","service":"FyersAPIRequest"}
{"level":"DEBUG","location":"[get_call:168] fyersModel","message":{"Status Code":200,"API":"/options-chain-v3"},"timestamp":"2026-10-06 00:55:18,079+0530","service":"FyersAPIRequest"}
{"level":"DEBUG","location":"[get_call:168] fyersModel","message":{"Status Code":200,"API":"/quotes"},"timestamp":"2026-10-06 00:55:19,268+0530","service":"FyersAPIRequest","taskName":"Task-39"}
{"level":"DEBUG","location":"[get_call:168] fyersModel","message":{"Status Code":200,"API":"/options-chain-v3"},"timestamp":"2026-10-06 00:55:19,298+0530","service":"FyersAPIRequest","taskName":"Task-39"}
{"level":"DEBUG","location":"[get_call:168] fyersModel","message":{"Status Code":200,"API":"/quotes"},"timestamp":"2026-10-06 00:55:20,407+0530","service":"FyersAPIRequest","taskName":"Task-365"}
{"level":"DEBUG","location":"[get_call:168] fyersModel","message":{"Status Code":200,"API":"/options-chain-v3"},"timestamp":"2026-10-06 00:55:20,434+0530","service":"FyersAPIRequest","taskName":"Task-365"}
{"level":"DEBUG","location":"[get_call:168] fyersModel","message":{"Status Code":200,"API":"/quotes"},"timestamp":"2026-10-06 00:55:21,342+0530","service":"FyersAPIRequest","taskName":"Task-39"}
{"level":"DEBUG","location":"[get_call:168] fyersModel","message":{"Status Code":200,"API":"/options-chain-v3"},"timestamp":"2026-10-06 00:55:21,369+0530","service":"FyersAPIRequest","taskName":"Task-39"}
{"level":"DEBUG","location":"[get_call:168] fyersModel","message":{"Status Code":200,"API":"/quotes"},"timestamp":"2026-10-06 00:55:22,170+0530","service":"FyersAPIRequest"}
{"level":"DEBUG","location":"[get_call:168] fyersModel","message":{"Status Code":200,"API":"/options-chain-v3"},"timestamp":"2026-10-06 00:55:22,198+0530","service":"FyersAPIRequest"}
{"level":"DEBUG","location":"[get_call:168] fyersModel","message":{"Status Code":200,"API":"/quotes"},"timestamp":"2026-10-06 00:55:23,465+0530","service":"FyersAPIRequest","taskName":"Task-39"}
{"level":"DEBUG","location":"[get_call:168] fyersModel","message":{"Status Code":200,"API":"/options-chain-v3"},"timestamp":"2026-10-06 00:55:23,502+0530","service":"FyersAPIRequest","taskName":"Task-39"}
{"level":"DEBUG","location":"[get_call:168] fyersModel","message":{"Status Code":200,"API":"/quotes"},"timestamp":"2026-10-06 00:55:24,530+0530","service":"FyersAPIRequest","taskName":"Task-368"}
{"level":"DEBUG","location":"[get_call:168] fyersModel","message":{"Status Code":200,"API":"/options-chain-v3"},"timestamp":"2026-10-06 00:55:24,560+0530","service":"FyersAPIRequest","taskName":"Task-368"}
{"level":"DEBUG","location":"[get_call:168] fyersModel","message":{"Status Code":200,"API":"/quotes"},"timestamp":"2026-10-06 00:55:26,932+0530","service":"FyersAPIRequest"}
{"level":"DEBUG","location":"[get_call:168] fyersModel","message":{"Status Code":200,"API":"/options-chain-v3"},"timestamp":"2026-10-06 00:55:27,271+0530","service":"FyersAPIRequest"}
{"level":"DEBUG","location":"[get_call:168] fyersModel","message":{"Status Code":200,"API":"/quotes"},"timestamp":"2026-10-06 00:55:27,980+0530","service":"FyersAPIRequest","taskName":"Task-39"}
{"level":"DEBUG","location":"[get_call:168] fyersModel","message":{"Status Code":200,"API":"/options-chain-v3"},"timestamp":"2026-10-06 00:55:28,062+0530","service":"FyersAPIRequest","taskName":"Task-39"}
{"level":"DEBUG","location":"[get_call:168] fyersModel","message":{"Status Code":200,"API":"/quotes"},"timestamp":"2026-10-06 00:55:28,424+0530","service":"FyersAPIRequest","taskName":"Task-371"}
{"level":"DEBUG","location":"[get_call:168] fyersModel","message":{"Status Code":200,"API":"/options-chain-v3"},"timestamp":"2026-10-06 00:55:28,452+0530","service":"FyersAPIRequest","taskName":"Task-371"}
{"level":"DEBUG","location":"[get_call:168] fyersModel","message":{"Status Code":200,"API":"/profile"},"timestamp":"2026-10-06 00:55:30,999+0530","service":"FyersAPIRequest","taskName":"Task-39"}
{"level":"DEBUG","location":"[get_call:168] fyersModel","message":{"Status Code":200,"API":"/quotes"},"timestamp":"2026-10-06 00:55:31,027+0530","service":"FyersAPIRequest","taskName":"Task-39"}
{"level":"DEBUG","location":"[get_call:168] fyersModel","message":{"Status Code":200,"API":"/options-chain-v3"},"timestamp":"2026-10-06 00:55:31,069+0530","service":"FyersAPIRequest","taskName":"Task-39"}
{"level":"DEBUG","location":"[get_call:168] fyersModel","message":{"Status Code":200,"API":"/quotes"},"timestamp":"2026-10-06 00:55:31,313+0530","service":"FyersAPIRequest"}
{"level":"DEBUG","location":"[get_call:168] fyersModel","message":{"Status Code":200,"API":"/options-chain-v3"},"timestamp":"2026-10-06 00:55:31,428+0530","service":"FyersAPIRequest"}
{"level":"DEBUG","location":"[get_call:168] fyersModel","message":{"Status Code":200,"API":"/quotes"},"timestamp":"2026-10-06 00:55:33,032+0530","service":"FyersAPIRequest","taskName":"Task-374"}
{"level":"DEBUG","location":"[get_call:168] fyersModel","message":{"Status Code":200,"API":"/options-chain-v3"},"timestamp":"2026-10-06 00:55:33,063+0530","service":"FyersAPIRequest","taskName":"Task-374"}
{"level":"DEBUG","location":"[get_call:168] fyersModel","message":{"Status Code":200,"API":"/quotes"},"timestamp":"2026-10-06 00:55:33,118+0530","service":"FyersAPIRequest","taskName":"Task-39"}
{"level":"DEBUG","location":"[get_call:168] fyersModel","message":{"Status Code":200,"API":"/options-chain-v3"},"timestamp":"2026-10-06 00:55:33,151+0530","service":"FyersAPIRequest","taskName":"Task-39"}
{"level":"DEBUG","location":"[get_call:168] fyersModel","message":{"Status Code":200,"API":"/quotes"},"timestamp":"2026-10-06 00:55:35,520+0530","service":"FyersAPIRequest","taskName":"Task-39"}
{"level":"DEBUG","location":"[get_call:168] fyersModel","message":{"Status Code":200,"API":"/options-chain-v3"},"timestamp":"2026-10-06 00:55:35,547+0530","service":"FyersAPIRequest","taskName":"Task-39"}
{"level":"DEBUG","location":"[get_call:168] fyersModel","message":{"Status Code":200,"API":"/quotes"},"timestamp":"2026-10-06 00:55:36,048+0530","service":"FyersAPIRequest"}
{"level":"DEBUG","location":"[get_call:168] fyersModel","message":{"Status Code":200,"API":"/options-chain-v3"},"timestamp":"2026-10-06 00:55:36,079+0530","service":"FyersAPIRequest"}
{"level":"DEBUG","location":"[get_call:168] fyersModel","message":{"Status Code":200,"API":"/quotes"},"timestamp":"2026-10-06 00:55:36,417+0530","service":"FyersAPIRequest","taskName":"Task-377"}
{"level":"DEBUG","location":"[get_call:168] fyersModel","message":{"Status Code":200,"API":"/options-chain-v3"},"timestamp":"2026-10-06 00:55:36,460+0530","service":"FyersAPIRequest","taskName":"Task-377"}
{"level":"DEBUG","location":"[get_call:168] fyersModel","message":{"Status Code":200,"API":"/quotes"},"timestamp":"2026-10-06 00:55:37,623+0530","service":"FyersAPIRequest","taskName":"Task-39"}
{"level":"DEBUG","location":"[get_call:168] fyersModel","message":{"Status Code":200,"API":"/options-chain-v3"},"timestamp":"2026-10-06 00:55:37,666+0530","service":"FyersAPIRequest","taskName":"Task-39"}
{"level":"DEBUG","location":"[get_call:168] fyersModel","message":{"Status Code":200,"API":"/quotes"},"timestamp":"2026-10-06 00:55:39,730+0530","service":"FyersAPIRequest","taskName":"Task-39"}
{"level":"DEBUG","location":"[get_call:168] fyersModel","message":{"Status Code":200,"API":"/options-chain-v3"},"timestamp":"2026-10-06 00:55:39,759+0530","service":"FyersAPIRequest","taskName":"Task-39"}
{"level":"DEBUG","location":"[get_call:168] fyersModel","message":{"Status Code":200,"API":"/quotes"},"timestamp":"2026-10-06 00:55:40,115+0530","service":"FyersAPIRequest"}
{"level":"DEBUG","location":"[get_call:168] fyersModel","message":{"Status Code":200,"API":"/options-chain-v3"},"timestamp":"2026-10-06 00:55:40,146+0530","service":"FyersAPIRequest"}
{"level":"DEBUG","location":"[get_call:168] fyersModel","message":{"Status Code":200,"API":"/quotes"},"timestamp":"2026-10-06 00:55:40,413+0530","service":"FyersAPIRequest","taskName":"Task-380"}
{"level":"DEBUG","location":"[get_call:168] fyersModel","message":{"Status Code":200,"API":"/options-chain-v3"},"timestamp":"2026-10-06 00:55:40,447+0530","service":"FyersAPIRequest","taskName":"Task-380"}
{"level":"DEBUG","location":"[get_call:168] fyersModel","message":{"Status Code":200,"API":"/quotes"},"timestamp":"2026-10-06 00:55:41,815+0530","service":"FyersAPIRequest","taskName":"Task-39"}
{"level":"DEBUG","location":"[get_call:168] fyersModel","message":{"Status Code":200,"API":"/options-chain-v3"},"timestamp":"2026-10-06 00:55:41,844+0530","service":"FyersAPIRequest","taskName":"Task-39"}
{"level":"DEBUG","location":"[get_call:168] fyersModel","message":{"Status Code":200,"API":"/quotes"},"timestamp":"2026-10-06 00:55:43,896+0530","service":"FyersAPIRequest","taskName":"Task-39"}
{"level":"DEBUG","location":"[get_call:168] fyersModel","message":{"Status Code":200,"API":"/options-chain-v3"},"timestamp":"2026-10-06 00:55:43,929+0530","service":"FyersAPIRequest","taskName":"Task-39"}
{"level":"DEBUG","location":"[get_call:168] fyersModel","message":{"Status Code":200,"API":"/quotes"},"timestamp":"2026-10-06 00:55:44,182+0530","service":"FyersAPIRequest"}
{"level":"DEBUG","location":"[get_call:168] fyersModel","message":{"Status Code":200,"API":"/options-chain-v3"},"timestamp":"2026-10-06 00:55:44,211+0530","service":"FyersAPIRequest"}
{"level":"DEBUG","location":"[get_call:168] fyersModel","message":{"Status Code":200,"API":"/quotes"},"timestamp":"2026-10-06 00:55:44,442+0530","service":"FyersAPIRequest","taskName":"Task-383"}
{"level":"DEBUG","location":"[get_call:168] fyersModel","message":{"Status Code":200,"API":"/options-chain-v3"},"timestamp":"2026-10-06 00:55:44,474+0530","service":"FyersAPIRequest","taskName":"Task-383"}
{"level":"DEBUG","location":"[get_call:168] fyersModel","message":{"Status Code":200,"API":"/quotes"},"timestamp":"2026-10-06 00:55:45,968+0530","service":"FyersAPIRequest","taskName":"Task-39"}
{"level":"DEBUG","location":"[get_call:168] fyersModel","message":{"Status Code":200,"API":"/options-chain-v3"},"timestamp":"2026-10-06 00:55:46,002+0530","service":"FyersAPIRequest","taskName":"Task-39"}
{"level":"DEBUG","location":"[get_call:168] fyersModel","message":{"Status Code":200,"API":"/quotes"},"timestamp":"2026-10-06 00:55:48,082+0530","service":"FyersAPIRequest","taskName":"Task-39"}
{"level":"DEBUG","location":"[get_call:168] fyersModel","message":{"Status Code":200,"API":"/options-chain-v3"},"timestamp":"2026-10-06 00:55:48,119+0530","service":"FyersAPIRequest","taskName":"Task-39"}
{"level":"DEBUG","location":"[get_call:168] fyersModel","message":{"Status Code":200,"API":"/quotes"},"timestamp":"2026-10-06 00:55:48,264+0530","service":"FyersAPIRequest"}
{"level":"DEBUG","location":"[get_call:168] fyersModel","message":{"Status Code":200,"API":"/options-chain-v3"},"timestamp":"2026-10-06 00:55:48,295+0530","service":"FyersAPIRequest"}
{"level":"DEBUG","location":"[get_call:168] fyersModel","message":{"Status Code":200,"API":"/quotes"},"timestamp":"2026-10-06 00:55:48,685+0530","service":"FyersAPIRequest","taskName":"Task-386"}
{"level":"DEBUG","location":"[get_call:168] fyersModel","message":{"Status Code":200,"API":"/options-chain-v3"},"timestamp":"2026-10-06 00:55:48,723+0530","service":"FyersAPIRequest","taskName":"Task-386"}
{"level":"DEBUG","location":"[get_call:168] fyersModel","message":{"Status Code":200,"API":"/quotes"},"timestamp":"2026-10-06 00:55:50,197+0530","service":"FyersAPIRequest","taskName":"Task-39"}
{"level":"DEBUG","location":"[get_call:168] fyersModel","message":{"Status Code":200,"API":"/options-chain-v3"},"timestamp":"2026-10-06 00:55:50,225+0530","service":"FyersAPIRequest","taskName":"Task-39"}
{"level":"DEBUG","location":"[get_call:168] fyersModel","message":{"Status Code":200,"API":"/quotes"},"timestamp":"2026-10-06 00:55:52,269+0530","service":"FyersAPIRequest","taskName":"Task-39"}
{"level":"DEBUG","location":"[get_call:168] fyersModel","message":{"Status Code":200,"API":"/options-chain-v3"},"timestamp":"2026-10-06 00:55:52,305+0530","service":"FyersAPIRequest","taskName":"Task-39"}
{"level":"DEBUG","location":"[get_call:168] fyersModel","message":{"Status Code":200,"API":"/quotes"},"timestamp":"2026-10-06 00:55:52,365+0530","service":"FyersAPIRequest"}
{"level":"DEBUG","location":"[get_call:168] fyersModel","message":{"Status Code":200,"API":"/options-chain-v3"},"timestamp":"2026-10-06 00:55:52,406+0530","service":"FyersAPIRequest"}
{"level":"DEBUG","location":"[get_call:168] fyersModel","message":{"Status Code":200,"API":"/quotes"},"timestamp":"2026-10-06 00:55:52,435+0530","service":"FyersAPIRequest","taskName":"Task-389"}
{"level":"DEBUG","location":"[get_call:168] fyersModel","message":{"Status Code":200,"API":"/options-chain-v3"},"timestamp":"2026-10-06 00:55:52,463+0530","service":"FyersAPIRequest","taskName":"Task-389"}
{"level":"DEBUG","location":"[get_call:168] fyersModel","message":{"Status Code":200,"API":"/quotes"},"timestamp":"2026-10-06 00:55:54,374+0530","service":"FyersAPIRequest","taskName":"Task-39"}
{"level":"DEBUG","location":"[get_call:168] fyersModel","message":{"Status Code":200,"API":"/options-chain-v3"},"timestamp":"2026-10-06 00:55:54,406+0530","service":"FyersAPIRequest","taskName":"Task-39"}
{"level":"DEBUG","location":"[get_call:168] fyersModel","message":{"Status Code":200,"API":"/quotes"},"timestamp":"2026-10-06 00:55:56,428+0530","service":"FyersAPIRequest","taskName":"Task-392"}
{"level":"DEBUG","location":"[get_call:168] fyersModel","message":{"Status Code":200,"API":"/options-chain-v3"},"timestamp":"2026-10-06 00:55:56,455+0530","service":"FyersAPIRequest","taskName":"Task-392"}
{"level":"DEBUG","location":"[get_call:168] fyersModel","message":{"Status Code":200,"API":"/quotes"},"timestamp":"2026-10-06 00:55:56,485+0530","service":"FyersAPIRequest"}
{"level":"DEBUG","location":"[get_call:168] fyersModel","message":{"Status Code":200,"API":"/quotes"},"timestamp":"2026-10-06 00:55:56,512+0530","service":"FyersAPIRequest","taskName":"Task-39"}
{"level":"DEBUG","location":"[get_call:168] fyersModel","message":{"Status Code":200,"API":"/options-chain-v3"},"timestamp":"2026-10-06 00:55:56,525+0530","service":"FyersAPIRequest"}
{"level":"DEBUG","location":"[get_call:168] fyersModel","message":{"Status Code":200,"API":"/options-chain-v3"},"timestamp":"2026-10-06 00:55:56,558+0530","service":"FyersAPIRequest","taskName":"Task-39"}
{"level":"DEBUG","location":"[get_call:168] fyersModel","message":{"Status Code":200,"API":"/quotes"},"timestamp":"2026-10-06 00:55:58,630+0530","service":"FyersAPIRequest","taskName":"Task-39"}
{"level":"DEBUG","location":"[get_call:168] fyersModel","message":{"Status Code":200,"API":"/options-chain-v3"},"timestamp":"2026-10-06 00:55:58,681+0530","service":"FyersAPIRequest","taskName":"Task-39"}
{"level":"DEBUG","location":"[get_call:168] fyersModel","message":{"Status Code":200,"API":"/profile"},"timestamp":"2026-10-06 00:56:01,308+0530","service":"FyersAPIRequest","taskName":"Task-393"}
{"level":"DEBUG","location":"[get_call:168] fyersModel","message":{"Status Code":200,"API":"/quotes"},"timestamp":"2026-10-06 00:56:01,336+0530","service":"FyersAPIRequest","taskName":"Task-39"}
{"level":"DEBUG","location":"[get_call:168] fyersModel","message":{"Status Code":200,"API":"/options-chain-v3"},"timestamp":"2026-10-06 00:56:01,372+0530","service":"FyersAPIRequest","taskName":"Task-39"}
{"level":"DEBUG","location":"[get_call:168] fyersModel","message":{"Status Code":200,"API":"/profile"},"timestamp":"2026-10-06 00:56:01,391+0530","service":"FyersAPIRequest"}
{"level":"DEBUG","location":"[get_call:168] fyersModel","message":{"Status Code":200,"API":"/quotes"},"timestamp":"2026-10-06 00:56:01,426+0530","service":"FyersAPIRequest"}
{"level":"DEBUG","location":"[get_call:168] fyersModel","message":{"Status Code":200,"API":"/options-chain-v3"},"timestamp":"2026-10-06 00:56:01,454+0530","service":"FyersAPIRequest"}
{"level":"DEBUG","location":"[get_call:168] fyersModel","message":{"Status Code":200,"API":"/quotes"},"timestamp":"2026-10-06 00:56:02,183+0530","service":"FyersAPIRequest","taskName":"Task-395"}
{"level":"DEBUG","location":"[get_call:168] fyersModel","message":{"Status Code":200,"API":"/options-chain-v3"},"timestamp":"2026-10-06 00:56:02,226+0530","service":"FyersAPIRequest","taskName":"Task-395"}
{"level":"DEBUG","location":"[get_call:168] fyersModel","message":{"Status Code":200,"API":"/quotes"},"timestamp":"2026-10-06 00:56:03,443+0530","service":"FyersAPIRequest","taskName":"Task-39"}
{"level":"DEBUG","location":"[get_call:168] fyersModel","message":{"Status Code":200,"API":"/options-chain-v3"},"timestamp":"2026-10-06 00:56:03,473+0530","service":"FyersAPIRequest","taskName":"Task-39"}
{"level":"DEBUG","location":"[get_call:168] fyersModel","message":{"Status Code":200,"API":"/quotes"},"timestamp":"2026-10-06 00:56:04,414+0530","service":"FyersAPIRequest","taskName":"Task-398"}
{"level":"DEBUG","location":"[get_call:168] fyersModel","message":{"Status Code":200,"API":"/options-chain-v3"},"timestamp":"2026-10-06 00:56:04,447+0530","service":"FyersAPIRequest","taskName":"Task-398"}
{"level":"DEBUG","location":"[get_call:168] fyersModel","message":{"Status Code":200,"API":"/quotes"},"timestamp":"2026-10-06 00:56:05,528+0530","service":"FyersAPIRequest","taskName":"Task-39"}
{"level":"DEBUG","location":"[get_call:168] fyersModel","message":{"Status Code":200,"API":"/options-chain-v3"},"timestamp":"2026-10-06 00:56:05,560+0530","service":"FyersAPIRequest","taskName":"Task-39"}
{"level":"DEBUG","location":"[get_call:168] fyersModel","message":{"Status Code":200,"API":"/quotes"},"timestamp":"2026-10-06 00:56:05,612+0530","service":"FyersAPIRequest"}
{"level":"DEBUG","location":"[get_call:168] fyersModel","message":{"Status Code":200,"API":"/options-chain-v3"},"timestamp":"2026-10-06 00:56:05,643+0530","service":"FyersAPIRequest"}
{"level":"DEBUG","location":"[get_call:168] fyersModel","message":{"Status Code":200,"API":"/quotes"},"timestamp":"2026-10-06 00:56:07,619+0530","service":"FyersAPIRequest","taskName":"Task-39"}
{"level":"DEBUG","location":"[get_call:168] fyersModel","message":{"Status Code":200,"API":"/options-chain-v3"},"timestamp":"2026-10-06 00:56:07,649+0530","service":"FyersAPIRequest","taskName":"Task-39"}
{"level":"DEBUG","location":"[get_call:168] fyersModel","message":{"Status Code":200,"API":"/quotes"},"timestamp":"2026-10-06 00:56:08,418+0530","service":"FyersAPIRequest","taskName":"Task-401"}
{"level":"DEBUG","location":"[get_call:168] fyersModel","message":{"Status Code":200,"API":"/options-chain-v3"},"timestamp":"2026-10-06 00:56:08,451+0530","service":"FyersAPIRequest","taskName":"Task-401"}
{"level":"DEBUG","location":"[get_call:168] fyersModel","message":{"Status Code":200,"API":"/quotes"},"timestamp":"2026-10-06 00:56:09,687+0530","service":"FyersAPIRequest"}
{"level":"DEBUG","location":"[get_call:168] fyersModel","message":{"Status Code":200,"API":"/quotes"},"timestamp":"2026-10-06 00:56:09,694+0530","service":"FyersAPIRequest","taskName":"Task-39"}
{"level":"DEBUG","location":"[get_call:168] fyersModel","message":{"Status Code":200,"API":"/options-chain-v3"},"timestamp":"2026-10-06 00:56:09,721+0530","service":"FyersAPIRequest"}
{"level":"DEBUG","location":"[get_call:168] fyersModel","message":{"Status Code":200,"API":"/options-chain-v3"},"timestamp":"2026-10-06 00:56:09,742+0530","service":"FyersAPIRequest","taskName":"Task-39"}
{"level":"DEBUG","location":"[get_call:168] fyersModel","message":{"Status Code":200,"API":"/quotes"},"timestamp":"2026-10-06 00:56:11,790+0530","service":"FyersAPIRequest","taskName":"Task-39"}
{"level":"DEBUG","location":"[get_call:168] fyersModel","message":{"Status Code":200,"API":"/options-chain-v3"},"timestamp":"2026-10-06 00:56:11,820+0530","service":"FyersAPIRequest","taskName":"Task-39"}
{"level":"DEBUG","location":"[get_call:168] fyersModel","message":{"Status Code":200,"API":"/quotes"},"timestamp":"2026-10-06 00:56:13,760+0530","service":"FyersAPIRequest"}
{"level":"DEBUG","location":"[get_call:168] fyersModel","message":{"Status Code":200,"API":"/options-chain-v3"},"timestamp":"2026-10-06 00:56:13,787+0530","service":"FyersAPIRequest"}
{"level":"DEBUG","location":"[get_call:168] fyersModel","message":{"Status Code":200,"API":"/quotes"},"timestamp":"2026-10-06 00:56:13,863+0530","service":"FyersAPIRequest","taskName":"Task-39"}
{"level":"DEBUG","location":"[get_call:168] fyersModel","message":{"Status Code":200,"API":"/options-chain-v3"},"timestamp":"2026-10-06 00:56:13,889+0530","service":"FyersAPIRequest","taskName":"Task-39"}
{"level":"DEBUG","location":"[get_call:168] fyersModel","message":{"Status Code":200,"API":"/quotes"},"timestamp":"2026-10-06 00:56:15,949+0530","service":"FyersAPIRequest","taskName":"Task-39"}
{"level":"DEBUG","location":"[get_call:168] fyersModel","message":{"Status Code":200,"API":"/options-chain-v3"},"timestamp":"2026-10-06 00:56:15,978+0530","service":"FyersAPIRequest","taskName":"Task-39"}
{"level":"DEBUG","location":"[get_call:168] fyersModel","message":{"Status Code":200,"API":"/quotes"},"timestamp":"2026-10-06 00:56:17,889+0530","service":"FyersAPIRequest"}
{"level":"DEBUG","location":"[get_call:168] fyersModel","message":{"Status Code":200,"API":"/options-chain-v3"},"timestamp":"2026-10-06 00:56:17,926+0530","service":"FyersAPIRequest"}
{"level":"DEBUG","location":"[get_call:168] fyersModel","message":{"Status Code":200,"API":"/quotes"},"timestamp":"2026-10-06 00:56:18,062+0530","service":"FyersAPIRequest","taskName":"Task-39"}
{"level":"DEBUG","location":"[get_call:168] fyersModel","message":{"Status Code":200,"API":"/options-chain-v3"},"timestamp":"2026-10-06 00:56:18,415+0530","service":"FyersAPIRequest","taskName":"Task-39"}
{"level":"DEBUG","location":"[get_call:168] fyersModel","message":{"Status Code":200,"API":"/quotes"},"timestamp":"2026-10-06 00:56:20,485+0530","service":"FyersAPIRequest","taskName":"Task-39"}
{"level":"DEBUG","location":"[get_call:168] fyersModel","message":{"Status Code":200,"API":"/options-chain-v3"},"timestamp":"2026-10-06 00:56:20,515+0530","service":"FyersAPIRequest","taskName":"Task-39"}
{"level":"DEBUG","location":"[get_call:168] fyersModel","message":{"Status Code":200,"API":"/quotes"},"timestamp":"2026-10-06 00:56:21,440+0530","service":"FyersAPIRequest","taskName":"Task-405"}
{"level":"DEBUG","location":"[get_call:168] fyersModel","message":{"Status Code":200,"API":"/options-chain-v3"},"timestamp":"2026-10-06 00:56:21,474+0530","service":"FyersAPIRequest","taskName":"Task-405"}
{"level":"DEBUG","location":"[get_call:168] fyersModel","message":{"Status Code":200,"API":"/quotes"},"timestamp":"2026-10-06 00:56:21,962+0530","service":"FyersAPIRequest"}
{"level":"DEBUG","location":"[get_call:168] fyersModel","message":{"Status Code":200,"API":"/options-chain-v3"},"timestamp":"2026-10-06 00:56:21,989+0530","service":"FyersAPIRequest"}
{"level":"DEBUG","location":"[get_call:168] fyersModel","message":{"Status Code":200,"API":"/quotes"},"timestamp":"2026-10-06 00:56:22,567+0530","service":"FyersAPIRequest","taskName":"Task-39"}
{"level":"DEBUG","location":"[get_call:168] fyersModel","message":{"Status Code":200,"API":"/options-chain-v3"},"timestamp":"2026-10-06 00:56:22,596+0530","service":"FyersAPIRequest","taskName":"Task-39"}
{"level":"DEBUG","location":"[get_call:168] fyersModel","message":{"Status Code":200,"API":"/quotes"},"timestamp":"2026-10-06 00:56:24,654+0530","service":"FyersAPIRequest","taskName":"Task-39"}
{"level":"DEBUG","location":"[get_call:168] fyersModel","message":{"Status Code":200,"API":"/options-chain-v3"},"timestamp":"2026-10-06 00:56:24,683+0530","service":"FyersAPIRequest","taskName":"Task-39"}
{"level":"DEBUG","location":"[get_call:168] fyersModel","message":{"Status Code":200,"API":"/quotes"},"timestamp":"2026-10-06 00:56:26,174+0530","service":"FyersAPIRequest"}
{"level":"DEBUG","location":"[get_call:168] fyersModel","message":{"Status Code":200,"API":"/options-chain-v3"},"timestamp":"2026-10-06 00:56:26,206+0530","service":"FyersAPIRequest"}
{"level":"DEBUG","location":"[get_call:168] fyersModel","message":{"Status Code":200,"API":"/quotes"},"timestamp":"2026-10-06 00:56:26,732+0530","service":"FyersAPIRequest","taskName":"Task-39"}
{"level":"DEBUG","location":"[get_call:168] fyersModel","message":{"Status Code":200,"API":"/options-chain-v3"},"timestamp":"2026-10-06 00:56:26,760+0530","service":"FyersAPIRequest","taskName":"Task-39"}
{"level":"DEBUG","location":"[get_call:168] fyersModel","message":{"Status Code":200,"API":"/quotes"},"timestamp":"2026-10-06 00:56:28,810+0530","service":"FyersAPIRequest","taskName":"Task-39"}
{"level":"DEBUG","location":"[get_call:168] fyersModel","message":{"Status Code":200,"API":"/options-chain-v3"},"timestamp":"2026-10-06 00:56:28,839+0530","service":"FyersAPIRequest","taskName":"Task-39"}
{"level":"DEBUG","location":"[get_call:168] fyersModel","message":{"Status Code":200,"API":"/quotes"},"timestamp":"2026-10-06 00:56:30,275+0530","service":"FyersAPIRequest"}
{"level":"DEBUG","location":"[get_call:168] fyersModel","message":{"Status Code":200,"API":"/options-chain-v3"},"timestamp":"2026-10-06 00:56:30,301+0530","service":"FyersAPIRequest"}
{"level":"DEBUG","location":"[get_call:168] fyersModel","message":{"Status Code":200,"API":"/profile"},"timestamp":"2026-10-06 00:56:31,559+0530","service":"FyersAPIRequest","taskName":"Task-39"}
{"level":"DEBUG","location":"[get_call:168] fyersModel","message":{"Status Code":200,"API":"/quotes"},"timestamp":"2026-10-06 00:56:31,592+0530","service":"FyersAPIRequest","taskName":"Task-39"}
{"level":"DEBUG","location":"[get_call:168] fyersModel","message":{"Status Code":200,"API":"/options-chain-v3"},"timestamp":"2026-10-06 00:56:31,625+0530","service":"FyersAPIRequest","taskName":"Task-39"}
{"level":"DEBUG","location":"[get_call:168] fyersModel","message":{"Status Code":200,"API":"/quotes"},"timestamp":"2026-10-06 00:56:33,704+0530","service":"FyersAPIRequest","taskName":"Task-39"}
{"level":"DEBUG","location":"[get_call:168] fyersModel","message":{"Status Code":200,"API":"/options-chain-v3"},"timestamp":"2026-10-06 00:56:33,738+0530","service":"FyersAPIRequest","taskName":"Task-39"}
{"level":"DEBUG","location":"[get_call:168] fyersModel","message":{"Status Code":200,"API":"/quotes"},"timestamp":"2026-10-06 00:56:34,347+0530","service":"FyersAPIRequest"}
{"level":"DEBUG","location":"[get_call:168] fyersModel","message":{"Status Code":200,"API":"/options-chain-v3"},"timestamp":"2026-10-06 00:56:34,386+0530","service":"FyersAPIRequest"}
{"level":"DEBUG","location":"[get_call:168] fyersModel","message":{"Status Code":200,"API":"/quotes"},"timestamp":"2026-10-06 00:56:35,892+0530","service":"FyersAPIRequest","taskName":"Task-39"}
{"level":"DEBUG","location":"[get_call:168] fyersModel","message":{"Status Code":200,"API":"/options-chain-v3"},"timestamp":"2026-10-06 00:56:35,928+0530","service":"FyersAPIRequest","taskName":"Task-39"}
{"level":"DEBUG","location":"[get_call:168] fyersModel","message":{"Status Code":200,"API":"/quotes"},"timestamp":"2026-10-06 00:56:38,018+0530","service":"FyersAPIRequest","taskName":"Task-39"}
{"level":"DEBUG","location":"[get_call:168] fyersModel","message":{"Status Code":200,"API":"/options-chain-v3"},"timestamp":"2026-10-06 00:56:38,048+0530","service":"FyersAPIRequest","taskName":"Task-39"}
{"level":"DEBUG","location":"[get_call:168] fyersModel","message":{"Status Code":200,"API":"/quotes"},"timestamp":"2026-10-06 00:56:38,432+0530","service":"FyersAPIRequest"}
{"level":"DEBUG","location":"[get_call:168] fyersModel","message":{"Status Code":200,"API":"/options-chain-v3"},"timestamp":"2026-10-06 00:56:38,462+0530","service":"FyersAPIRequest"}
{"level":"DEBUG","location":"[get_call:168] fyersModel","message":{"Status Code":200,"API":"/quotes"},"timestamp":"2026-10-06 00:56:40,092+0530","service":"FyersAPIRequest","taskName":"Task-39"}
{"level":"DEBUG","location":"[get_call:168] fyersModel","message":{"Status Code":200,"API":"/options-chain-v3"},"timestamp":"2026-10-06 00:56:40,121+0530","service":"FyersAPIRequest","taskName":"Task-39"}
{"level":"DEBUG","location":"[get_call:168] fyersModel","message":{"Status Code":200,"API":"/quotes"},"timestamp":"2026-10-06 00:56:42,185+0530","service":"FyersAPIRequest","taskName":"Task-39"}
{"level":"DEBUG","location":"[get_call:168] fyersModel","message":{"Status Code":200,"API":"/options-chain-v3"},"timestamp":"2026-10-06 00:56:42,220+0530","service":"FyersAPIRequest","taskName":"Task-39"}
{"level":"DEBUG","location":"[get_call:168] fyersModel","message":{"Status Code":200,"API":"/quotes"},"timestamp":"2026-10-06 00:56:42,505+0530","service":"FyersAPIRequest"}
{"level":"DEBUG","location":"[get_call:168] fyersModel","message":{"Status Code":200,"API":"/options-chain-v3"},"timestamp":"2026-10-06 00:56:42,535+0530","service":"FyersAPIRequest"}
{"level":"DEBUG","location":"[get_call:168] fyersModel","message":{"Status Code":200,"API":"/quotes"},"timestamp":"2026-10-06 00:56:44,296+0530","service":"FyersAPIRequest","taskName":"Task-39"}
{"level":"DEBUG","location":"[get_call:168] fyersModel","message":{"Status Code":200,"API":"/options-chain-v3"},"timestamp":"2026-10-06 00:56:44,344+0530","service":"FyersAPIRequest","taskName":"Task-39"}
{"level":"DEBUG","location":"[get_call:168] fyersModel","message":{"Status Code":200,"API":"/quotes"},"timestamp":"2026-10-06 00:56:46,411+0530","service":"FyersAPIRequest","taskName":"Task-39"}
{"level":"DEBUG","location":"[get_call:168] fyersModel","message":{"Status Code":200,"API":"/options-chain-v3"},"timestamp":"2026-10-06 00:56:46,450+0530","service":"FyersAPIRequest","taskName":"Task-39"}
{"level":"DEBUG","location":"[get_call:168] fyersModel","message":{"Status Code":200,"API":"/quotes"},"timestamp":"2026-10-06 00:56:46,576+0530","service":"FyersAPIRequest"}
{"level":"DEBUG","location":"[get_call:168] fyersModel","message":{"Status Code":200,"API":"/options-chain-v3"},"timestamp":"2026-10-06 00:56:46,618+0530","service":"FyersAPIRequest"}
{"level":"DEBUG","location":"[get_call:168] fyersModel","message":{"Status Code":200,"API":"/quotes"},"timestamp":"2026-10-06 00:56:48,508+0530","service":"FyersAPIRequest","taskName":"Task-39"}
{"level":"DEBUG","location":"[get_call:168] fyersModel","message":{"Status Code":200,"API":"/options-chain-v3"},"timestamp":"2026-10-06 00:56:48,541+0530","service":"FyersAPIRequest","taskName":"Task-39"}
{"level":"DEBUG","location":"[get_call:168] fyersModel","message":{"Status Code":200,"API":"/quotes"},"timestamp":"2026-10-06 00:56:50,591+0530","service":"FyersAPIRequest","taskName":"Task-39"}
{"level":"DEBUG","location":"[get_call:168] fyersModel","message":{"Status Code":200,"API":"/options-chain-v3"},"timestamp":"2026-10-06 00:56:50,623+0530","service":"FyersAPIRequest","taskName":"Task-39"}
{"level":"DEBUG","location":"[get_call:168] fyersModel","message":{"Status Code":200,"API":"/quotes"},"timestamp":"2026-10-06 00:56:50,658+0530","service":"FyersAPIRequest"}
{"level":"DEBUG","location":"[get_call:168] fyersModel","message":{"Status Code":200,"API":"/options-chain-v3"},"timestamp":"2026-10-06 00:56:50,692+0530","service":"FyersAPIRequest"}
{"level":"DEBUG","location":"[get_call:168] fyersModel","message":{"Status Code":200,"API":"/quotes"},"timestamp":"2026-10-06 00:56:52,650+0530","service":"FyersAPIRequest","taskName":"Task-39"}
{"level":"DEBUG","location":"[get_call:168] fyersModel","message":{"Status Code":200,"API":"/options-chain-v3"},"timestamp":"2026-10-06 00:56:52,681+0530","service":"FyersAPIRequest","taskName":"Task-39"}
{"level":"DEBUG","location":"[get_call:168] fyersModel","message":{"Status Code":200,"API":"/quotes"},"timestamp":"2026-10-06 00:56:54,732+0530","service":"FyersAPIRequest"}
{"level":"DEBUG","location":"[get_call:168] fyersModel","message":{"Status Code":200,"API":"/options-chain-v3"},"timestamp":"2026-10-06 00:56:54,768+0530","service":"FyersAPIRequest"}
{"level":"DEBUG","location":"[get_call:168] fyersModel","message":{"Status Code":200,"API":"/quotes"},"timestamp":"2026-10-06 00:56:55,375+0530","service":"FyersAPIRequest","taskName":"Task-39"}
{"level":"DEBUG","location":"[get_call:168] fyersModel","message":{"Status Code":200,"API":"/options-chain-v3"},"timestamp":"2026-10-06 00:56:55,405+0530","service":"FyersAPIRequest","taskName":"Task-39"}
{"level":"DEBUG","location":"[get_call:168] fyersModel","message":{"Status Code":200,"API":"/quotes"},"timestamp":"2026-10-06 00:56:57,466+0530","service":"FyersAPIRequest","taskName":"Task-39"}
{"level":"DEBUG","location":"[get_call:168] fyersModel","message":{"Status Code":200,"API":"/options-chain-v3"},"timestamp":"2026-10-06 00:56:57,493+0530","service":"FyersAPIRequest","taskName":"Task-39"}
{"level":"DEBUG","location":"[get_call:168] fyersModel","message":{"Status Code":200,"API":"/quotes"},"timestamp":"2026-10-06 00:56:58,822+0530","service":"FyersAPIRequest"}
{"level":"DEBUG","location":"[get_call:168] fyersModel","message":{"Status Code":200,"API":"/options-chain-v3"},"timestamp":"2026-10-06 00:56:58,853+0530","service":"FyersAPIRequest"}
{"level":"DEBUG","location":"[get_call:168] fyersModel","message":{"Status Code":200,"API":"/quotes"},"timestamp":"2026-10-06 00:56:59,547+0530","service":"FyersAPIRequest","taskName":"Task-39"}
{"level":"DEBUG","location":"[get_call:168] fyersModel","message":{"Status Code":200,"API":"/options-chain-v3"},"timestamp":"2026-10-06 00:56:59,575+0530","service":"FyersAPIRequest","taskName":"Task-39"}
{"level":"DEBUG","location":"[get_call:168] fyersModel","message":{"Status Code":200,"API":"/profile"},"timestamp":"2026-10-06 00:57:02,305+0530","service":"FyersAPIRequest","taskName":"Task-39"}
{"level":"DEBUG","location":"[get_call:168] fyersModel","message":{"Status Code":200,"API":"/quotes"},"timestamp":"2026-10-06 00:57:02,331+0530","service":"FyersAPIRequest","taskName":"Task-39"}
{"level":"DEBUG","location":"[get_call:168] fyersModel","message":{"Status Code":200,"API":"/options-chain-v3"},"timestamp":"2026-10-06 00:57:02,367+0530","service":"FyersAPIRequest","taskName":"Task-39"}
{"level":"DEBUG","location":"[get_call:168] fyersModel","message":{"Status Code":200,"API":"/quotes"},"timestamp":"2026-10-06 00:57:02,903+0530","service":"FyersAPIRequest"}
{"level":"DEBUG","location":"[get_call:168] fyersModel","message":{"Status Code":200,"API":"/options-chain-v3"},"timestamp":"2026-10-06 00:57:02,939+0530","service":"FyersAPIRequest"}
{"level":"DEBUG","location":"[get_call:168] fyersModel","message":{"Status Code":200,"API":"/quotes"},"timestamp":"2026-10-06 00:57:04,430+0530","service":"FyersAPIRequest","taskName":"Task-39"}
{"level":"DEBUG","location":"[get_call:168] fyersModel","message":{"Status Code":200,"API":"/options-chain-v3"},"timestamp":"2026-10-06 00:57:04,463+0530","service":"FyersAPIRequest","taskName":"Task-39"}
{"level":"DEBUG","location":"[get_call:168] fyersModel","message":{"Status Code":200,"API":"/quotes"},"timestamp":"2026-10-06 00:57:06,530+0530","service":"FyersAPIRequest","taskName":"Task-39"}
{"level":"DEBUG","location":"[get_call:168] fyersModel","message":{"Status Code":200,"API":"/options-chain-v3"},"timestamp":"2026-10-06 00:57:06,565+0530","service":"FyersAPIRequest","taskName":"Task-39"}
{"level":"DEBUG","location":"[get_call:168] fyersModel","message":{"Status Code":200,"API":"/quotes"},"timestamp":"2026-10-06 00:57:07,055+0530","service":"FyersAPIRequest"}
{"level":"DEBUG","location":"[get_call:168] fyersModel","message":{"Status Code":200,"API":"/options-chain-v3"},"timestamp":"2026-10-06 00:57:07,089+0530","service":"FyersAPIRequest"}
{"level":"DEBUG","location":"[get_call:168] fyersModel","message":{"Status Code":200,"API":"/quotes"},"timestamp":"2026-10-06 00:57:08,604+0530","service":"FyersAPIRequest","taskName":"Task-39"}
{"level":"DEBUG","location":"[get_call:168] fyersModel","message":{"Status Code":200,"API":"/options-chain-v3"},"timestamp":"2026-10-06 00:57:08,636+0530","service":"FyersAPIRequest","taskName":"Task-39"}
{"level":"DEBUG","location":"[get_call:168] fyersModel","message":{"Status Code":200,"API":"/quotes"},"timestamp":"2026-10-06 00:57:10,722+0530","service":"FyersAPIRequest","taskName":"Task-39"}
{"level":"DEBUG","location":"[get_call:168] fyersModel","message":{"Status Code":200,"API":"/options-chain-v3"},"timestamp":"2026-10-06 00:57:10,779+0530","service":"FyersAPIRequest","taskName":"Task-39"}
{"level":"DEBUG","location":"[get_call:168] fyersModel","message":{"Status Code":200,"API":"/quotes"},"timestamp":"2026-10-06 00:57:11,139+0530","service":"FyersAPIRequest"}
{"level":"DEBUG","location":"[get_call:168] fyersModel","message":{"Status Code":200,"API":"/options-chain-v3"},"timestamp":"2026-10-06 00:57:11,183+0530","service":"FyersAPIRequest"}
{"level":"DEBUG","location":"[get_call:168] fyersModel","message":{"Status Code":200,"API":"/quotes"},"timestamp":"2026-10-06 00:57:12,848+0530","service":"FyersAPIRequest","taskName":"Task-39"}
{"level":"DEBUG","location":"[get_call:168] fyersModel","message":{"Status Code":200,"API":"/options-chain-v3"},"timestamp":"2026-10-06 00:57:12,879+0530","service":"FyersAPIRequest","taskName":"Task-39"}
{"level":"DEBUG","location":"[get_call:168] fyersModel","message":{"Status Code":200,"API":"/quotes"},"timestamp":"2026-10-06 00:57:14,940+0530","service":"FyersAPIRequest","taskName":"Task-39"}
{"level":"DEBUG","location":"[get_call:168] fyersModel","message":{"Status Code":200,"API":"/options-chain-v3"},"timestamp":"2026-10-06 00:57:14,970+0530","service":"FyersAPIRequest","taskName":"Task-39"}
{"level":"DEBUG","location":"[get_call:168] fyersModel","message":{"Status Code":200,"API":"/quotes"},"timestamp":"2026-10-06 00:57:15,224+0530","service":"FyersAPIRequest"}
{"level":"DEBUG","location":"[get_call:168] fyersModel","message":{"Status Code":200,"API":"/options-chain-v3"},"timestamp":"2026-10-06 00:57:15,260+0530","service":"FyersAPIRequest"}
{"level":"DEBUG","location":"[get_call:168] fyersModel","message":{"Status Code":200,"API":"/quotes"},"timestamp":"2026-10-06 00:57:17,009+0530","service":"FyersAPIRequest","taskName":"Task-39"}
{"level":"DEBUG","location":"[get_call:168] fyersModel","message":{"Status Code":200,"API":"/options-chain-v3"},"timestamp":"2026-10-06 00:57:17,046+0530","service":"FyersAPIRequest","taskName":"Task-39"}
{"level":"DEBUG","location":"[get_call:168] fyersModel","message":{"Status Code":200,"API":"/quotes"},"timestamp":"2026-10-06 00:57:19,108+0530","service":"FyersAPIRequest","taskName":"Task-39"}
{"level":"DEBUG","location":"[get_call:168] fyersModel","message":{"Status Code":200,"API":"/options-chain-v3"},"timestamp":"2026-10-06 00:57:19,152+0530","service":"FyersAPIRequest","taskName":"Task-39"}
{"level":"DEBUG","location":"[get_call:168] fyersModel","message":{"Status Code":200,"API":"/quotes"},"timestamp":"2026-10-06 00:57:19,329+0530","service":"FyersAPIRequest"}
{"level":"DEBUG","location":"[get_call:168] fyersModel","message":{"Status Code":200,"API":"/options-chain-v3"},"timestamp":"2026-10-06 00:57:19,366+0530","service":"FyersAPIRequest"}
{"level":"DEBUG","location":"[get_call:168] fyersModel","message":{"Status Code":200,"API":"/quotes"},"timestamp":"2026-10-06 00:57:21,210+0530","service":"FyersAPIRequest","taskName":"Task-39"}
{"level":"DEBUG","location":"[get_call:168] fyersModel","message":{"Status Code":200,"API":"/options-chain-v3"},"timestamp":"2026-10-06 00:57:21,239+0530","service":"FyersAPIRequest","taskName":"Task-39"}
{"level":"DEBUG","location":"[get_call:168] fyersModel","message":{"Status Code":200,"API":"/quotes"},"timestamp":"2026-10-06 00:57:21,427+0530","service":"FyersAPIRequest","taskName":"Task-409"}
{"level":"DEBUG","location":"[get_call:168] fyersModel","message":{"Status Code":200,"API":"/options-chain-v3"},"timestamp":"2026-10-06 00:57:21,468+0530","service":"FyersAPIRequest","taskName":"Task-409"}
{"level":"DEBUG","location":"[get_call:168] fyersModel","message":{"Status Code":200,"API":"/quotes"},"timestamp":"2026-10-06 00:57:23,304+0530","service":"FyersAPIRequest","taskName":"Task-39"}
{"level":"DEBUG","location":"[get_call:168] fyersModel","message":{"Status Code":200,"API":"/options-chain-v3"},"timestamp":"2026-10-06 00:57:23,340+0530","service":"FyersAPIRequest","taskName":"Task-39"}
{"level":"DEBUG","location":"[get_call:168] fyersModel","message":{"Status Code":200,"API":"/quotes"},"timestamp":"2026-10-06 00:57:23,406+0530","service":"FyersAPIRequest"}
{"level":"DEBUG","location":"[get_call:168] fyersModel","message":{"Status Code":200,"API":"/options-chain-v3"},"timestamp":"2026-10-06 00:57:23,443+0530","service":"FyersAPIRequest"}
{"level":"DEBUG","location":"[get_call:168] fyersModel","message":{"Status Code":200,"API":"/quotes"},"timestamp":"2026-10-06 00:57:25,405+0530","service":"FyersAPIRequest","taskName":"Task-39"}
{"level":"DEBUG","location":"[get_call:168] fyersModel","message":{"Status Code":200,"API":"/options-chain-v3"},"timestamp":"2026-10-06 00:57:25,454+0530","service":"FyersAPIRequest","taskName":"Task-39"}
{"level":"DEBUG","location":"[get_call:168] fyersModel","message":{"Status Code":200,"API":"/quotes"},"timestamp":"2026-10-06 00:57:27,554+0530","service":"FyersAPIRequest","taskName":"Task-39"}
{"level":"DEBUG","location":"[get_call:168] fyersModel","message":{"Status Code":200,"API":"/options-chain-v3"},"timestamp":"2026-10-06 00:57:27,587+0530","service":"FyersAPIRequest","taskName":"Task-39"}
{"level":"DEBUG","location":"[get_call:168] fyersModel","message":{"Status Code":200,"API":"/quotes"},"timestamp":"2026-10-06 00:57:27,640+0530","service":"FyersAPIRequest"}
{"level":"DEBUG","location":"[get_call:168] fyersModel","message":{"Status Code":200,"API":"/options-chain-v3"},"timestamp":"2026-10-06 00:57:27,672+0530","service":"FyersAPIRequest"}
{"level":"DEBUG","location":"[get_call:168] fyersModel","message":{"Status Code":200,"API":"/quotes"},"timestamp":"2026-10-06 00:57:29,636+0530","service":"FyersAPIRequest","taskName":"Task-39"}
{"level":"DEBUG","location":"[get_call:168] fyersModel","message":{"Status Code":200,"API":"/options-chain-v3"},"timestamp":"2026-10-06 00:57:29,666+0530","service":"FyersAPIRequest","taskName":"Task-39"}
{"level":"DEBUG","location":"[get_call:168] fyersModel","message":{"Status Code":200,"API":"/profile"},"timestamp":"2026-10-06 00:57:32,576+0530","service":"FyersAPIRequest","taskName":"Task-39"}
{"level":"DEBUG","location":"[get_call:168] fyersModel","message":{"Status Code":200,"API":"/profile"},"timestamp":"2026-10-06 00:57:32,616+0530","service":"FyersAPIRequest"}
{"level":"DEBUG","location":"[get_call:168] fyersModel","message":{"Status Code":200,"API":"/quotes"},"timestamp":"2026-10-06 00:57:32,628+0530","service":"FyersAPIRequest","taskName":"Task-39"}
{"level":"DEBUG","location":"[get_call:168] fyersModel","message":{"Status Code":200,"API":"/quotes"},"timestamp":"2026-10-06 00:57:32,697+0530","service":"FyersAPIRequest"}
{"level":"DEBUG","location":"[get_call:168] fyersModel","message":{"Status Code":200,"API":"/options-chain-v3"},"timestamp":"2026-10-06 00:57:32,699+0530","service":"FyersAPIRequest","taskName":"Task-39"}
{"level":"DEBUG","location":"[get_call:168] fyersModel","message":{"Status Code":200,"API":"/options-chain-v3"},"timestamp":"2026-10-06 00:57:32,743+0530","service":"FyersAPIRequest"}
{"level":"DEBUG","location":"[get_call:168] fyersModel","message":{"Status Code":200,"API":"/quotes"},"timestamp":"2026-10-06 00:57:34,768+0530","service":"FyersAPIRequest","taskName":"Task-39"}
{"level":"DEBUG","location":"[get_call:168] fyersModel","message":{"Status Code":200,"API":"/options-chain-v3"},"timestamp":"2026-10-06 00:57:34,799+0530","service":"FyersAPIRequest","taskName":"Task-39"}
{"level":"DEBUG","location":"[get_call:168] fyersModel","message":{"Status Code":200,"API":"/quotes"},"timestamp":"2026-10-06 00:57:36,781+0530","service":"FyersAPIRequest"}
{"level":"DEBUG","location":"[get_call:168] fyersModel","message":{"Status Code":200,"API":"/options-chain-v3"},"timestamp":"2026-10-06 00:57:36,812+0530","service":"FyersAPIRequest"}
{"level":"DEBUG","location":"[get_call:168] fyersModel","message":{"Status Code":200,"API":"/quotes"},"timestamp":"2026-10-06 00:57:36,861+0530","service":"FyersAPIRequest","taskName":"Task-39"}
{"level":"DEBUG","location":"[get_call:168] fyersModel","message":{"Status Code":200,"API":"/options-chain-v3"},"timestamp":"2026-10-06 00:57:36,894+0530","service":"FyersAPIRequest","taskName":"Task-39"}
{"level":"DEBUG","location":"[get_call:168] fyersModel","message":{"Status Code":200,"API":"/quotes"},"timestamp":"2026-10-06 00:57:38,942+0530","service":"FyersAPIRequest","taskName":"Task-39"}
{"level":"DEBUG","location":"[get_call:168] fyersModel","message":{"Status Code":200,"API":"/options-chain-v3"},"timestamp":"2026-10-06 00:57:38,986+0530","service":"FyersAPIRequest","taskName":"Task-39"}
{"level":"DEBUG","location":"[get_call:168] fyersModel","message":{"Status Code":200,"API":"/quotes"},"timestamp":"2026-10-06 00:57:40,865+0530","service":"FyersAPIRequest"}
{"level":"DEBUG","location":"[get_call:168] fyersModel","message":{"Status Code":200,"API":"/options-chain-v3"},"timestamp":"2026-10-06 00:57:40,902+0530","service":"FyersAPIRequest"}
{"level":"DEBUG","location":"[get_call:168] fyersModel","message":{"Status Code":200,"API":"/quotes"},"timestamp":"2026-10-06 00:57:41,053+0530","service":"FyersAPIRequest","taskName":"Task-39"}
{"level":"DEBUG","location":"[get_call:168] fyersModel","message":{"Status Code":200,"API":"/options-chain-v3"},"timestamp":"2026-10-06 00:57:41,085+0530","service":"FyersAPIRequest","taskName":"Task-39"}
{"level":"DEBUG","location":"[get_call:168] fyersModel","message":{"Status Code":200,"API":"/quotes"},"timestamp":"2026-10-06 00:57:43,139+0530","service":"FyersAPIRequest","taskName":"Task-39"}
{"level":"DEBUG","location":"[get_call:168] fyersModel","message":{"Status Code":200,"API":"/options-chain-v3"},"timestamp":"2026-10-06 00:57:43,182+0530","service":"FyersAPIRequest","taskName":"Task-39"}
{"level":"DEBUG","location":"[get_call:168] fyersModel","message":{"Status Code":200,"API":"/quotes"},"timestamp":"2026-10-06 00:57:44,948+0530","service":"FyersAPIRequest"}
{"level":"DEBUG","location":"[get_call:168] fyersModel","message":{"Status Code":200,"API":"/options-chain-v3"},"timestamp":"2026-10-06 00:57:44,979+0530","service":"FyersAPIRequest"}
{"level":"DEBUG","location":"[get_call:168] fyersModel","message":{"Status Code":200,"API":"/quotes"},"timestamp":"2026-10-06 00:57:45,244+0530","service":"FyersAPIRequest","taskName":"Task-39"}
{"level":"DEBUG","location":"[get_call:168] fyersModel","message":{"Status Code":200,"API":"/options-chain-v3"},"timestamp":"2026-10-06 00:57:45,278+0530","service":"FyersAPIRequest","taskName":"Task-39"}
{"level":"DEBUG","location":"[get_call:168] fyersModel","message":{"Status Code":200,"API":"/quotes"},"timestamp":"2026-10-06 00:57:47,331+0530","service":"FyersAPIRequest","taskName":"Task-39"}
{"level":"DEBUG","location":"[get_call:168] fyersModel","message":{"Status Code":200,"API":"/options-chain-v3"},"timestamp":"2026-10-06 00:57:47,362+0530","service":"FyersAPIRequest","taskName":"Task-39"}
{"level":"DEBUG","location":"[get_call:168] fyersModel","message":{"Status Code":200,"API":"/quotes"},"timestamp":"2026-10-06 00:57:49,012+0530","service":"FyersAPIRequest"}
{"level":"DEBUG","location":"[get_call:168] fyersModel","message":{"Status Code":200,"API":"/options-chain-v3"},"timestamp":"2026-10-06 00:57:49,049+0530","service":"FyersAPIRequest"}
{"level":"DEBUG","location":"[get_call:168] fyersModel","message":{"Status Code":200,"API":"/quotes"},"timestamp":"2026-10-06 00:57:49,415+0530","service":"FyersAPIRequest","taskName":"Task-39"}
{"level":"DEBUG","location":"[get_call:168] fyersModel","message":{"Status Code":200,"API":"/options-chain-v3"},"timestamp":"2026-10-06 00:57:49,452+0530","service":"FyersAPIRequest","taskName":"Task-39"}
{"level":"DEBUG","location":"[get_call:168] fyersModel","message":{"Status Code":200,"API":"/quotes"},"timestamp":"2026-10-06 00:57:51,540+0530","service":"FyersAPIRequest","taskName":"Task-39"}
{"level":"DEBUG","location":"[get_call:168] fyersModel","message":{"Status Code":200,"API":"/options-chain-v3"},"timestamp":"2026-10-06 00:57:51,580+0530","service":"FyersAPIRequest","taskName":"Task-39"}
{"level":"DEBUG","location":"[get_call:168] fyersModel","message":{"Status Code":200,"API":"/quotes"},"timestamp":"2026-10-06 00:57:53,090+0530","service":"FyersAPIRequest"}
{"level":"DEBUG","location":"[get_call:168] fyersModel","message":{"Status Code":200,"API":"/options-chain-v3"},"timestamp":"2026-10-06 00:57:53,136+0530","service":"FyersAPIRequest"}
{"level":"DEBUG","location":"[get_call:168] fyersModel","message":{"Status Code":200,"API":"/quotes"},"timestamp":"2026-10-06 00:57:53,644+0530","service":"FyersAPIRequest","taskName":"Task-39"}
{"level":"DEBUG","location":"[get_call:168] fyersModel","message":{"Status Code":200,"API":"/options-chain-v3"},"timestamp":"2026-10-06 00:57:53,676+0530","service":"FyersAPIRequest","taskName":"Task-39"}
{"level":"DEBUG","location":"[get_call:168] fyersModel","message":{"Status Code":200,"API":"/quotes"},"timestamp":"2026-10-06 00:57:55,726+0530","service":"FyersAPIRequest","taskName":"Task-39"}
{"level":"DEBUG","location":"[get_call:168] fyersModel","message":{"Status Code":200,"API":"/options-chain-v3"},"timestamp":"2026-10-06 00:57:55,760+0530","service":"FyersAPIRequest","taskName":"Task-39"}
{"level":"DEBUG","location":"[get_call:168] fyersModel","message":{"Status Code":200,"API":"/quotes"},"timestamp":"2026-10-06 00:57:57,181+0530","service":"FyersAPIRequest"}
{"level":"DEBUG","location":"[get_call:168] fyersModel","message":{"Status Code":200,"API":"/options-chain-v3"},"timestamp":"2026-10-06 00:57:57,214+0530","service":"FyersAPIRequest"}
{"level":"DEBUG","location":"[get_call:168] fyersModel","message":{"Status Code":200,"API":"/quotes"},"timestamp":"2026-10-06 00:57:57,846+0530","service":"FyersAPIRequest","taskName":"Task-39"}
{"level":"DEBUG","location":"[get_call:168] fyersModel","message":{"Status Code":200,"API":"/options-chain-v3"},"timestamp":"2026-10-06 00:57:57,876+0530","service":"FyersAPIRequest","taskName":"Task-39"}
{"level":"DEBUG","location":"[get_call:168] fyersModel","message":{"Status Code":200,"API":"/quotes"},"timestamp":"2026-10-06 00:57:59,934+0530","service":"FyersAPIRequest","taskName":"Task-39"}
{"level":"DEBUG","location":"[get_call:168] fyersModel","message":{"Status Code":200,"API":"/options-chain-v3"},"timestamp":"2026-10-06 00:57:59,986+0530","service":"FyersAPIRequest","taskName":"Task-39"}
{"level":"DEBUG","location":"[get_call:168] fyersModel","message":{"Status Code":200,"API":"/quotes"},"timestamp":"2026-10-06 00:58:01,263+0530","service":"FyersAPIRequest"}
{"level":"DEBUG","location":"[get_call:168] fyersModel","message":{"Status Code":200,"API":"/options-chain-v3"},"timestamp":"2026-10-06 00:58:01,297+0530","service":"FyersAPIRequest"}
{"level":"DEBUG","location":"[get_call:168] fyersModel","message":{"Status Code":200,"API":"/profile"},"timestamp":"2026-10-06 00:58:03,355+0530","service":"FyersAPIRequest","taskName":"Task-39"}
{"level":"DEBUG","location":"[get_call:168] fyersModel","message":{"Status Code":200,"API":"/quotes"},"timestamp":"2026-10-06 00:58:03,377+0530","service":"FyersAPIRequest","taskName":"Task-39"}
{"level":"DEBUG","location":"[get_call:168] fyersModel","message":{"Status Code":200,"API":"/options-chain-v3"},"timestamp":"2026-10-06 00:58:03,404+0530","service":"FyersAPIRequest","taskName":"Task-39"}
{"level":"DEBUG","location":"[get_call:168] fyersModel","message":{"Status Code":200,"API":"/quotes"},"timestamp":"2026-10-06 00:58:05,401+0530","service":"FyersAPIRequest"}
{"level":"DEBUG","location":"[get_call:168] fyersModel","message":{"Status Code":200,"API":"/options-chain-v3"},"timestamp":"2026-10-06 00:58:05,429+0530","service":"FyersAPIRequest"}
{"level":"DEBUG","location":"[get_call:168] fyersModel","message":{"Status Code":200,"API":"/quotes"},"timestamp":"2026-10-06 00:58:05,459+0530","service":"FyersAPIRequest","taskName":"Task-39"}
{"level":"DEBUG","location":"[get_call:168] fyersModel","message":{"Status Code":200,"API":"/options-chain-v3"},"timestamp":"2026-10-06 00:58:05,488+0530","service":"FyersAPIRequest","taskName":"Task-39"}
{"level":"DEBUG","location":"[get_call:168] fyersModel","message":{"Status Code":200,"API":"/quotes"},"timestamp":"2026-10-06 00:58:07,598+0530","service":"FyersAPIRequest","taskName":"Task-39"}
{"level":"DEBUG","location":"[get_call:168] fyersModel","message":{"Status Code":200,"API":"/options-chain-v3"},"timestamp":"2026-10-06 00:58:07,660+0530","service":"FyersAPIRequest","taskName":"Task-39"}
{"level":"DEBUG","location":"[get_call:168] fyersModel","message":{"Status Code":200,"API":"/quotes"},"timestamp":"2026-10-06 00:58:09,461+0530","service":"FyersAPIRequest"}
{"level":"DEBUG","location":"[get_call:168] fyersModel","message":{"Status Code":200,"API":"/options-chain-v3"},"timestamp":"2026-10-06 00:58:09,490+0530","service":"FyersAPIRequest"}
{"level":"DEBUG","location":"[get_call:168] fyersModel","message":{"Status Code":200,"API":"/quotes"},"timestamp":"2026-10-06 00:58:09,713+0530","service":"FyersAPIRequest","taskName":"Task-39"}
{"level":"DEBUG","location":"[get_call:168] fyersModel","message":{"Status Code":200,"API":"/options-chain-v3"},"timestamp":"2026-10-06 00:58:09,744+0530","service":"FyersAPIRequest","taskName":"Task-39"}
{"level":"DEBUG","location":"[get_call:168] fyersModel","message":{"Status Code":200,"API":"/quotes"},"timestamp":"2026-10-06 00:58:11,808+0530","service":"FyersAPIRequest","taskName":"Task-39"}
{"level":"DEBUG","location":"[get_call:168] fyersModel","message":{"Status Code":200,"API":"/options-chain-v3"},"timestamp":"2026-10-06 00:58:11,837+0530","service":"FyersAPIRequest","taskName":"Task-39"}
{"level":"DEBUG","location":"[get_call:168] fyersModel","message":{"Status Code":200,"API":"/quotes"},"timestamp":"2026-10-06 00:58:13,537+0530","service":"FyersAPIRequest"}
{"level":"DEBUG","location":"[get_call:168] fyersModel","message":{"Status Code":200,"API":"/options-chain-v3"},"timestamp":"2026-10-06 00:58:13,566+0530","service":"FyersAPIRequest"}
{"level":"DEBUG","location":"[get_call:168] fyersModel","message":{"Status Code":200,"API":"/quotes"},"timestamp":"2026-10-06 00:58:13,887+0530","service":"FyersAPIRequest","taskName":"Task-39"}
{"level":"DEBUG","location":"[get_call:168] fyersModel","message":{"Status Code":200,"API":"/options-chain-v3"},"timestamp":"2026-10-06 00:58:13,917+0530","service":"FyersAPIRequest","taskName":"Task-39"}
{"level":"DEBUG","location":"[get_call:168] fyersModel","message":{"Status Code":200,"API":"/quotes"},"timestamp":"2026-10-06 00:58:15,960+0530","service":"FyersAPIRequest","taskName":"Task-39"}
{"level":"DEBUG","location":"[get_call:168] fyersModel","message":{"Status Code":200,"API":"/options-chain-v3"},"timestamp":"2026-10-06 00:58:15,991+0530","service":"FyersAPIRequest","taskName":"Task-39"}
{"level":"DEBUG","location":"[get_call:168] fyersModel","message":{"Status Code":200,"API":"/quotes"},"timestamp":"2026-10-06 00:58:17,604+0530","service":"FyersAPIRequest"}
{"level":"DEBUG","location":"[get_call:168] fyersModel","message":{"Status Code":200,"API":"/options-chain-v3"},"timestamp":"2026-10-06 00:58:17,634+0530","service":"FyersAPIRequest"}
{"level":"DEBUG","location":"[get_call:168] fyersModel","message":{"Status Code":200,"API":"/quotes"},"timestamp":"2026-10-06 00:58:18,026+0530","service":"FyersAPIRequest","taskName":"Task-39"}
{"level":"DEBUG","location":"[get_call:168] fyersModel","message":{"Status Code":200,"API":"/options-chain-v3"},"timestamp":"2026-10-06 00:58:18,053+0530","service":"FyersAPIRequest","taskName":"Task-39"}
{"level":"DEBUG","location":"[get_call:168] fyersModel","message":{"Status Code":200,"API":"/quotes"},"timestamp":"2026-10-06 00:58:20,097+0530","service":"FyersAPIRequest","taskName":"Task-39"}
{"level":"DEBUG","location":"[get_call:168] fyersModel","message":{"Status Code":200,"API":"/options-chain-v3"},"timestamp":"2026-10-06 00:58:20,122+0530","service":"FyersAPIRequest","taskName":"Task-39"}
{"level":"DEBUG","location":"[get_call:168] fyersModel","message":{"Status Code":200,"API":"/quotes"},"timestamp":"2026-10-06 00:58:21,422+0530","service":"FyersAPIRequest","taskName":"Task-413"}
{"level":"DEBUG","location":"[get_call:168] fyersModel","message":{"Status Code":200,"API":"/options-chain-v3"},"timestamp":"2026-10-06 00:58:21,448+0530","service":"FyersAPIRequest","taskName":"Task-413"}
{"level":"DEBUG","location":"[get_call:168] fyersModel","message":{"Status Code":200,"API":"/quotes"},"timestamp":"2026-10-06 00:58:21,680+0530","service":"FyersAPIRequest"}
{"level":"DEBUG","location":"[get_call:168] fyersModel","message":{"Status Code":200,"API":"/options-chain-v3"},"timestamp":"2026-10-06 00:58:21,711+0530","service":"FyersAPIRequest"}
{"level":"DEBUG","location":"[get_call:168] fyersModel","message":{"Status Code":200,"API":"/quotes"},"timestamp":"2026-10-06 00:58:22,181+0530","service":"FyersAPIRequest","taskName":"Task-39"}
{"level":"DEBUG","location":"[get_call:168] fyersModel","message":{"Status Code":200,"API":"/options-chain-v3"},"timestamp":"2026-10-06 00:58:22,215+0530","service":"FyersAPIRequest","taskName":"Task-39"}
{"level":"DEBUG","location":"[get_call:168] fyersModel","message":{"Status Code":200,"API":"/quotes"},"timestamp":"2026-10-06 00:58:24,294+0530","service":"FyersAPIRequest","taskName":"Task-39"}
{"level":"DEBUG","location":"[get_call:168] fyersModel","message":{"Status Code":200,"API":"/options-chain-v3"},"timestamp":"2026-10-06 00:58:24,321+0530","service":"FyersAPIRequest","taskName":"Task-39"}
{"level":"DEBUG","location":"[get_call:168] fyersModel","message":{"Status Code":200,"API":"/quotes"},"timestamp":"2026-10-06 00:58:25,760+0530","service":"FyersAPIRequest"}
{"level":"DEBUG","location":"[get_call:168] fyersModel","message":{"Status Code":200,"API":"/options-chain-v3"},"timestamp":"2026-10-06 00:58:25,785+0530","service":"FyersAPIRequest"}
{"level":"DEBUG","location":"[get_call:168] fyersModel","message":{"Status Code":200,"API":"/quotes"},"timestamp":"2026-10-06 00:58:26,346+0530","service":"FyersAPIRequest","taskName":"Task-39"}
{"level":"DEBUG","location":"[get_call:168] fyersModel","message":{"Status Code":200,"API":"/options-chain-v3"},"timestamp":"2026-10-06 00:58:26,372+0530","service":"FyersAPIRequest","taskName":"Task-39"}
{"level":"DEBUG","location":"[get_call:168] fyersModel","message":{"Status Code":200,"API":"/quotes"},"timestamp":"2026-10-06 00:58:28,395+0530","service":"FyersAPIRequest","taskName":"Task-39"}
{"level":"DEBUG","location":"[get_call:168] fyersModel","message":{"Status Code":200,"API":"/options-chain-v3"},"timestamp":"2026-10-06 00:58:28,423+0530","service":"FyersAPIRequest","taskName":"Task-39"}
{"level":"DEBUG","location":"[get_call:168] fyersModel","message":{"Status Code":200,"API":"/quotes"},"timestamp":"2026-10-06 00:58:29,890+0530","service":"FyersAPIRequest"}
{"level":"DEBUG","location":"[get_call:168] fyersModel","message":{"Status Code":200,"API":"/options-chain-v3"},"timestamp":"2026-10-06 00:58:29,921+0530","service":"FyersAPIRequest"}
{"level":"DEBUG","location":"[get_call:168] fyersModel","message":{"Status Code":200,"API":"/quotes"},"timestamp":"2026-10-06 00:58:30,470+0530","service":"FyersAPIRequest","taskName":"Task-39"}
{"level":"DEBUG","location":"[get_call:168] fyersModel","message":{"Status Code":200,"API":"/options-chain-v3"},"timestamp":"2026-10-06 00:58:30,499+0530","service":"FyersAPIRequest","taskName":"Task-39"}
{"level":"DEBUG","location":"[get_call:168] fyersModel","message":{"Status Code":200,"API":"/profile"},"timestamp":"2026-10-06 00:58:33,219+0530","service":"FyersAPIRequest","taskName":"Task-39"}
{"level":"DEBUG","location":"[get_call:168] fyersModel","message":{"Status Code":200,"API":"/quotes"},"timestamp":"2026-10-06 00:58:33,238+0530","service":"FyersAPIRequest","taskName":"Task-39"}
{"level":"DEBUG","location":"[get_call:168] fyersModel","message":{"Status Code":200,"API":"/options-chain-v3"},"timestamp":"2026-10-06 00:58:33,265+0530","service":"FyersAPIRequest","taskName":"Task-39"}
{"level":"DEBUG","location":"[get_call:168] fyersModel","message":{"Status Code":200,"API":"/quotes"},"timestamp":"2026-10-06 00:58:33,970+0530","service":"FyersAPIRequest"}
{"level":"DEBUG","location":"[get_call:168] fyersModel","message":{"Status Code":200,"API":"/options-chain-v3"},"timestamp":"2026-10-06 00:58:33,998+0530","service":"FyersAPIRequest"}
{"level":"DEBUG","location":"[get_call:168] fyersModel","message":{"Status Code":200,"API":"/quotes"},"timestamp":"2026-10-06 00:58:35,324+0530","service":"FyersAPIRequest","taskName":"Task-39"}
{"level":"DEBUG","location":"[get_call:168] fyersModel","message":{"Status Code":200,"API":"/options-chain-v3"},"timestamp":"2026-10-06 00:58:35,356+0530","service":"FyersAPIRequest","taskName":"Task-39"}
{"level":"DEBUG","location":"[get_call:168] fyersModel","message":{"Status Code":200,"API":"/quotes"},"timestamp":"2026-10-06 00:58:37,408+0530","service":"FyersAPIRequest","taskName":"Task-39"}
{"level":"DEBUG","location":"[get_call:168] fyersModel","message":{"Status Code":200,"API":"/options-chain-v3"},"timestamp":"2026-10-06 00:58:37,435+0530","service":"FyersAPIRequest","taskName":"Task-39"}
{"level":"DEBUG","location":"[get_call:168] fyersModel","message":{"Status Code":200,"API":"/quotes"},"timestamp":"2026-10-06 00:58:38,054+0530","service":"FyersAPIRequest"}
{"level":"DEBUG","location":"[get_call:168] fyersModel","message":{"Status Code":200,"API":"/options-chain-v3"},"timestamp":"2026-10-06 00:58:38,085+0530","service":"FyersAPIRequest"}
{"level":"DEBUG","location":"[get_call:168] fyersModel","message":{"Status Code":200,"API":"/quotes"},"timestamp":"2026-10-06 00:58:39,678+0530","service":"FyersAPIRequest","taskName":"Task-39"}
{"level":"DEBUG","location":"[get_call:168] fyersModel","message":{"Status Code":200,"API":"/options-chain-v3"},"timestamp":"2026-10-06 00:58:39,714+0530","service":"FyersAPIRequest","taskName":"Task-39"}
{"level":"DEBUG","location":"[get_call:168] fyersModel","message":{"Status Code":200,"API":"/quotes"},"timestamp":"2026-10-06 00:58:41,802+0530","service":"FyersAPIRequest","taskName":"Task-39"}
{"level":"DEBUG","location":"[get_call:168] fyersModel","message":{"Status Code":200,"API":"/options-chain-v3"},"timestamp":"2026-10-06 00:58:41,829+0530","service":"FyersAPIRequest","taskName":"Task-39"}
{"level":"DEBUG","location":"[get_call:168] fyersModel","message":{"Status Code":200,"API":"/quotes"},"timestamp":"2026-10-06 00:58:42,126+0530","service":"FyersAPIRequest"}
{"level":"DEBUG","location":"[get_call:168] fyersModel","message":{"Status Code":200,"API":"/options-chain-v3"},"timestamp":"2026-10-06 00:58:42,160+0530","service":"FyersAPIRequest"}
{"level":"DEBUG","location":"[get_call:168] fyersModel","message":{"Status Code":200,"API":"/quotes"},"timestamp":"2026-10-06 00:58:43,895+0530","service":"FyersAPIRequest","taskName":"Task-39"}
{"level":"DEBUG","location":"[get_call:168] fyersModel","message":{"Status Code":200,"API":"/options-chain-v3"},"timestamp":"2026-10-06 00:58:43,925+0530","service":"FyersAPIRequest","taskName":"Task-39"}
{"level":"DEBUG","location":"[get_call:168] fyersModel","message":{"Status Code":200,"API":"/quotes"},"timestamp":"2026-10-06 00:58:45,973+0530","service":"FyersAPIRequest","taskName":"Task-39"}
{"level":"DEBUG","location":"[get_call:168] fyersModel","message":{"Status Code":200,"API":"/options-chain-v3"},"timestamp":"2026-10-06 00:58:46,002+0530","service":"FyersAPIRequest","taskName":"Task-39"}
{"level":"DEBUG","location":"[get_call:168] fyersModel","message":{"Status Code":200,"API":"/quotes"},"timestamp":"2026-10-06 00:58:46,217+0530","service":"FyersAPIRequest"}
{"level":"DEBUG","location":"[get_call:168] fyersModel","message":{"Status Code":200,"API":"/options-chain-v3"},"timestamp":"2026-10-06 00:58:46,250+0530","service":"FyersAPIRequest"}
{"level":"DEBUG","location":"[get_call:168] fyersModel","message":{"Status Code":200,"API":"/quotes"},"timestamp":"2026-10-06 00:58:48,057+0530","service":"FyersAPIRequest","taskName":"Task-39"}
{"level":"DEBUG","location":"[get_call:168] fyersModel","message":{"Status Code":200,"API":"/options-chain-v3"},"timestamp":"2026-10-06 00:58:48,084+0530","service":"FyersAPIRequest","taskName":"Task-39"}
{"level":"DEBUG","location":"[get_call:168] fyersModel","message":{"Status Code":200,"API":"/quotes"},"timestamp":"2026-10-06 00:58:50,152+0530","service":"FyersAPIRequest","taskName":"Task-39"}
{"level":"DEBUG","location":"[get_call:168] fyersModel","message":{"Status Code":200,"API":"/options-chain-v3"},"timestamp":"2026-10-06 00:58:50,183+0530","service":"FyersAPIRequest","taskName":"Task-39"}
{"level":"DEBUG","location":"[get_call:168] fyersModel","message":{"Status Code":200,"API":"/quotes"},"timestamp":"2026-10-06 00:58:50,292+0530","service":"FyersAPIRequest"}
{"level":"DEBUG","location":"[get_call:168] fyersModel","message":{"Status Code":200,"API":"/options-chain-v3"},"timestamp":"2026-10-06 00:58:50,335+0530","service":"FyersAPIRequest"}
{"level":"DEBUG","location":"[get_call:168] fyersModel","message":{"Status Code":200,"API":"/quotes"},"timestamp":"2026-10-06 00:58:52,236+0530","service":"FyersAPIRequest","taskName":"Task-39"}
{"level":"DEBUG","location":"[get_call:168] fyersModel","message":{"Status Code":200,"API":"/options-chain-v3"},"timestamp":"2026-10-06 00:58:52,265+0530","service":"FyersAPIRequest","taskName":"Task-39"}
{"level":"DEBUG","location":"[get_call:168] fyersModel","message":{"Status Code":200,"API":"/quotes"},"timestamp":"2026-10-06 00:58:54,320+0530","service":"FyersAPIRequest","taskName":"Task-39"}
{"level":"DEBUG","location":"[get_call:168] fyersModel","message":{"Status Code":200,"API":"/options-chain-v3"},"timestamp":"2026-10-06 00:58:54,349+0530","service":"FyersAPIRequest","taskName":"Task-39"}
{"level":"DEBUG","location":"[get_call:168] fyersModel","message":{"Status Code":200,"API":"/quotes"},"timestamp":"2026-10-06 00:58:54,398+0530","service":"FyersAPIRequest"}
{"level":"DEBUG","location":"[get_call:168] fyersModel","message":{"Status Code":200,"API":"/options-chain-v3"},"timestamp":"2026-10-06 00:58:54,425+0530","service":"FyersAPIRequest"}
{"level":"DEBUG","location":"[get_call:168] fyersModel","message":{"Status Code":200,"API":"/quotes"},"timestamp":"2026-10-06 00:58:56,415+0530","service":"FyersAPIRequest","taskName":"Task-39"}
{"level":"DEBUG","location":"[get_call:168] fyersModel","message":{"Status Code":200,"API":"/options-chain-v3"},"timestamp":"2026-10-06 00:58:56,441+0530","service":"FyersAPIRequest","taskName":"Task-39"}
{"level":"DEBUG","location":"[get_call:168] fyersModel","message":{"Status Code":200,"API":"/quotes"},"timestamp":"2026-10-06 00:58:58,455+0530","service":"FyersAPIRequest"}
{"level":"DEBUG","location":"[get_call:168] fyersModel","message":{"Status Code":200,"API":"/options-chain-v3"},"timestamp":"2026-10-06 00:58:58,484+0530","service":"FyersAPIRequest"}
{"level":"DEBUG","location":"[get_call:168] fyersModel","message":{"Status Code":200,"API":"/quotes"},"timestamp":"2026-10-06 00:58:59,172+0530","service":"FyersAPIRequest","taskName":"Task-39"}
{"level":"DEBUG","location":"[get_call:168] fyersModel","message":{"Status Code":200,"API":"/options-chain-v3"},"timestamp":"2026-10-06 00:58:59,211+0530","service":"FyersAPIRequest","taskName":"Task-39"}
{"level":"DEBUG","location":"[get_call:168] fyersModel","message":{"Status Code":200,"API":"/quotes"},"timestamp":"2026-10-06 00:59:01,273+0530","service":"FyersAPIRequest","taskName":"Task-39"}
{"level":"DEBUG","location":"[get_call:168] fyersModel","message":{"Status Code":200,"API":"/options-chain-v3"},"timestamp":"2026-10-06 00:59:01,306+0530","service":"FyersAPIRequest","taskName":"Task-39"}
{"level":"DEBUG","location":"[get_call:168] fyersModel","message":{"Status Code":200,"API":"/quotes"},"timestamp":"2026-10-06 00:59:02,562+0530","service":"FyersAPIRequest"}
{"level":"DEBUG","location":"[get_call:168] fyersModel","message":{"Status Code":200,"API":"/options-chain-v3"},"timestamp":"2026-10-06 00:59:02,607+0530","service":"FyersAPIRequest"}
{"level":"DEBUG","location":"[get_call:168] fyersModel","message":{"Status Code":200,"API":"/profile"},"timestamp":"2026-10-06 00:59:04,159+0530","service":"FyersAPIRequest","taskName":"Task-39"}
{"level":"DEBUG","location":"[get_call:168] fyersModel","message":{"Status Code":200,"API":"/quotes"},"timestamp":"2026-10-06 00:59:04,181+0530","service":"FyersAPIRequest","taskName":"Task-39"}
{"level":"DEBUG","location":"[get_call:168] fyersModel","message":{"Status Code":200,"API":"/options-chain-v3"},"timestamp":"2026-10-06 00:59:04,209+0530","service":"FyersAPIRequest","taskName":"Task-39"}
{"level":"DEBUG","location":"[get_call:168] fyersModel","message":{"Status Code":200,"API":"/quotes"},"timestamp":"2026-10-06 00:59:06,279+0530","service":"FyersAPIRequest","taskName":"Task-39"}
{"level":"DEBUG","location":"[get_call:168] fyersModel","message":{"Status Code":200,"API":"/options-chain-v3"},"timestamp":"2026-10-06 00:59:06,309+0530","service":"FyersAPIRequest","taskName":"Task-39"}
{"level":"DEBUG","location":"[get_call:168] fyersModel","message":{"Status Code":200,"API":"/quotes"},"timestamp":"2026-10-06 00:59:06,894+0530","service":"FyersAPIRequest"}
{"level":"DEBUG","location":"[get_call:168] fyersModel","message":{"Status Code":200,"API":"/options-chain-v3"},"timestamp":"2026-10-06 00:59:06,928+0530","service":"FyersAPIRequest"}
{"level":"DEBUG","location":"[get_call:168] fyersModel","message":{"Status Code":200,"API":"/quotes"},"timestamp":"2026-10-06 00:59:08,366+0530","service":"FyersAPIRequest","taskName":"Task-39"}
{"level":"DEBUG","location":"[get_call:168] fyersModel","message":{"Status Code":200,"API":"/options-chain-v3"},"timestamp":"2026-10-06 00:59:08,399+0530","service":"FyersAPIRequest","taskName":"Task-39"}
{"level":"DEBUG","location":"[get_call:168] fyersModel","message":{"Status Code":200,"API":"/quotes"},"timestamp":"2026-10-06 00:59:10,459+0530","service":"FyersAPIRequest","taskName":"Task-39"}
{"level":"DEBUG","location":"[get_call:168] fyersModel","message":{"Status Code":200,"API":"/options-chain-v3"},"timestamp":"2026-10-06 00:59:10,488+0530","service":"FyersAPIRequest","taskName":"Task-39"}
{"level":"DEBUG","location":"[get_call:168] fyersModel","message":{"Status Code":200,"API":"/quotes"},"timestamp":"2026-10-06 00:59:10,970+0530","service":"FyersAPIRequest"}
{"level":"DEBUG","location":"[get_call:168] fyersModel","message":{"Status Code":200,"API":"/options-chain-v3"},"timestamp":"2026-10-06 00:59:10,999+0530","service":"FyersAPIRequest"}
{"level":"DEBUG","location":"[get_call:168] fyersModel","message":{"Status Code":200,"API":"/quotes"},"timestamp":"2026-10-06 00:59:12,553+0530","service":"FyersAPIRequest","taskName":"Task-39"}
{"level":"DEBUG","location":"[get_call:168] fyersModel","message":{"Status Code":200,"API":"/options-chain-v3"},"timestamp":"2026-10-06 00:59:12,581+0530","service":"FyersAPIRequest","taskName":"Task-39"}
{"level":"DEBUG","location":"[get_call:168] fyersModel","message":{"Status Code":200,"API":"/quotes"},"timestamp":"2026-10-06 00:59:14,630+0530","service":"FyersAPIRequest","taskName":"Task-39"}
{"level":"DEBUG","location":"[get_call:168] fyersModel","message":{"Status Code":200,"API":"/options-chain-v3"},"timestamp":"2026-10-06 00:59:14,656+0530","service":"FyersAPIRequest","taskName":"Task-39"}
{"level":"DEBUG","location":"[get_call:168] fyersModel","message":{"Status Code":200,"API":"/quotes"},"timestamp":"2026-10-06 00:59:15,043+0530","service":"FyersAPIRequest"}
{"level":"DEBUG","location":"[get_call:168] fyersModel","message":{"Status Code":200,"API":"/options-chain-v3"},"timestamp":"2026-10-06 00:59:15,097+0530","service":"FyersAPIRequest"}
{"level":"DEBUG","location":"[get_call:168] fyersModel","message":{"Status Code":200,"API":"/quotes"},"timestamp":"2026-10-06 00:59:16,713+0530","service":"FyersAPIRequest","taskName":"Task-39"}
{"level":"DEBUG","location":"[get_call:168] fyersModel","message":{"Status Code":200,"API":"/options-chain-v3"},"timestamp":"2026-10-06 00:59:16,740+0530","service":"FyersAPIRequest","taskName":"Task-39"}
{"level":"DEBUG","location":"[get_call:168] fyersModel","message":{"Status Code":200,"API":"/quotes"},"timestamp":"2026-10-06 00:59:18,808+0530","service":"FyersAPIRequest","taskName":"Task-39"}
{"level":"DEBUG","location":"[get_call:168] fyersModel","message":{"Status Code":200,"API":"/options-chain-v3"},"timestamp":"2026-10-06 00:59:18,844+0530","service":"FyersAPIRequest","taskName":"Task-39"}
{"level":"DEBUG","location":"[get_call:168] fyersModel","message":{"Status Code":200,"API":"/quotes"},"timestamp":"2026-10-06 00:59:19,130+0530","service":"FyersAPIRequest"}
{"level":"DEBUG","location":"[get_call:168] fyersModel","message":{"Status Code":200,"API":"/options-chain-v3"},"timestamp":"2026-10-06 00:59:19,164+0530","service":"FyersAPIRequest"}
{"level":"DEBUG","location":"[get_call:168] fyersModel","message":{"Status Code":200,"API":"/quotes"},"timestamp":"2026-10-06 00:59:20,914+0530","service":"FyersAPIRequest","taskName":"Task-39"}
{"level":"DEBUG","location":"[get_call:168] fyersModel","message":{"Status Code":200,"API":"/options-chain-v3"},"timestamp":"2026-10-06 00:59:20,947+0530","service":"FyersAPIRequest","taskName":"Task-39"}
{"level":"DEBUG","location":"[get_call:168] fyersModel","message":{"Status Code":200,"API":"/quotes"},"timestamp":"2026-10-06 00:59:21,419+0530","service":"FyersAPIRequest","taskName":"Task-417"}
{"level":"DEBUG","location":"[get_call:168] fyersModel","message":{"Status Code":200,"API":"/options-chain-v3"},"timestamp":"2026-10-06 00:59:21,457+0530","service":"FyersAPIRequest","taskName":"Task-417"}
{"level":"DEBUG","location":"[get_call:168] fyersModel","message":{"Status Code":200,"API":"/quotes"},"timestamp":"2026-10-06 00:59:23,019+0530","service":"FyersAPIRequest","taskName":"Task-39"}
{"level":"DEBUG","location":"[get_call:168] fyersModel","message":{"Status Code":200,"API":"/options-chain-v3"},"timestamp":"2026-10-06 00:59:23,046+0530","service":"FyersAPIRequest","taskName":"Task-39"}
{"level":"DEBUG","location":"[get_call:168] fyersModel","message":{"Status Code":200,"API":"/quotes"},"timestamp":"2026-10-06 00:59:23,240+0530","service":"FyersAPIRequest"}
{"level":"DEBUG","location":"[get_call:168] fyersModel","message":{"Status Code":200,"API":"/options-chain-v3"},"timestamp":"2026-10-06 00:59:23,272+0530","service":"FyersAPIRequest"}
{"level":"DEBUG","location":"[get_call:168] fyersModel","message":{"Status Code":200,"API":"/quotes"},"timestamp":"2026-10-06 00:59:25,088+0530","service":"FyersAPIRequest","taskName":"Task-39"}
{"level":"DEBUG","location":"[get_call:168] fyersModel","message":{"Status Code":200,"API":"/options-chain-v3"},"timestamp":"2026-10-06 00:59:25,117+0530","service":"FyersAPIRequest","taskName":"Task-39"}
{"level":"DEBUG","location":"[get_call:168] fyersModel","message":{"Status Code":200,"API":"/quotes"},"timestamp":"2026-10-06 00:59:27,187+0530","service":"FyersAPIRequest","taskName":"Task-39"}
{"level":"DEBUG","location":"[get_call:168] fyersModel","message":{"Status Code":200,"API":"/options-chain-v3"},"timestamp":"2026-10-06 00:59:27,213+0530","service":"FyersAPIRequest","taskName":"Task-39"}
{"level":"DEBUG","location":"[get_call:168] fyersModel","message":{"Status Code":200,"API":"/quotes"},"timestamp":"2026-10-06 00:59:27,306+0530","service":"FyersAPIRequest"}
{"level":"DEBUG","location":"[get_call:168] fyersModel","message":{"Status Code":200,"API":"/options-chain-v3"},"timestamp":"2026-10-06 00:59:27,334+0530","service":"FyersAPIRequest"}
{"level":"DEBUG","location":"[get_call:168] fyersModel","message":{"Status Code":200,"API":"/quotes"},"timestamp":"2026-10-06 00:59:29,257+0530","service":"FyersAPIRequest","taskName":"Task-39"}
{"level":"DEBUG","location":"[get_call:168] fyersModel","message":{"Status Code":200,"API":"/options-chain-v3"},"timestamp":"2026-10-06 00:59:29,285+0530","service":"FyersAPIRequest","taskName":"Task-39"}
{"level":"DEBUG","location":"[get_call:168] fyersModel","message":{"Status Code":200,"API":"/quotes"},"timestamp":"2026-10-06 00:59:31,324+0530","service":"FyersAPIRequest","taskName":"Task-39"}
{"level":"DEBUG","location":"[get_call:168] fyersModel","message":{"Status Code":200,"API":"/options-chain-v3"},"timestamp":"2026-10-06 00:59:31,353+0530","service":"FyersAPIRequest","taskName":"Task-39"}
{"level":"DEBUG","location":"[get_call:168] fyersModel","message":{"Status Code":200,"API":"/quotes"},"timestamp":"2026-10-06 00:59:31,454+0530","service":"FyersAPIRequest"}
{"level":"DEBUG","location":"[get_call:168] fyersModel","message":{"Status Code":200,"API":"/options-chain-v3"},"timestamp":"2026-10-06 00:59:31,487+0530","service":"FyersAPIRequest"}
{"level":"DEBUG","location":"[get_call:168] fyersModel","message":{"Status Code":200,"API":"/profile"},"timestamp":"2026-10-06 00:59:33,964+0530","service":"FyersAPIRequest","taskName":"Task-39"}
{"level":"DEBUG","location":"[get_call:168] fyersModel","message":{"Status Code":200,"API":"/quotes"},"timestamp":"2026-10-06 00:59:33,986+0530","service":"FyersAPIRequest","taskName":"Task-39"}
{"level":"DEBUG","location":"[get_call:168] fyersModel","message":{"Status Code":200,"API":"/options-chain-v3"},"timestamp":"2026-10-06 00:59:34,020+0530","service":"FyersAPIRequest","taskName":"Task-39"}
{"level":"DEBUG","location":"[get_call:168] fyersModel","message":{"Status Code":200,"API":"/quotes"},"timestamp":"2026-10-06 00:59:35,539+0530","service":"FyersAPIRequest"}
{"level":"DEBUG","location":"[get_call:168] fyersModel","message":{"Status Code":200,"API":"/options-chain-v3"},"timestamp":"2026-10-06 00:59:35,584+0530","service":"FyersAPIRequest"}
{"level":"DEBUG","location":"[get_call:168] fyersModel","message":{"Status Code":200,"API":"/quotes"},"timestamp":"2026-10-06 00:59:36,070+0530","service":"FyersAPIRequest","taskName":"Task-39"}
{"level":"DEBUG","location":"[get_call:168] fyersModel","message":{"Status Code":200,"API":"/options-chain-v3"},"timestamp":"2026-10-06 00:59:36,105+0530","service":"FyersAPIRequest","taskName":"Task-39"}
{"level":"DEBUG","location":"[get_call:168] fyersModel","message":{"Status Code":200,"API":"/quotes"},"timestamp":"2026-10-06 00:59:38,169+0530","service":"FyersAPIRequest","taskName":"Task-39"}
{"level":"DEBUG","location":"[get_call:168] fyersModel","message":{"Status Code":200,"API":"/options-chain-v3"},"timestamp":"2026-10-06 00:59:38,201+0530","service":"FyersAPIRequest","taskName":"Task-39"}
{"level":"DEBUG","location":"[get_call:168] fyersModel","message":{"Status Code":200,"API":"/quotes"},"timestamp":"2026-10-06 00:59:39,625+0530","service":"FyersAPIRequest"}
{"level":"DEBUG","location":"[get_call:168] fyersModel","message":{"Status Code":200,"API":"/options-chain-v3"},"timestamp":"2026-10-06 00:59:39,659+0530","service":"FyersAPIRequest"}
{"level":"DEBUG","location":"[get_call:168] fyersModel","message":{"Status Code":200,"API":"/quotes"},"timestamp":"2026-10-06 00:59:40,280+0530","service":"FyersAPIRequest","taskName":"Task-39"}
{"level":"DEBUG","location":"[get_call:168] fyersModel","message":{"Status Code":200,"API":"/options-chain-v3"},"timestamp":"2026-10-06 00:59:40,313+0530","service":"FyersAPIRequest","taskName":"Task-39"}
{"level":"DEBUG","location":"[get_call:168] fyersModel","message":{"Status Code":200,"API":"/quotes"},"timestamp":"2026-10-06 00:59:42,367+0530","service":"FyersAPIRequest","taskName":"Task-39"}
{"level":"DEBUG","location":"[get_call:168] fyersModel","message":{"Status Code":200,"API":"/options-chain-v3"},"timestamp":"2026-10-06 00:59:42,405+0530","service":"FyersAPIRequest","taskName":"Task-39"}
{"level":"DEBUG","location":"[get_call:168] fyersModel","message":{"Status Code":200,"API":"/quotes"},"timestamp":"2026-10-06 00:59:43,705+0530","service":"FyersAPIRequest"}
{"level":"DEBUG","location":"[get_call:168] fyersModel","message":{"Status Code":200,"API":"/options-chain-v3"},"timestamp":"2026-10-06 00:59:43,735+0530","service":"FyersAPIRequest"}
{"level":"DEBUG","location":"[get_call:168] fyersModel","message":{"Status Code":200,"API":"/quotes"},"timestamp":"2026-10-06 00:59:44,438+0530","service":"FyersAPIRequest","taskName":"Task-39"}
{"level":"DEBUG","location":"[get_call:168] fyersModel","message":{"Status Code":200,"API":"/options-chain-v3"},"timestamp":"2026-10-06 00:59:44,469+0530","service":"FyersAPIRequest","taskName":"Task-39"}
{"level":"DEBUG","location":"[get_call:168] fyersModel","message":{"Status Code":200,"API":"/quotes"},"timestamp":"2026-10-06 00:59:46,531+0530","service":"FyersAPIRequest","taskName":"Task-39"}
{"level":"DEBUG","location":"[get_call:168] fyersModel","message":{"Status Code":200,"API":"/options-chain-v3"},"timestamp":"2026-10-06 00:59:46,562+0530","service":"FyersAPIRequest","taskName":"Task-39"}
{"level":"DEBUG","location":"[get_call:168] fyersModel","message":{"Status Code":200,"API":"/quotes"},"timestamp":"2026-10-06 00:59:47,785+0530","service":"FyersAPIRequest"}
{"level":"DEBUG","location":"[get_call:168] fyersModel","message":{"Status Code":200,"API":"/options-chain-v3"},"timestamp":"2026-10-06 00:59:47,817+0530","service":"FyersAPIRequest"}
{"level":"DEBUG","location":"[get_call:168] fyersModel","message":{"Status Code":200,"API":"/quotes"},"timestamp":"2026-10-06 00:59:48,621+0530","service":"FyersAPIRequest","taskName":"Task-39"}
{"level":"DEBUG","location":"[get_call:168] fyersModel","message":{"Status Code":200,"API":"/options-chain-v3"},"timestamp":"2026-10-06 00:59:48,670+0530","service":"FyersAPIRequest","taskName":"Task-39"}
{"level":"DEBUG","location":"[get_call:168] fyersModel","message":{"Status Code":200,"API":"/quotes"},"timestamp":"2026-10-06 00:59:50,741+0530","service":"FyersAPIRequest","taskName":"Task-39"}
{"level":"DEBUG","location":"[get_call:168] fyersModel","message":{"Status Code":200,"API":"/options-chain-v3"},"timestamp":"2026-10-06 00:59:50,775+0530","service":"FyersAPIRequest","taskName":"Task-39"}
{"level":"DEBUG","location":"[get_call:168] fyersModel","message":{"Status Code":200,"API":"/quotes"},"timestamp":"2026-10-06 00:59:51,879+0530","service":"FyersAPIRequest"}
{"level":"DEBUG","location":"[get_call:168] fyersModel","message":{"Status Code":200,"API":"/options-chain-v3"},"timestamp":"2026-10-06 00:59:51,930+0530","service":"FyersAPIRequest"}
{"level":"DEBUG","location":"[get_call:168] fyersModel","message":{"Status Code":200,"API":"/quotes"},"timestamp":"2026-10-06 00:59:52,918+0530","service":"FyersAPIRequest","taskName":"Task-39"}
{"level":"DEBUG","location":"[get_call:168] fyersModel","message":{"Status Code":200,"API":"/options-chain-v3"},"timestamp":"2026-10-06 00:59:52,963+0530","service":"FyersAPIRequest","taskName":"Task-39"}
{"level":"DEBUG","location":"[get_call:168] fyersModel","message":{"Status Code":200,"API":"/quotes"},"timestamp":"2026-10-06 00:59:55,079+0530","service":"FyersAPIRequest","taskName":"Task-39"}
{"level":"DEBUG","location":"[get_call:168] fyersModel","message":{"Status Code":200,"API":"/options-chain-v3"},"timestamp":"2026-10-06 00:59:55,109+0530","service":"FyersAPIRequest","taskName":"Task-39"}
{"level":"DEBUG","location":"[get_call:168] fyersModel","message":{"Status Code":200,"API":"/quotes"},"timestamp":"2026-10-06 00:59:56,001+0530","service":"FyersAPIRequest"}
{"level":"DEBUG","location":"[get_call:168] fyersModel","message":{"Status Code":200,"API":"/options-chain-v3"},"timestamp":"2026-10-06 00:59:56,048+0530","service":"FyersAPIRequest"}
{"level":"DEBUG","location":"[get_call:168] fyersModel","message":{"Status Code":200,"API":"/quotes"},"timestamp":"2026-10-06 00:59:57,176+0530","service":"FyersAPIRequest","taskName":"Task-39"}
{"level":"DEBUG","location":"[get_call:168] fyersModel","message":{"Status Code":200,"API":"/options-chain-v3"},"timestamp":"2026-10-06 00:59:57,212+0530","service":"FyersAPIRequest","taskName":"Task-39"}
{"level":"DEBUG","location":"[get_call:168] fyersModel","message":{"Status Code":200,"API":"/quotes"},"timestamp":"2026-10-06 00:59:59,300+0530","service":"FyersAPIRequest","taskName":"Task-39"}
{"level":"DEBUG","location":"[get_call:168] fyersModel","message":{"Status Code":200,"API":"/options-chain-v3"},"timestamp":"2026-10-06 00:59:59,329+0530","service":"FyersAPIRequest","taskName":"Task-39"}
{"level":"DEBUG","location":"[get_call:168] fyersModel","message":{"Status Code":200,"API":"/quotes"},"timestamp":"2026-10-06 01:00:00,101+0530","service":"FyersAPIRequest"}
{"level":"DEBUG","location":"[get_call:168] fyersModel","message":{"Status Code":200,"API":"/options-chain-v3"},"timestamp":"2026-10-06 01:00:00,139+0530","service":"FyersAPIRequest"}
{"level":"DEBUG","location":"[get_call:168] fyersModel","message":{"Status Code":200,"API":"/quotes"},"timestamp":"2026-10-06 01:00:01,392+0530","service":"FyersAPIRequest","taskName":"Task-39"}
{"level":"DEBUG","location":"[get_call:168] fyersModel","message":{"Status Code":200,"API":"/options-chain-v3"},"timestamp":"2026-10-06 01:00:01,432+0530","service":"FyersAPIRequest","taskName":"Task-39"}
{"level":"DEBUG","location":"[get_call:168] fyersModel","message":{"Status Code":200,"API":"/profile"},"timestamp":"2026-10-06 01:00:04,768+0530","service":"FyersAPIRequest","taskName":"Task-39"}
{"level":"DEBUG","location":"[get_call:168] fyersModel","message":{"Status Code":200,"API":"/quotes"},"timestamp":"2026-10-06 01:00:04,793+0530","service":"FyersAPIRequest","taskName":"Task-39"}
{"level":"DEBUG","location":"[get_call:168] fyersModel","message":{"Status Code":200,"API":"/options-chain-v3"},"timestamp":"2026-10-06 01:00:04,823+0530","service":"FyersAPIRequest","taskName":"Task-39"}
{"level":"DEBUG","location":"[get_call:168] fyersModel","message":{"Status Code":200,"API":"/profile"},"timestamp":"2026-10-06 01:00:05,097+0530","service":"FyersAPIRequest"}
{"level":"DEBUG","location":"[get_call:168] fyersModel","message":{"Status Code":200,"API":"/quotes"},"timestamp":"2026-10-06 01:00:05,116+0530","service":"FyersAPIRequest"}
{"level":"DEBUG","location":"[get_call:168] fyersModel","message":{"Status Code":200,"API":"/options-chain-v3"},"timestamp":"2026-10-06 01:00:05,145+0530","service":"FyersAPIRequest"}
{"level":"DEBUG","location":"[get_call:168] fyersModel","message":{"Status Code":200,"API":"/quotes"},"timestamp":"2026-10-06 01:00:06,883+0530","service":"FyersAPIRequest","taskName":"Task-39"}
{"level":"DEBUG","location":"[get_call:168] fyersModel","message":{"Status Code":200,"API":"/options-chain-v3"},"timestamp":"2026-10-06 01:00:06,911+0530","service":"FyersAPIRequest","taskName":"Task-39"}
{"level":"DEBUG","location":"[get_call:168] fyersModel","message":{"Status Code":200,"API":"/quotes"},"timestamp":"2026-10-06 01:00:08,960+0530","service":"FyersAPIRequest","taskName":"Task-39"}
{"level":"DEBUG","location":"[get_call:168] fyersModel","message":{"Status Code":200,"API":"/options-chain-v3"},"timestamp":"2026-10-06 01:00:08,985+0530","service":"FyersAPIRequest","taskName":"Task-39"}
{"level":"DEBUG","location":"[get_call:168] fyersModel","message":{"Status Code":200,"API":"/quotes"},"timestamp":"2026-10-06 01:00:09,176+0530","service":"FyersAPIRequest"}
{"level":"DEBUG","location":"[get_call:168] fyersModel","message":{"Status Code":200,"API":"/options-chain-v3"},"timestamp":"2026-10-06 01:00:09,207+0530","service":"FyersAPIRequest"}
{"level":"DEBUG","location":"[get_call:168] fyersModel","message":{"Status Code":200,"API":"/quotes"},"timestamp":"2026-10-06 01:00:11,051+0530","service":"FyersAPIRequest","taskName":"Task-39"}
{"level":"DEBUG","location":"[get_call:168] fyersModel","message":{"Status Code":200,"API":"/options-chain-v3"},"timestamp":"2026-10-06 01:00:11,082+0530","service":"FyersAPIRequest","taskName":"Task-39"}
{"level":"DEBUG","location":"[get_call:168] fyersModel","message":{"Status Code":200,"API":"/quotes"},"timestamp":"2026-10-06 01:00:13,142+0530","service":"FyersAPIRequest","taskName":"Task-39"}
{"level":"DEBUG","location":"[get_call:168] fyersModel","message":{"Status Code":200,"API":"/options-chain-v3"},"timestamp":"2026-10-06 01:00:13,176+0530","service":"FyersAPIRequest","taskName":"Task-39"}
{"level":"DEBUG","location":"[get_call:168] fyersModel","message":{"Status Code":200,"API":"/quotes"},"timestamp":"2026-10-06 01:00:13,262+0530","service":"FyersAPIRequest"}
{"level":"DEBUG","location":"[get_call:168] fyersModel","message":{"Status Code":200,"API":"/options-chain-v3"},"timestamp":"2026-10-06 01:00:13,334+0530","service":"FyersAPIRequest"}
{"level":"DEBUG","location":"[get_call:168] fyersModel","message":{"Status Code":200,"API":"/quotes"},"timestamp":"2026-10-06 01:00:15,258+0530","service":"FyersAPIRequest","taskName":"Task-39"}
{"level":"DEBUG","location":"[get_call:168] fyersModel","message":{"Status Code":200,"API":"/options-chain-v3"},"timestamp":"2026-10-06 01:00:15,289+0530","service":"FyersAPIRequest","taskName":"Task-39"}
{"level":"DEBUG","location":"[get_call:168] fyersModel","message":{"Status Code":200,"API":"/quotes"},"timestamp":"2026-10-06 01:00:17,341+0530","service":"FyersAPIRequest","taskName":"Task-39"}
{"level":"DEBUG","location":"[get_call:168] fyersModel","message":{"Status Code":200,"API":"/options-chain-v3"},"timestamp":"2026-10-06 01:00:17,368+0530","service":"FyersAPIRequest","taskName":"Task-39"}
{"level":"DEBUG","location":"[get_call:168] fyersModel","message":{"Status Code":200,"API":"/quotes"},"timestamp":"2026-10-06 01:00:17,406+0530","service":"FyersAPIRequest"}
{"level":"DEBUG","location":"[get_call:168] fyersModel","message":{"Status Code":200,"API":"/options-chain-v3"},"timestamp":"2026-10-06 01:00:17,433+0530","service":"FyersAPIRequest"}
{"level":"DEBUG","location":"[get_call:168] fyersModel","message":{"Status Code":200,"API":"/quotes"},"timestamp":"2026-10-06 01:00:19,427+0530","service":"FyersAPIRequest","taskName":"Task-39"}
{"level":"DEBUG","location":"[get_call:168] fyersModel","message":{"Status Code":200,"API":"/options-chain-v3"},"timestamp":"2026-10-06 01:00:19,454+0530","service":"FyersAPIRequest","taskName":"Task-39"}
{"level":"DEBUG","location":"[get_call:168] fyersModel","message":{"Status Code":200,"API":"/quotes"},"timestamp":"2026-10-06 01:00:21,412+0530","service":"FyersAPIRequest","taskName":"Task-421"}
{"level":"DEBUG","location":"[get_call:168] fyersModel","message":{"Status Code":200,"API":"/options-chain-v3"},"timestamp":"2026-10-06 01:00:21,440+0530","service":"FyersAPIRequest","taskName":"Task-421"}
{"level":"DEBUG","location":"[get_call:168] fyersModel","message":{"Status Code":200,"API":"/quotes"},"timestamp":"2026-10-06 01:00:21,489+0530","service":"FyersAPIRequest"}
{"level":"DEBUG","location":"[get_call:168] fyersModel","message":{"Status Code":200,"API":"/options-chain-v3"},"timestamp":"2026-10-06 01:00:21,522+0530","service":"FyersAPIRequest"}
{"level":"DEBUG","location":"[get_call:168] fyersModel","message":{"Status Code":200,"API":"/quotes"},"timestamp":"2026-10-06 01:00:22,024+0530","service":"FyersAPIRequest","taskName":"Task-39"}
{"level":"DEBUG","location":"[get_call:168] fyersModel","message":{"Status Code":200,"API":"/options-chain-v3"},"timestamp":"2026-10-06 01:00:22,063+0530","service":"FyersAPIRequest","taskName":"Task-39"}
{"level":"DEBUG","location":"[get_call:168] fyersModel","message":{"Status Code":200,"API":"/quotes"},"timestamp":"2026-10-06 01:00:24,116+0530","service":"FyersAPIRequest","taskName":"Task-39"}
{"level":"DEBUG","location":"[get_call:168] fyersModel","message":{"Status Code":200,"API":"/options-chain-v3"},"timestamp":"2026-10-06 01:00:24,151+0530","service":"FyersAPIRequest","taskName":"Task-39"}
{"level":"DEBUG","location":"[get_call:168] fyersModel","message":{"Status Code":200,"API":"/quotes"},"timestamp":"2026-10-06 01:00:25,583+0530","service":"FyersAPIRequest"}
{"level":"DEBUG","location":"[get_call:168] fyersModel","message":{"Status Code":200,"API":"/options-chain-v3"},"timestamp":"2026-10-06 01:00:25,627+0530","service":"FyersAPIRequest"}
{"level":"DEBUG","location":"[get_call:168] fyersModel","message":{"Status Code":200,"API":"/quotes"},"timestamp":"2026-10-06 01:00:26,260+0530","service":"FyersAPIRequest","taskName":"Task-39"}
{"level":"DEBUG","location":"[get_call:168] fyersModel","message":{"Status Code":200,"API":"/options-chain-v3"},"timestamp":"2026-10-06 01:00:26,631+0530","service":"FyersAPIRequest","taskName":"Task-39"}
{"level":"DEBUG","location":"[get_call:168] fyersModel","message":{"Status Code":200,"API":"/quotes"},"timestamp":"2026-10-06 01:00:28,690+0530","service":"FyersAPIRequest","taskName":"Task-39"}
{"level":"DEBUG","location":"[get_call:168] fyersModel","message":{"Status Code":200,"API":"/options-chain-v3"},"timestamp":"2026-10-06 01:00:28,724+0530","service":"FyersAPIRequest","taskName":"Task-39"}
{"level":"DEBUG","location":"[get_call:168] fyersModel","message":{"Status Code":200,"API":"/quotes"},"timestamp":"2026-10-06 01:00:29,685+0530","service":"FyersAPIRequest"}
{"level":"DEBUG","location":"[get_call:168] fyersModel","message":{"Status Code":200,"API":"/options-chain-v3"},"timestamp":"2026-10-06 01:00:29,719+0530","service":"FyersAPIRequest"}
{"level":"DEBUG","location":"[get_call:168] fyersModel","message":{"Status Code":200,"API":"/quotes"},"timestamp":"2026-10-06 01:00:30,781+0530","service":"FyersAPIRequest","taskName":"Task-39"}
{"level":"DEBUG","location":"[get_call:168] fyersModel","message":{"Status Code":200,"API":"/options-chain-v3"},"timestamp":"2026-10-06 01:00:30,811+0530","service":"FyersAPIRequest","taskName":"Task-39"}
{"level":"DEBUG","location":"[get_call:168] fyersModel","message":{"Status Code":200,"API":"/quotes"},"timestamp":"2026-10-06 01:00:32,874+0530","service":"FyersAPIRequest","taskName":"Task-39"}
{"level":"DEBUG","location":"[get_call:168] fyersModel","message":{"Status Code":200,"API":"/options-chain-v3"},"timestamp":"2026-10-06 01:00:32,906+0530","service":"FyersAPIRequest","taskName":"Task-39"}
{"level":"DEBUG","location":"[get_call:168] fyersModel","message":{"Status Code":200,"API":"/quotes"},"timestamp":"2026-10-06 01:00:33,812+0530","service":"FyersAPIRequest"}
{"level":"DEBUG","location":"[get_call:168] fyersModel","message":{"Status Code":200,"API":"/options-chain-v3"},"timestamp":"2026-10-06 01:00:33,842+0530","service":"FyersAPIRequest"}
{"level":"DEBUG","location":"[get_call:168] fyersModel","message":{"Status Code":200,"API":"/profile"},"timestamp":"2026-10-06 01:00:35,554+0530","service":"FyersAPIRequest","taskName":"Task-39"}
{"level":"DEBUG","location":"[get_call:168] fyersModel","message":{"Status Code":200,"API":"/quotes"},"timestamp":"2026-10-06 01:00:35,573+0530","service":"FyersAPIRequest","taskName":"Task-39"}
{"level":"DEBUG","location":"[get_call:168] fyersModel","message":{"Status Code":200,"API":"/options-chain-v3"},"timestamp":"2026-10-06 01:00:35,600+0530","service":"FyersAPIRequest","taskName":"Task-39"}
{"level":"DEBUG","location":"[get_call:168] fyersModel","message":{"Status Code":200,"API":"/quotes"},"timestamp":"2026-10-06 01:00:37,657+0530","service":"FyersAPIRequest","taskName":"Task-39"}
{"level":"DEBUG","location":"[get_call:168] fyersModel","message":{"Status Code":200,"API":"/options-chain-v3"},"timestamp":"2026-10-06 01:00:37,690+0530","service":"FyersAPIRequest","taskName":"Task-39"}
{"level":"DEBUG","location":"[get_call:168] fyersModel","message":{"Status Code":200,"API":"/quotes"},"timestamp":"2026-10-06 01:00:37,890+0530","service":"FyersAPIRequest"}
{"level":"DEBUG","location":"[get_call:168] fyersModel","message":{"Status Code":200,"API":"/options-chain-v3"},"timestamp":"2026-10-06 01:00:37,922+0530","service":"FyersAPIRequest"}
{"level":"DEBUG","location":"[get_call:168] fyersModel","message":{"Status Code":200,"API":"/quotes"},"timestamp":"2026-10-06 01:00:39,765+0530","service":"FyersAPIRequest","taskName":"Task-39"}
{"level":"DEBUG","location":"[get_call:168] fyersModel","message":{"Status Code":200,"API":"/options-chain-v3"},"timestamp":"2026-10-06 01:00:39,809+0530","service":"FyersAPIRequest","taskName":"Task-39"}
{"level":"DEBUG","location":"[get_call:168] fyersModel","message":{"Status Code":200,"API":"/quotes"},"timestamp":"2026-10-06 01:00:41,890+0530","service":"FyersAPIRequest","taskName":"Task-39"}
{"level":"DEBUG","location":"[get_call:168] fyersModel","message":{"Status Code":200,"API":"/options-chain-v3"},"timestamp":"2026-10-06 01:00:41,924+0530","service":"FyersAPIRequest","taskName":"Task-39"}
{"level":"DEBUG","location":"[get_call:168] fyersModel","message":{"Status Code":200,"API":"/quotes"},"timestamp":"2026-10-06 01:00:41,976+0530","service":"FyersAPIRequest"}
{"level":"DEBUG","location":"[get_call:168] fyersModel","message":{"Status Code":200,"API":"/options-chain-v3"},"timestamp":"2026-10-06 01:00:42,006+0530","service":"FyersAPIRequest"}
{"level":"DEBUG","location":"[get_call:168] fyersModel","message":{"Status Code":200,"API":"/quotes"},"timestamp":"2026-10-06 01:00:44,045+0530","service":"FyersAPIRequest","taskName":"Task-39"}
{"level":"DEBUG","location":"[get_call:168] fyersModel","message":{"Status Code":200,"API":"/options-chain-v3"},"timestamp":"2026-10-06 01:00:44,079+0530","service":"FyersAPIRequest","taskName":"Task-39"}
{"level":"DEBUG","location":"[get_call:168] fyersModel","message":{"Status Code":200,"API":"/quotes"},"timestamp":"2026-10-06 01:00:46,363+0530","service":"FyersAPIRequest"}
{"level":"DEBUG","location":"[get_call:168] fyersModel","message":{"Status Code":200,"API":"/options-chain-v3"},"timestamp":"2026-10-06 01:00:46,403+0530","service":"FyersAPIRequest"}
{"level":"DEBUG","location":"[get_call:168] fyersModel","message":{"Status Code":200,"API":"/quotes"},"timestamp":"2026-10-06 01:00:47,238+0530","service":"FyersAPIRequest","taskName":"Task-39"}
{"level":"DEBUG","location":"[get_call:168] fyersModel","message":{"Status Code":200,"API":"/options-chain-v3"},"timestamp":"2026-10-06 01:00:47,277+0530","service":"FyersAPIRequest","taskName":"Task-39"}
{"level":"DEBUG","location":"[get_call:168] fyersModel","message":{"Status Code":200,"API":"/quotes"},"timestamp":"2026-10-06 01:00:49,312+0530","service":"FyersAPIRequest","taskName":"Task-39"}
{"level":"DEBUG","location":"[get_call:168] fyersModel","message":{"Status Code":200,"API":"/options-chain-v3"},"timestamp":"2026-10-06 01:00:49,338+0530","service":"FyersAPIRequest","taskName":"Task-39"}
{"level":"DEBUG","location":"[get_call:168] fyersModel","message":{"Status Code":200,"API":"/quotes"},"timestamp":"2026-10-06 01:00:50,443+0530","service":"FyersAPIRequest"}
{"level":"DEBUG","location":"[get_call:168] fyersModel","message":{"Status Code":200,"API":"/options-chain-v3"},"timestamp":"2026-10-06 01:00:50,471+0530","service":"FyersAPIRequest"}
{"level":"DEBUG","location":"[get_call:168] fyersModel","message":{"Status Code":200,"API":"/quotes"},"timestamp":"2026-10-06 01:00:51,389+0530","service":"FyersAPIRequest","taskName":"Task-39"}
{"level":"DEBUG","location":"[get_call:168] fyersModel","message":{"Status Code":200,"API":"/options-chain-v3"},"timestamp":"2026-10-06 01:00:51,436+0530","service":"FyersAPIRequest","taskName":"Task-39"}
{"level":"DEBUG","location":"[get_call:168] fyersModel","message":{"Status Code":200,"API":"/quotes"},"timestamp":"2026-10-06 01:00:53,490+0530","service":"FyersAPIRequest","taskName":"Task-39"}
{"level":"DEBUG","location":"[get_call:168] fyersModel","message":{"Status Code":200,"API":"/options-chain-v3"},"timestamp":"2026-10-06 01:00:53,517+0530","service":"FyersAPIRequest","taskName":"Task-39"}
{"level":"DEBUG","location":"[get_call:168] fyersModel","message":{"Status Code":200,"API":"/quotes"},"timestamp":"2026-10-06 01:00:54,541+0530","service":"FyersAPIRequest"}
{"level":"DEBUG","location":"[get_call:168] fyersModel","message":{"Status Code":200,"API":"/options-chain-v3"},"timestamp":"2026-10-06 01:00:54,568+0530","service":"FyersAPIRequest"}
{"level":"DEBUG","location":"[get_call:168] fyersModel","message":{"Status Code":200,"API":"/quotes"},"timestamp":"2026-10-06 01:00:55,575+0530","service":"FyersAPIRequest","taskName":"Task-39"}
{"level":"DEBUG","location":"[get_call:168] fyersModel","message":{"Status Code":200,"API":"/options-chain-v3"},"timestamp":"2026-10-06 01:00:55,600+0530","service":"FyersAPIRequest","taskName":"Task-39"}
{"level":"DEBUG","location":"[get_call:168] fyersModel","message":{"Status Code":200,"API":"/quotes"},"timestamp":"2026-10-06 01:00:57,672+0530","service":"FyersAPIRequest","taskName":"Task-39"}
{"level":"DEBUG","location":"[get_call:168] fyersModel","message":{"Status Code":200,"API":"/options-chain-v3"},"timestamp":"2026-10-06 01:00:57,701+0530","service":"FyersAPIRequest","taskName":"Task-39"}
{"level":"DEBUG","location":"[get_call:168] fyersModel","message":{"Status Code":200,"API":"/quotes"},"timestamp":"2026-10-06 01:00:58,612+0530","service":"FyersAPIRequest"}
{"level":"DEBUG","location":"[get_call:168] fyersModel","message":{"Status Code":200,"API":"/options-chain-v3"},"timestamp":"2026-10-06 01:00:58,640+0530","service":"FyersAPIRequest"}
{"level":"DEBUG","location":"[get_call:168] fyersModel","message":{"Status Code":200,"API":"/quotes"},"timestamp":"2026-10-06 01:00:59,761+0530","service":"FyersAPIRequest","taskName":"Task-39"}
{"level":"DEBUG","location":"[get_call:168] fyersModel","message":{"Status Code":200,"API":"/options-chain-v3"},"timestamp":"2026-10-06 01:00:59,790+0530","service":"FyersAPIRequest","taskName":"Task-39"}
{"level":"DEBUG","location":"[get_call:168] fyersModel","message":{"Status Code":200,"API":"/quotes"},"timestamp":"2026-10-06 01:01:01,846+0530","service":"FyersAPIRequest","taskName":"Task-39"}
{"level":"DEBUG","location":"[get_call:168] fyersModel","message":{"Status Code":200,"API":"/options-chain-v3"},"timestamp":"2026-10-06 01:01:01,872+0530","service":"FyersAPIRequest","taskName":"Task-39"}
{"level":"DEBUG","location":"[get_call:168] fyersModel","message":{"Status Code":200,"API":"/quotes"},"timestamp":"2026-10-06 01:01:02,677+0530","service":"FyersAPIRequest"}
{"level":"DEBUG","location":"[get_call:168] fyersModel","message":{"Status Code":200,"API":"/options-chain-v3"},"timestamp":"2026-10-06 01:01:02,703+0530","service":"FyersAPIRequest"}
{"level":"DEBUG","location":"[get_call:168] fyersModel","message":{"Status Code":200,"API":"/quotes"},"timestamp":"2026-10-06 01:01:03,912+0530","service":"FyersAPIRequest","taskName":"Task-39"}
{"level":"DEBUG","location":"[get_call:168] fyersModel","message":{"Status Code":200,"API":"/options-chain-v3"},"timestamp":"2026-10-06 01:01:03,942+0530","service":"FyersAPIRequest","taskName":"Task-39"}
{"level":"DEBUG","location":"[get_call:168] fyersModel","message":{"Status Code":200,"API":"/profile"},"timestamp":"2026-10-06 01:01:06,639+0530","service":"FyersAPIRequest","taskName":"Task-39"}
{"level":"DEBUG","location":"[get_call:168] fyersModel","message":{"Status Code":200,"API":"/quotes"},"timestamp":"2026-10-06 01:01:06,664+0530","service":"FyersAPIRequest","taskName":"Task-39"}
{"level":"DEBUG","location":"[get_call:168] fyersModel","message":{"Status Code":200,"API":"/options-chain-v3"},"timestamp":"2026-10-06 01:01:06,707+0530","service":"FyersAPIRequest","taskName":"Task-39"}
{"level":"DEBUG","location":"[get_call:168] fyersModel","message":{"Status Code":200,"API":"/quotes"},"timestamp":"2026-10-06 01:01:06,951+0530","service":"FyersAPIRequest"}
{"level":"DEBUG","location":"[get_call:168] fyersModel","message":{"Status Code":200,"API":"/options-chain-v3"},"timestamp":"2026-10-06 01:01:06,985+0530","service":"FyersAPIRequest"}
{"level":"DEBUG","location":"[get_call:168] fyersModel","message":{"Status Code":200,"API":"/quotes"},"timestamp":"2026-10-06 01:01:08,770+0530","service":"FyersAPIRequest","taskName":"Task-39"}
{"level":"DEBUG","location":"[get_call:168] fyersModel","message":{"Status Code":200,"API":"/options-chain-v3"},"timestamp":"2026-10-06 01:01:08,803+0530","service":"FyersAPIRequest","taskName":"Task-39"}
{"level":"DEBUG","location":"[get_call:168] fyersModel","message":{"Status Code":200,"API":"/quotes"},"timestamp":"2026-10-06 01:01:10,900+0530","service":"FyersAPIRequest","taskName":"Task-39"}
{"level":"DEBUG","location":"[get_call:168] fyersModel","message":{"Status Code":200,"API":"/options-chain-v3"},"timestamp":"2026-10-06 01:01:10,944+0530","service":"FyersAPIRequest","taskName":"Task-39"}
{"level":"DEBUG","location":"[get_call:168] fyersModel","message":{"Status Code":200,"API":"/quotes"},"timestamp":"2026-10-06 01:01:11,054+0530","service":"FyersAPIRequest"}
{"level":"DEBUG","location":"[get_call:168] fyersModel","message":{"Status Code":200,"API":"/options-chain-v3"},"timestamp":"2026-10-06 01:01:11,088+0530","service":"FyersAPIRequest"}
{"level":"DEBUG","location":"[get_call:168] fyersModel","message":{"Status Code":200,"API":"/quotes"},"timestamp":"2026-10-06 01:01:13,007+0530","service":"FyersAPIRequest","taskName":"Task-39"}
{"level":"DEBUG","location":"[get_call:168] fyersModel","message":{"Status Code":200,"API":"/options-chain-v3"},"timestamp":"2026-10-06 01:01:13,042+0530","service":"FyersAPIRequest","taskName":"Task-39"}
{"level":"DEBUG","location":"[get_call:168] fyersModel","message":{"Status Code":200,"API":"/quotes"},"timestamp":"2026-10-06 01:01:15,089+0530","service":"FyersAPIRequest","taskName":"Task-39"}
{"level":"DEBUG","location":"[get_call:168] fyersModel","message":{"Status Code":200,"API":"/options-chain-v3"},"timestamp":"2026-10-06 01:01:15,128+0530","service":"FyersAPIRequest","taskName":"Task-39"}
{"level":"DEBUG","location":"[get_call:168] fyersModel","message":{"Status Code":200,"API":"/quotes"},"timestamp":"2026-10-06 01:01:15,756+0530","service":"FyersAPIRequest"}
{"level":"DEBUG","location":"[get_call:168] fyersModel","message":{"Status Code":200,"API":"/options-chain-v3"},"timestamp":"2026-10-06 01:01:15,783+0530","service":"FyersAPIRequest"}
{"level":"DEBUG","location":"[get_call:168] fyersModel","message":{"Status Code":200,"API":"/quotes"},"timestamp":"2026-10-06 01:01:17,186+0530","service":"FyersAPIRequest","taskName":"Task-39"}
{"level":"DEBUG","location":"[get_call:168] fyersModel","message":{"Status Code":200,"API":"/options-chain-v3"},"timestamp":"2026-10-06 01:01:17,218+0530","service":"FyersAPIRequest","taskName":"Task-39"}
{"level":"DEBUG","location":"[get_call:168] fyersModel","message":{"Status Code":200,"API":"/quotes"},"timestamp":"2026-10-06 01:01:19,294+0530","service":"FyersAPIRequest","taskName":"Task-39"}
{"level":"DEBUG","location":"[get_call:168] fyersModel","message":{"Status Code":200,"API":"/options-chain-v3"},"timestamp":"2026-10-06 01:01:19,323+0530","service":"FyersAPIRequest","taskName":"Task-39"}
{"level":"DEBUG","location":"[get_call:168] fyersModel","message":{"Status Code":200,"API":"/quotes"},"timestamp":"2026-10-06 01:01:19,823+0530","service":"FyersAPIRequest"}
{"level":"DEBUG","location":"[get_call:168] fyersModel","message":{"Status Code":200,"API":"/options-chain-v3"},"timestamp":"2026-10-06 01:01:19,863+0530","service":"FyersAPIRequest"}
{"level":"DEBUG","location":"[get_call:168] fyersModel","message":{"Status Code":200,"API":"/quotes"},"timestamp":"2026-10-06 01:01:21,396+0530","service":"FyersAPIRequest","taskName":"Task-39"}
{"level":"DEBUG","location":"[get_call:168] fyersModel","message":{"Status Code":200,"API":"/options-chain-v3"},"timestamp":"2026-10-06 01:01:21,438+0530","service":"FyersAPIRequest","taskName":"Task-39"}
{"level":"DEBUG","location":"[get_call:168] fyersModel","message":{"Status Code":200,"API":"/quotes"},"timestamp":"2026-10-06 01:01:21,512+0530","service":"FyersAPIRequest","taskName":"Task-425"}
{"level":"DEBUG","location":"[get_call:168] fyersModel","message":{"Status Code":200,"API":"/options-chain-v3"},"timestamp":"2026-10-06 01:01:21,543+0530","service":"FyersAPIRequest","taskName":"Task-425"}
{"level":"DEBUG","location":"[get_call:168] fyersModel","message":{"Status Code":200,"API":"/quotes"},"timestamp":"2026-10-06 01:01:23,512+0530","service":"FyersAPIRequest","taskName":"Task-39"}
{"level":"DEBUG","location":"[get_call:168] fyersModel","message":{"Status Code":200,"API":"/options-chain-v3"},"timestamp":"2026-10-06 01:01:23,548+0530","service":"FyersAPIRequest","taskName":"Task-39"}
{"level":"DEBUG","location":"[get_call:168] fyersModel","message":{"Status Code":200,"API":"/quotes"},"timestamp":"2026-10-06 01:01:23,898+0530","service":"FyersAPIRequest"}
{"level":"DEBUG","location":"[get_call:168] fyersModel","message":{"Status Code":200,"API":"/options-chain-v3"},"timestamp":"2026-10-06 01:01:23,924+0530","service":"FyersAPIRequest"}
{"level":"DEBUG","location":"[get_call:168] fyersModel","message":{"Status Code":200,"API":"/quotes"},"timestamp":"2026-10-06 01:01:25,604+0530","service":"FyersAPIRequest","taskName":"Task-39"}
{"level":"DEBUG","location":"[get_call:168] fyersModel","message":{"Status Code":200,"API":"/options-chain-v3"},"timestamp":"2026-10-06 01:01:25,640+0530","service":"FyersAPIRequest","taskName":"Task-39"}
{"level":"DEBUG","location":"[get_call:168] fyersModel","message":{"Status Code":200,"API":"/quotes"},"timestamp":"2026-10-06 01:01:27,699+0530","service":"FyersAPIRequest","taskName":"Task-39"}
{"level":"DEBUG","location":"[get_call:168] fyersModel","message":{"Status Code":200,"API":"/options-chain-v3"},"timestamp":"2026-10-06 01:01:27,725+0530","service":"FyersAPIRequest","taskName":"Task-39"}
{"level":"DEBUG","location":"[get_call:168] fyersModel","message":{"Status Code":200,"API":"/quotes"},"timestamp":"2026-10-06 01:01:27,957+0530","service":"FyersAPIRequest"}
{"level":"DEBUG","location":"[get_call:168] fyersModel","message":{"Status Code":200,"API":"/options-chain-v3"},"timestamp":"2026-10-06 01:01:27,983+0530","service":"FyersAPIRequest"}
{"level":"DEBUG","location":"[get_call:168] fyersModel","message":{"Status Code":200,"API":"/quotes"},"timestamp":"2026-10-06 01:01:29,762+0530","service":"FyersAPIRequest","taskName":"Task-39"}
{"level":"DEBUG","location":"[get_call:168] fyersModel","message":{"Status Code":200,"API":"/options-chain-v3"},"timestamp":"2026-10-06 01:01:29,793+0530","service":"FyersAPIRequest","taskName":"Task-39"}
{"level":"DEBUG","location":"[get_call:168] fyersModel","message":{"Status Code":200,"API":"/quotes"},"timestamp":"2026-10-06 01:01:31,855+0530","service":"FyersAPIRequest","taskName":"Task-39"}
{"level":"DEBUG","location":"[get_call:168] fyersModel","message":{"Status Code":200,"API":"/options-chain-v3"},"timestamp":"2026-10-06 01:01:31,883+0530","service":"FyersAPIRequest","taskName":"Task-39"}
{"level":"DEBUG","location":"[get_call:168] fyersModel","message":{"Status Code":200,"API":"/quotes"},"timestamp":"2026-10-06 01:01:32,024+0530","service":"FyersAPIRequest"}
{"level":"DEBUG","location":"[get_call:168] fyersModel","message":{"Status Code":200,"API":"/options-chain-v3"},"timestamp":"2026-10-06 01:01:32,062+0530","service":"FyersAPIRequest"}
{"level":"DEBUG","location":"[get_call:168] fyersModel","message":{"Status Code":200,"API":"/quotes"},"timestamp":"2026-10-06 01:01:33,931+0530","service":"FyersAPIRequest","taskName":"Task-39"}
{"level":"DEBUG","location":"[get_call:168] fyersModel","message":{"Status Code":200,"API":"/options-chain-v3"},"timestamp":"2026-10-06 01:01:33,955+0530","service":"FyersAPIRequest","taskName":"Task-39"}
{"level":"DEBUG","location":"[get_call:168] fyersModel","message":{"Status Code":200,"API":"/profile"},"timestamp":"2026-10-06 01:01:36,773+0530","service":"FyersAPIRequest","taskName":"Task-39"}
{"level":"DEBUG","location":"[get_call:168] fyersModel","message":{"Status Code":200,"API":"/quotes"},"timestamp":"2026-10-06 01:01:36,791+0530","service":"FyersAPIRequest","taskName":"Task-39"}
{"level":"DEBUG","location":"[get_call:168] fyersModel","message":{"Status Code":200,"API":"/options-chain-v3"},"timestamp":"2026-10-06 01:01:36,823+0530","service":"FyersAPIRequest","taskName":"Task-39"}
{"level":"DEBUG","location":"[get_call:168] fyersModel","message":{"Status Code":200,"API":"/profile"},"timestamp":"2026-10-06 01:01:37,011+0530","service":"FyersAPIRequest"}
{"level":"DEBUG","location":"[get_call:168] fyersModel","message":{"Status Code":200,"API":"/quotes"},"timestamp":"2026-10-06 01:01:37,035+0530","service":"FyersAPIRequest"}
{"level":"DEBUG","location":"[get_call:168] fyersModel","message":{"Status Code":200,"API":"/options-chain-v3"},"timestamp":"2026-10-06 01:01:37,063+0530","service":"FyersAPIRequest"}
{"level":"DEBUG","location":"[get_call:168] fyersModel","message":{"Status Code":200,"API":"/quotes"},"timestamp":"2026-10-06 01:01:38,895+0530","service":"FyersAPIRequest","taskName":"Task-39"}
{"level":"DEBUG","location":"[get_call:168] fyersModel","message":{"Status Code":200,"API":"/options-chain-v3"},"timestamp":"2026-10-06 01:01:38,924+0530","service":"FyersAPIRequest","taskName":"Task-39"}
{"level":"DEBUG","location":"[get_call:168] fyersModel","message":{"Status Code":200,"API":"/quotes"},"timestamp":"2026-10-06 01:01:40,983+0530","service":"FyersAPIRequest","taskName":"Task-39"}
{"level":"DEBUG","location":"[get_call:168] fyersModel","message":{"Status Code":200,"API":"/options-chain-v3"},"timestamp":"2026-10-06 01:01:41,012+0530","service":"FyersAPIRequest","taskName":"Task-39"}
{"level":"DEBUG","location":"[get_call:168] fyersModel","message":{"Status Code":200,"API":"/quotes"},"timestamp":"2026-10-06 01:01:41,099+0530","service":"FyersAPIRequest"}
{"level":"DEBUG","location":"[get_call:168] fyersModel","message":{"Status Code":200,"API":"/options-chain-v3"},"timestamp":"2026-10-06 01:01:41,128+0530","service":"FyersAPIRequest"}
{"level":"DEBUG","location":"[get_call:168] fyersModel","message":{"Status Code":200,"API":"/quotes"},"timestamp":"2026-10-06 01:01:43,073+0530","service":"FyersAPIRequest","taskName":"Task-39"}
{"level":"DEBUG","location":"[get_call:168] fyersModel","message":{"Status Code":200,"API":"/options-chain-v3"},"timestamp":"2026-10-06 01:01:43,102+0530","service":"FyersAPIRequest","taskName":"Task-39"}
{"level":"DEBUG","location":"[get_call:168] fyersModel","message":{"Status Code":200,"API":"/quotes"},"timestamp":"2026-10-06 01:01:45,147+0530","service":"FyersAPIRequest","taskName":"Task-39"}
{"level":"DEBUG","location":"[get_call:168] fyersModel","message":{"Status Code":200,"API":"/options-chain-v3"},"timestamp":"2026-10-06 01:01:45,187+0530","service":"FyersAPIRequest","taskName":"Task-39"}
{"level":"DEBUG","location":"[get_call:168] fyersModel","message":{"Status Code":200,"API":"/quotes"},"timestamp":"2026-10-06 01:01:46,282+0530","service":"FyersAPIRequest"}
{"level":"DEBUG","location":"[get_call:168] fyersModel","message":{"Status Code":200,"API":"/options-chain-v3"},"timestamp":"2026-10-06 01:01:46,317+0530","service":"FyersAPIRequest"}
{"level":"DEBUG","location":"[get_call:168] fyersModel","message":{"Status Code":200,"API":"/quotes"},"timestamp":"2026-10-06 01:01:47,382+0530","service":"FyersAPIRequest","taskName":"Task-39"}
{"level":"DEBUG","location":"[get_call:168] fyersModel","message":{"Status Code":200,"API":"/options-chain-v3"},"timestamp":"2026-10-06 01:01:47,418+0530","service":"FyersAPIRequest","taskName":"Task-39"}
{"level":"DEBUG","location":"[get_call:168] fyersModel","message":{"Status Code":200,"API":"/quotes"},"timestamp":"2026-10-06 01:01:49,447+0530","service":"FyersAPIRequest","taskName":"Task-39"}
{"level":"DEBUG","location":"[get_call:168] fyersModel","message":{"Status Code":200,"API":"/options-chain-v3"},"timestamp":"2026-10-06 01:01:49,481+0530","service":"FyersAPIRequest","taskName":"Task-39"}
{"level":"DEBUG","location":"[get_call:168] fyersModel","message":{"Status Code":200,"API":"/quotes"},"timestamp":"2026-10-06 01:01:50,370+0530","service":"FyersAPIRequest"}
{"level":"DEBUG","location":"[get_call:168] fyersModel","message":{"Status Code":200,"API":"/options-chain-v3"},"timestamp":"2026-10-06 01:01:50,405+0530","service":"FyersAPIRequest"}
{"level":"DEBUG","location":"[get_call:168] fyersModel","message":{"Status Code":200,"API":"/quotes"},"timestamp":"2026-10-06 01:01:51,545+0530","service":"FyersAPIRequest","taskName":"Task-39"}
{"level":"DEBUG","location":"[get_call:168] fyersModel","message":{"Status Code":200,"API":"/options-chain-v3"},"timestamp":"2026-10-06 01:01:51,594+0530","service":"FyersAPIRequest","taskName":"Task-39"}
{"level":"DEBUG","location":"[get_call:168] fyersModel","message":{"Status Code":200,"API":"/quotes"},"timestamp":"2026-10-06 01:01:53,664+0530","service":"FyersAPIRequest","taskName":"Task-39"}
{"level":"DEBUG","location":"[get_call:168] fyersModel","message":{"Status Code":200,"API":"/options-chain-v3"},"timestamp":"2026-10-06 01:01:53,694+0530","service":"FyersAPIRequest","taskName":"Task-39"}
{"level":"DEBUG","location":"[get_call:168] fyersModel","message":{"Status Code":200,"API":"/quotes"},"timestamp":"2026-10-06 01:01:54,475+0530","service":"FyersAPIRequest"}
{"level":"DEBUG","location":"[get_call:168] fyersModel","message":{"Status Code":200,"API":"/options-chain-v3"},"timestamp":"2026-10-06 01:01:54,505+0530","service":"FyersAPIRequest"}
{"level":"DEBUG","location":"[get_call:168] fyersModel","message":{"Status Code":200,"API":"/quotes"},"timestamp":"2026-10-06 01:01:55,753+0530","service":"FyersAPIRequest","taskName":"Task-39"}
{"level":"DEBUG","location":"[get_call:168] fyersModel","message":{"Status Code":200,"API":"/options-chain-v3"},"timestamp":"2026-10-06 01:01:55,784+0530","service":"FyersAPIRequest","taskName":"Task-39"}
{"level":"DEBUG","location":"[get_call:168] fyersModel","message":{"Status Code":200,"API":"/quotes"},"timestamp":"2026-10-06 01:01:57,819+0530","service":"FyersAPIRequest","taskName":"Task-39"}
{"level":"DEBUG","location":"[get_call:168] fyersModel","message":{"Status Code":200,"API":"/options-chain-v3"},"timestamp":"2026-10-06 01:01:57,850+0530","service":"FyersAPIRequest","taskName":"Task-39"}
{"level":"DEBUG","location":"[get_call:168] fyersModel","message":{"Status Code":200,"API":"/quotes"},"timestamp":"2026-10-06 01:01:58,558+0530","service":"FyersAPIRequest"}
{"level":"DEBUG","location":"[get_call:168] fyersModel","message":{"Status Code":200,"API":"/options-chain-v3"},"timestamp":"2026-10-06 01:01:58,595+0530","service":"FyersAPIRequest"}
{"level":"DEBUG","location":"[get_call:168] fyersModel","message":{"Status Code":200,"API":"/quotes"},"timestamp":"2026-10-06 01:01:59,906+0530","service":"FyersAPIRequest","taskName":"Task-39"}
{"level":"DEBUG","location":"[get_call:168] fyersModel","message":{"Status Code":200,"API":"/options-chain-v3"},"timestamp":"2026-10-06 01:01:59,943+0530","service":"FyersAPIRequest","taskName":"Task-39"}
{"level":"DEBUG","location":"[get_call:168] fyersModel","message":{"Status Code":200,"API":"/quotes"},"timestamp":"2026-10-06 01:02:01,977+0530","service":"FyersAPIRequest","taskName":"Task-39"}
{"level":"DEBUG","location":"[get_call:168] fyersModel","message":{"Status Code":200,"API":"/options-chain-v3"},"timestamp":"2026-10-06 01:02:02,009+0530","service":"FyersAPIRequest","taskName":"Task-39"}
{"level":"DEBUG","location":"[get_call:168] fyersModel","message":{"Status Code":200,"API":"/quotes"},"timestamp":"2026-10-06 01:02:02,650+0530","service":"FyersAPIRequest"}
{"level":"DEBUG","location":"[get_call:168] fyersModel","message":{"Status Code":200,"API":"/options-chain-v3"},"timestamp":"2026-10-06 01:02:02,697+0530","service":"FyersAPIRequest"}
{"level":"DEBUG","location":"[get_call:168] fyersModel","message":{"Status Code":200,"API":"/quotes"},"timestamp":"2026-10-06 01:02:04,083+0530","service":"FyersAPIRequest","taskName":"Task-39"}
{"level":"DEBUG","location":"[get_call:168] fyersModel","message":{"Status Code":200,"API":"/options-chain-v3"},"timestamp":"2026-10-06 01:02:04,115+0530","service":"FyersAPIRequest","taskName":"Task-39"}
{"level":"DEBUG","location":"[get_call:168] fyersModel","message":{"Status Code":200,"API":"/quotes"},"timestamp":"2026-10-06 01:02:06,178+0530","service":"FyersAPIRequest","taskName":"Task-39"}
{"level":"DEBUG","location":"[get_call:168] fyersModel","message":{"Status Code":200,"API":"/options-chain-v3"},"timestamp":"2026-10-06 01:02:06,216+0530","service":"FyersAPIRequest","taskName":"Task-39"}
{"level":"DEBUG","location":"[get_call:168] fyersModel","message":{"Status Code":200,"API":"/profile"},"timestamp":"2026-10-06 01:02:08,814+0530","service":"FyersAPIRequest"}
{"level":"DEBUG","location":"[get_call:168] fyersModel","message":{"Status Code":200,"API":"/quotes"},"timestamp":"2026-10-06 01:02:08,842+0530","service":"FyersAPIRequest"}
{"level":"DEBUG","location":"[get_call:168] fyersModel","message":{"Status Code":200,"API":"/options-chain-v3"},"timestamp":"2026-10-06 01:02:08,876+0530","service":"FyersAPIRequest"}
{"level":"DEBUG","location":"[get_call:168] fyersModel","message":{"Status Code":200,"API":"/profile"},"timestamp":"2026-10-06 01:02:10,019+0530","service":"FyersAPIRequest","taskName":"Task-39"}
{"level":"DEBUG","location":"[get_call:168] fyersModel","message":{"Status Code":200,"API":"/quotes"},"timestamp":"2026-10-06 01:02:10,049+0530","service":"FyersAPIRequest","taskName":"Task-39"}
{"level":"DEBUG","location":"[get_call:168] fyersModel","message":{"Status Code":200,"API":"/options-chain-v3"},"timestamp":"2026-10-06 01:02:10,080+0530","service":"FyersAPIRequest","taskName":"Task-39"}
{"level":"DEBUG","location":"[get_call:168] fyersModel","message":{"Status Code":200,"API":"/quotes"},"timestamp":"2026-10-06 01:02:12,150+0530","service":"FyersAPIRequest","taskName":"Task-39"}
{"level":"DEBUG","location":"[get_call:168] fyersModel","message":{"Status Code":200,"API":"/options-chain-v3"},"timestamp":"2026-10-06 01:02:12,187+0530","service":"FyersAPIRequest","taskName":"Task-39"}
{"level":"DEBUG","location":"[get_call:168] fyersModel","message":{"Status Code":200,"API":"/quotes"},"timestamp":"2026-10-06 01:02:12,991+0530","service":"FyersAPIRequest"}
{"level":"DEBUG","location":"[get_call:168] fyersModel","message":{"Status Code":200,"API":"/options-chain-v3"},"timestamp":"2026-10-06 01:02:13,062+0530","service":"FyersAPIRequest"}
{"level":"DEBUG","location":"[get_call:168] fyersModel","message":{"Status Code":200,"API":"/quotes"},"timestamp":"2026-10-06 01:02:14,282+0530","service":"FyersAPIRequest","taskName":"Task-39"}
{"level":"DEBUG","location":"[get_call:168] fyersModel","message":{"Status Code":200,"API":"/options-chain-v3"},"timestamp":"2026-10-06 01:02:14,315+0530","service":"FyersAPIRequest","taskName":"Task-39"}
{"level":"DEBUG","location":"[get_call:168] fyersModel","message":{"Status Code":200,"API":"/quotes"},"timestamp":"2026-10-06 01:02:16,398+0530","service":"FyersAPIRequest","taskName":"Task-39"}
{"level":"DEBUG","location":"[get_call:168] fyersModel","message":{"Status Code":200,"API":"/options-chain-v3"},"timestamp":"2026-10-06 01:02:16,429+0530","service":"FyersAPIRequest","taskName":"Task-39"}
{"level":"DEBUG","location":"[get_call:168] fyersModel","message":{"Status Code":200,"API":"/quotes"},"timestamp":"2026-10-06 01:02:17,107+0530","service":"FyersAPIRequest"}
{"level":"DEBUG","location":"[get_call:168] fyersModel","message":{"Status Code":200,"API":"/options-chain-v3"},"timestamp":"2026-10-06 01:02:17,135+0530","service":"FyersAPIRequest"}
{"level":"DEBUG","location":"[get_call:168] fyersModel","message":{"Status Code":200,"API":"/quotes"},"timestamp":"2026-10-06 01:02:18,742+0530","service":"FyersAPIRequest","taskName":"Task-39"}
{"level":"DEBUG","location":"[get_call:168] fyersModel","message":{"Status Code":200,"API":"/options-chain-v3"},"timestamp":"2026-10-06 01:02:18,772+0530","service":"FyersAPIRequest","taskName":"Task-39"}
{"level":"DEBUG","location":"[get_call:168] fyersModel","message":{"Status Code":200,"API":"/quotes"},"timestamp":"2026-10-06 01:02:20,817+0530","service":"FyersAPIRequest","taskName":"Task-39"}
{"level":"DEBUG","location":"[get_call:168] fyersModel","message":{"Status Code":200,"API":"/options-chain-v3"},"timestamp":"2026-10-06 01:02:20,844+0530","service":"FyersAPIRequest","taskName":"Task-39"}
{"level":"DEBUG","location":"[get_call:168] fyersModel","message":{"Status Code":200,"API":"/quotes"},"timestamp":"2026-10-06 01:02:21,174+0530","service":"FyersAPIRequest"}
{"level":"DEBUG","location":"[get_call:168] fyersModel","message":{"Status Code":200,"API":"/options-chain-v3"},"timestamp":"2026-10-06 01:02:21,198+0530","service":"FyersAPIRequest"}
{"level":"DEBUG","location":"[get_call:168] fyersModel","message":{"Status Code":200,"API":"/quotes"},"timestamp":"2026-10-06 01:02:21,452+0530","service":"FyersAPIRequest","taskName":"Task-429"}
{"level":"DEBUG","location":"[get_call:168] fyersModel","message":{"Status Code":200,"API":"/options-chain-v3"},"timestamp":"2026-10-06 01:02:21,483+0530","service":"FyersAPIRequest","taskName":"Task-429"}
{"level":"DEBUG","location":"[get_call:168] fyersModel","message":{"Status Code":200,"API":"/quotes"},"timestamp":"2026-10-06 01:02:22,957+0530","service":"FyersAPIRequest","taskName":"Task-39"}
{"level":"DEBUG","location":"[get_call:168] fyersModel","message":{"Status Code":200,"API":"/options-chain-v3"},"timestamp":"2026-10-06 01:02:22,992+0530","service":"FyersAPIRequest","taskName":"Task-39"}
{"level":"DEBUG","location":"[get_call:168] fyersModel","message":{"Status Code":200,"API":"/quotes"},"timestamp":"2026-10-06 01:02:25,055+0530","service":"FyersAPIRequest","taskName":"Task-39"}
{"level":"DEBUG","location":"[get_call:168] fyersModel","message":{"Status Code":200,"API":"/options-chain-v3"},"timestamp":"2026-10-06 01:02:25,080+0530","service":"FyersAPIRequest","taskName":"Task-39"}
{"level":"DEBUG","location":"[get_call:168] fyersModel","message":{"Status Code":200,"API":"/quotes"},"timestamp":"2026-10-06 01:02:25,239+0530","service":"FyersAPIRequest"}
{"level":"DEBUG","location":"[get_call:168] fyersModel","message":{"Status Code":200,"API":"/options-chain-v3"},"timestamp":"2026-10-06 01:02:25,267+0530","service":"FyersAPIRequest"}
{"level":"DEBUG","location":"[get_call:168] fyersModel","message":{"Status Code":200,"API":"/quotes"},"timestamp":"2026-10-06 01:02:27,128+0530","service":"FyersAPIRequest","taskName":"Task-39"}
{"level":"DEBUG","location":"[get_call:168] fyersModel","message":{"Status Code":200,"API":"/options-chain-v3"},"timestamp":"2026-10-06 01:02:27,155+0530","service":"FyersAPIRequest","taskName":"Task-39"}
{"level":"DEBUG","location":"[get_call:168] fyersModel","message":{"Status Code":200,"API":"/quotes"},"timestamp":"2026-10-06 01:02:29,209+0530","service":"FyersAPIRequest","taskName":"Task-39"}
{"level":"DEBUG","location":"[get_call:168] fyersModel","message":{"Status Code":200,"API":"/options-chain-v3"},"timestamp":"2026-10-06 01:02:29,237+0530","service":"FyersAPIRequest","taskName":"Task-39"}
{"level":"DEBUG","location":"[get_call:168] fyersModel","message":{"Status Code":200,"API":"/quotes"},"timestamp":"2026-10-06 01:02:29,307+0530","service":"FyersAPIRequest"}
{"level":"DEBUG","location":"[get_call:168] fyersModel","message":{"Status Code":200,"API":"/options-chain-v3"},"timestamp":"2026-10-06 01:02:29,332+0530","service":"FyersAPIRequest"}
{"level":"DEBUG","location":"[get_call:168] fyersModel","message":{"Status Code":200,"API":"/quotes"},"timestamp":"2026-10-06 01:02:31,280+0530","service":"FyersAPIRequest","taskName":"Task-39"}
{"level":"DEBUG","location":"[get_call:168] fyersModel","message":{"Status Code":200,"API":"/options-chain-v3"},"timestamp":"2026-10-06 01:02:31,310+0530","service":"FyersAPIRequest","taskName":"Task-39"}
{"level":"DEBUG","location":"[get_call:168] fyersModel","message":{"Status Code":200,"API":"/quotes"},"timestamp":"2026-10-06 01:02:33,374+0530","service":"FyersAPIRequest"}
{"level":"DEBUG","location":"[get_call:168] fyersModel","message":{"Status Code":200,"API":"/options-chain-v3"},"timestamp":"2026-10-06 01:02:33,413+0530","service":"FyersAPIRequest"}
{"level":"DEBUG","location":"[get_call:168] fyersModel","message":{"Status Code":200,"API":"/quotes"},"timestamp":"2026-10-06 01:02:34,392+0530","service":"FyersAPIRequest","taskName":"Task-39"}
{"level":"DEBUG","location":"[get_call:168] fyersModel","message":{"Status Code":200,"API":"/options-chain-v3"},"timestamp":"2026-10-06 01:02:34,428+0530","service":"FyersAPIRequest","taskName":"Task-39"}
{"level":"DEBUG","location":"[get_call:168] fyersModel","message":{"Status Code":200,"API":"/quotes"},"timestamp":"2026-10-06 01:02:36,488+0530","service":"FyersAPIRequest","taskName":"Task-39"}
{"level":"DEBUG","location":"[get_call:168] fyersModel","message":{"Status Code":200,"API":"/options-chain-v3"},"timestamp":"2026-10-06 01:02:36,516+0530","service":"FyersAPIRequest","taskName":"Task-39"}
{"level":"DEBUG","location":"[get_call:168] fyersModel","message":{"Status Code":200,"API":"/quotes"},"timestamp":"2026-10-06 01:02:37,607+0530","service":"FyersAPIRequest"}
{"level":"DEBUG","location":"[get_call:168] fyersModel","message":{"Status Code":200,"API":"/options-chain-v3"},"timestamp":"2026-10-06 01:02:37,638+0530","service":"FyersAPIRequest"}
{"level":"DEBUG","location":"[get_call:168] fyersModel","message":{"Status Code":200,"API":"/profile"},"timestamp":"2026-10-06 01:02:39,239+0530","service":"FyersAPIRequest","taskName":"Task-39"}
{"level":"DEBUG","location":"[get_call:168] fyersModel","message":{"Status Code":200,"API":"/quotes"},"timestamp":"2026-10-06 01:02:39,265+0530","service":"FyersAPIRequest","taskName":"Task-39"}
{"level":"DEBUG","location":"[get_call:168] fyersModel","message":{"Status Code":200,"API":"/options-chain-v3"},"timestamp":"2026-10-06 01:02:39,300+0530","service":"FyersAPIRequest","taskName":"Task-39"}
{"level":"DEBUG","location":"[get_call:168] fyersModel","message":{"Status Code":200,"API":"/quotes"},"timestamp":"2026-10-06 01:02:41,348+0530","service":"FyersAPIRequest","taskName":"Task-39"}
{"level":"DEBUG","location":"[get_call:168] fyersModel","message":{"Status Code":200,"API":"/options-chain-v3"},"timestamp":"2026-10-06 01:02:41,378+0530","service":"FyersAPIRequest","taskName":"Task-39"}
{"level":"DEBUG","location":"[get_call:168] fyersModel","message":{"Status Code":200,"API":"/quotes"},"timestamp":"2026-10-06 01:02:41,678+0530","service":"FyersAPIRequest"}
{"level":"DEBUG","location":"[get_call:168] fyersModel","message":{"Status Code":200,"API":"/options-chain-v3"},"timestamp":"2026-10-06 01:02:41,714+0530","service":"FyersAPIRequest"}
{"level":"DEBUG","location":"[get_call:168] fyersModel","message":{"Status Code":200,"API":"/quotes"},"timestamp":"2026-10-06 01:02:43,447+0530","service":"FyersAPIRequest","taskName":"Task-39"}
{"level":"DEBUG","location":"[get_call:168] fyersModel","message":{"Status Code":200,"API":"/options-chain-v3"},"timestamp":"2026-10-06 01:02:43,476+0530","service":"FyersAPIRequest","taskName":"Task-39"}
{"level":"DEBUG","location":"[get_call:168] fyersModel","message":{"Status Code":200,"API":"/quotes"},"timestamp":"2026-10-06 01:02:45,546+0530","service":"FyersAPIRequest","taskName":"Task-39"}
{"level":"DEBUG","location":"[get_call:168] fyersModel","message":{"Status Code":200,"API":"/options-chain-v3"},"timestamp":"2026-10-06 01:02:45,574+0530","service":"FyersAPIRequest","taskName":"Task-39"}
{"level":"DEBUG","location":"[get_call:168] fyersModel","message":{"Status Code":200,"API":"/quotes"},"timestamp":"2026-10-06 01:02:45,763+0530","service":"FyersAPIRequest"}
{"level":"DEBUG","location":"[get_call:168] fyersModel","message":{"Status Code":200,"API":"/options-chain-v3"},"timestamp":"2026-10-06 01:02:45,796+0530","service":"FyersAPIRequest"}
{"level":"DEBUG","location":"[get_call:168] fyersModel","message":{"Status Code":200,"API":"/quotes"},"timestamp":"2026-10-06 01:02:47,654+0530","service":"FyersAPIRequest","taskName":"Task-39"}
{"level":"DEBUG","location":"[get_call:168] fyersModel","message":{"Status Code":200,"API":"/options-chain-v3"},"timestamp":"2026-10-06 01:02:47,694+0530","service":"FyersAPIRequest","taskName":"Task-39"}
{"level":"DEBUG","location":"[get_call:168] fyersModel","message":{"Status Code":200,"API":"/quotes"},"timestamp":"2026-10-06 01:02:49,758+0530","service":"FyersAPIRequest","taskName":"Task-39"}
{"level":"DEBUG","location":"[get_call:168] fyersModel","message":{"Status Code":200,"API":"/options-chain-v3"},"timestamp":"2026-10-06 01:02:49,791+0530","service":"FyersAPIRequest","taskName":"Task-39"}
{"level":"DEBUG","location":"[get_call:168] fyersModel","message":{"Status Code":200,"API":"/quotes"},"timestamp":"2026-10-06 01:02:49,841+0530","service":"FyersAPIRequest"}
{"level":"DEBUG","location":"[get_call:168] fyersModel","message":{"Status Code":200,"API":"/options-chain-v3"},"timestamp":"2026-10-06 01:02:49,874+0530","service":"FyersAPIRequest"}
{"level":"DEBUG","location":"[get_call:168] fyersModel","message":{"Status Code":200,"API":"/quotes"},"timestamp":"2026-10-06 01:02:51,855+0530","service":"FyersAPIRequest","taskName":"Task-39"}
{"level":"DEBUG","location":"[get_call:168] fyersModel","message":{"Status Code":200,"API":"/options-chain-v3"},"timestamp":"2026-10-06 01:02:51,887+0530","service":"FyersAPIRequest","taskName":"Task-39"}
{"level":"DEBUG","location":"[get_call:168] fyersModel","message":{"Status Code":200,"API":"/quotes"},"timestamp":"2026-10-06 01:02:53,917+0530","service":"FyersAPIRequest"}
{"level":"DEBUG","location":"[get_call:168] fyersModel","message":{"Status Code":200,"API":"/options-chain-v3"},"timestamp":"2026-10-06 01:02:53,951+0530","service":"FyersAPIRequest"}
{"level":"DEBUG","location":"[get_call:168] fyersModel","message":{"Status Code":200,"API":"/quotes"},"timestamp":"2026-10-06 01:02:54,890+0530","service":"FyersAPIRequest","taskName":"Task-39"}
{"level":"DEBUG","location":"[get_call:168] fyersModel","message":{"Status Code":200,"API":"/options-chain-v3"},"timestamp":"2026-10-06 01:02:54,960+0530","service":"FyersAPIRequest","taskName":"Task-39"}
{"level":"DEBUG","location":"[get_call:168] fyersModel","message":{"Status Code":200,"API":"/quotes"},"timestamp":"2026-10-06 01:02:57,015+0530","service":"FyersAPIRequest","taskName":"Task-39"}
{"level":"DEBUG","location":"[get_call:168] fyersModel","message":{"Status Code":200,"API":"/options-chain-v3"},"timestamp":"2026-10-06 01:02:57,046+0530","service":"FyersAPIRequest","taskName":"Task-39"}
{"level":"DEBUG","location":"[get_call:168] fyersModel","message":{"Status Code":200,"API":"/quotes"},"timestamp":"2026-10-06 01:02:58,005+0530","service":"FyersAPIRequest"}
{"level":"DEBUG","location":"[get_call:168] fyersModel","message":{"Status Code":200,"API":"/options-chain-v3"},"timestamp":"2026-10-06 01:02:58,039+0530","service":"FyersAPIRequest"}
{"level":"DEBUG","location":"[get_call:168] fyersModel","message":{"Status Code":200,"API":"/quotes"},"timestamp":"2026-10-06 01:02:59,090+0530","service":"FyersAPIRequest","taskName":"Task-39"}
{"level":"DEBUG","location":"[get_call:168] fyersModel","message":{"Status Code":200,"API":"/options-chain-v3"},"timestamp":"2026-10-06 01:02:59,119+0530","service":"FyersAPIRequest","taskName":"Task-39"}
{"level":"DEBUG","location":"[get_call:168] fyersModel","message":{"Status Code":200,"API":"/quotes"},"timestamp":"2026-10-06 01:03:01,177+0530","service":"FyersAPIRequest","taskName":"Task-39"}
{"level":"DEBUG","location":"[get_call:168] fyersModel","message":{"Status Code":200,"API":"/options-chain-v3"},"timestamp":"2026-10-06 01:03:01,209+0530","service":"FyersAPIRequest","taskName":"Task-39"}
{"level":"DEBUG","location":"[get_call:168] fyersModel","message":{"Status Code":200,"API":"/quotes"},"timestamp":"2026-10-06 01:03:02,107+0530","service":"FyersAPIRequest"}
{"level":"DEBUG","location":"[get_call:168] fyersModel","message":{"Status Code":200,"API":"/options-chain-v3"},"timestamp":"2026-10-06 01:03:02,138+0530","service":"FyersAPIRequest"}
{"level":"DEBUG","location":"[get_call:168] fyersModel","message":{"Status Code":200,"API":"/quotes"},"timestamp":"2026-10-06 01:03:03,281+0530","service":"FyersAPIRequest","taskName":"Task-39"}
{"level":"DEBUG","location":"[get_call:168] fyersModel","message":{"Status Code":200,"API":"/options-chain-v3"},"timestamp":"2026-10-06 01:03:03,326+0530","service":"FyersAPIRequest","taskName":"Task-39"}
{"level":"DEBUG","location":"[get_call:168] fyersModel","message":{"Status Code":200,"API":"/quotes"},"timestamp":"2026-10-06 01:03:05,394+0530","service":"FyersAPIRequest","taskName":"Task-39"}
{"level":"DEBUG","location":"[get_call:168] fyersModel","message":{"Status Code":200,"API":"/options-chain-v3"},"timestamp":"2026-10-06 01:03:05,429+0530","service":"FyersAPIRequest","taskName":"Task-39"}
{"level":"DEBUG","location":"[get_call:168] fyersModel","message":{"Status Code":200,"API":"/quotes"},"timestamp":"2026-10-06 01:03:06,369+0530","service":"FyersAPIRequest"}
{"level":"DEBUG","location":"[get_call:168] fyersModel","message":{"Status Code":200,"API":"/options-chain-v3"},"timestamp":"2026-10-06 01:03:06,429+0530","service":"FyersAPIRequest"}
{"level":"DEBUG","location":"[get_call:168] fyersModel","message":{"Status Code":200,"API":"/quotes"},"timestamp":"2026-10-06 01:03:07,535+0530","service":"FyersAPIRequest","taskName":"Task-39"}
{"level":"DEBUG","location":"[get_call:168] fyersModel","message":{"Status Code":200,"API":"/options-chain-v3"},"timestamp":"2026-10-06 01:03:07,569+0530","service":"FyersAPIRequest","taskName":"Task-39"}
{"level":"DEBUG","location":"[get_call:168] fyersModel","message":{"Status Code":200,"API":"/profile"},"timestamp":"2026-10-06 01:03:10,396+0530","service":"FyersAPIRequest","taskName":"Task-39"}
{"level":"DEBUG","location":"[get_call:168] fyersModel","message":{"Status Code":200,"API":"/quotes"},"timestamp":"2026-10-06 01:03:10,420+0530","service":"FyersAPIRequest","taskName":"Task-39"}
{"level":"DEBUG","location":"[get_call:168] fyersModel","message":{"Status Code":200,"API":"/options-chain-v3"},"timestamp":"2026-10-06 01:03:10,457+0530","service":"FyersAPIRequest","taskName":"Task-39"}
{"level":"DEBUG","location":"[get_call:168] fyersModel","message":{"Status Code":200,"API":"/quotes"},"timestamp":"2026-10-06 01:03:10,507+0530","service":"FyersAPIRequest"}
{"level":"DEBUG","location":"[get_call:168] fyersModel","message":{"Status Code":200,"API":"/options-chain-v3"},"timestamp":"2026-10-06 01:03:10,541+0530","service":"FyersAPIRequest"}
{"level":"DEBUG","location":"[get_call:168] fyersModel","message":{"Status Code":200,"API":"/quotes"},"timestamp":"2026-10-06 01:03:12,519+0530","service":"FyersAPIRequest","taskName":"Task-39"}
{"level":"DEBUG","location":"[get_call:168] fyersModel","message":{"Status Code":200,"API":"/options-chain-v3"},"timestamp":"2026-10-06 01:03:12,550+0530","service":"FyersAPIRequest","taskName":"Task-39"}
{"level":"DEBUG","location":"[get_call:168] fyersModel","message":{"Status Code":200,"API":"/quotes"},"timestamp":"2026-10-06 01:03:14,594+0530","service":"FyersAPIRequest"}
{"level":"DEBUG","location":"[get_call:168] fyersModel","message":{"Status Code":200,"API":"/options-chain-v3"},"timestamp":"2026-10-06 01:03:14,640+0530","service":"FyersAPIRequest"}
{"level":"DEBUG","location":"[get_call:168] fyersModel","message":{"Status Code":200,"API":"/quotes"},"timestamp":"2026-10-06 01:03:15,843+0530","service":"FyersAPIRequest","taskName":"Task-39"}
{"level":"DEBUG","location":"[get_call:168] fyersModel","message":{"Status Code":200,"API":"/options-chain-v3"},"timestamp":"2026-10-06 01:03:15,870+0530","service":"FyersAPIRequest","taskName":"Task-39"}
{"level":"DEBUG","location":"[get_call:168] fyersModel","message":{"Status Code":200,"API":"/quotes"},"timestamp":"2026-10-06 01:03:18,237+0530","service":"FyersAPIRequest","taskName":"Task-39"}
{"level":"DEBUG","location":"[get_call:168] fyersModel","message":{"Status Code":200,"API":"/options-chain-v3"},"timestamp":"2026-10-06 01:03:18,269+0530","service":"FyersAPIRequest","taskName":"Task-39"}
{"level":"DEBUG","location":"[get_call:168] fyersModel","message":{"Status Code":200,"API":"/quotes"},"timestamp":"2026-10-06 01:03:18,707+0530","service":"FyersAPIRequest"}
{"level":"DEBUG","location":"[get_call:168] fyersModel","message":{"Status Code":200,"API":"/options-chain-v3"},"timestamp":"2026-10-06 01:03:18,970+0530","service":"FyersAPIRequest"}
{"level":"DEBUG","location":"[get_call:168] fyersModel","message":{"Status Code":200,"API":"/quotes"},"timestamp":"2026-10-06 01:03:20,360+0530","service":"FyersAPIRequest","taskName":"Task-39"}
{"level":"DEBUG","location":"[get_call:168] fyersModel","message":{"Status Code":200,"API":"/options-chain-v3"},"timestamp":"2026-10-06 01:03:20,391+0530","service":"FyersAPIRequest","taskName":"Task-39"}
{"level":"DEBUG","location":"[get_call:168] fyersModel","message":{"Status Code":200,"API":"/quotes"},"timestamp":"2026-10-06 01:03:22,486+0530","service":"FyersAPIRequest","taskName":"Task-433"}
{"level":"DEBUG","location":"[get_call:168] fyersModel","message":{"Status Code":200,"API":"/options-chain-v3"},"timestamp":"2026-10-06 01:03:22,555+0530","service":"FyersAPIRequest","taskName":"Task-433"}
{"level":"DEBUG","location":"[get_call:168] fyersModel","message":{"Status Code":200,"API":"/quotes"},"timestamp":"2026-10-06 01:03:22,645+0530","service":"FyersAPIRequest","taskName":"Task-39"}
{"level":"DEBUG","location":"[get_call:168] fyersModel","message":{"Status Code":200,"API":"/options-chain-v3"},"timestamp":"2026-10-06 01:03:22,686+0530","service":"FyersAPIRequest","taskName":"Task-39"}
{"level":"DEBUG","location":"[get_call:168] fyersModel","message":{"Status Code":200,"API":"/quotes"},"timestamp":"2026-10-06 01:03:23,009+0530","service":"FyersAPIRequest"}
{"level":"DEBUG","location":"[get_call:168] fyersModel","message":{"Status Code":200,"API":"/options-chain-v3"},"timestamp":"2026-10-06 01:03:23,041+0530","service":"FyersAPIRequest"}
{"level":"DEBUG","location":"[get_call:168] fyersModel","message":{"Status Code":200,"API":"/quotes"},"timestamp":"2026-10-06 01:03:24,772+0530","service":"FyersAPIRequest","taskName":"Task-39"}
{"level":"DEBUG","location":"[get_call:168] fyersModel","message":{"Status Code":200,"API":"/options-chain-v3"},"timestamp":"2026-10-06 01:03:24,821+0530","service":"FyersAPIRequest","taskName":"Task-39"}
{"level":"DEBUG","location":"[get_call:168] fyersModel","message":{"Status Code":200,"API":"/quotes"},"timestamp":"2026-10-06 01:03:26,890+0530","service":"FyersAPIRequest","taskName":"Task-39"}
{"level":"DEBUG","location":"[get_call:168] fyersModel","message":{"Status Code":200,"API":"/options-chain-v3"},"timestamp":"2026-10-06 01:03:26,915+0530","service":"FyersAPIRequest","taskName":"Task-39"}
{"level":"DEBUG","location":"[get_call:168] fyersModel","message":{"Status Code":200,"API":"/quotes"},"timestamp":"2026-10-06 01:03:27,092+0530","service":"FyersAPIRequest"}
{"level":"DEBUG","location":"[get_call:168] fyersModel","message":{"Status Code":200,"API":"/options-chain-v3"},"timestamp":"2026-10-06 01:03:27,121+0530","service":"FyersAPIRequest"}
{"level":"DEBUG","location":"[get_call:168] fyersModel","message":{"Status Code":200,"API":"/quotes"},"timestamp":"2026-10-06 01:03:28,952+0530","service":"FyersAPIRequest","taskName":"Task-39"}
{"level":"DEBUG","location":"[get_call:168] fyersModel","message":{"Status Code":200,"API":"/options-chain-v3"},"timestamp":"2026-10-06 01:03:28,984+0530","service":"FyersAPIRequest","taskName":"Task-39"}
{"level":"DEBUG","location":"[get_call:168] fyersModel","message":{"Status Code":200,"API":"/quotes"},"timestamp":"2026-10-06 01:03:31,320+0530","service":"FyersAPIRequest","taskName":"Task-39"}
{"level":"DEBUG","location":"[get_call:168] fyersModel","message":{"Status Code":200,"API":"/quotes"},"timestamp":"2026-10-06 01:03:31,331+0530","service":"FyersAPIRequest"}
{"level":"DEBUG","location":"[get_call:168] fyersModel","message":{"Status Code":200,"API":"/options-chain-v3"},"timestamp":"2026-10-06 01:03:31,369+0530","service":"FyersAPIRequest","taskName":"Task-39"}
{"level":"DEBUG","location":"[get_call:168] fyersModel","message":{"Status Code":200,"API":"/options-chain-v3"},"timestamp":"2026-10-06 01:03:31,389+0530","service":"FyersAPIRequest"}
{"level":"DEBUG","location":"[get_call:168] fyersModel","message":{"Status Code":200,"API":"/quotes"},"timestamp":"2026-10-06 01:03:33,455+0530","service":"FyersAPIRequest","taskName":"Task-39"}
{"level":"DEBUG","location":"[get_call:168] fyersModel","message":{"Status Code":200,"API":"/options-chain-v3"},"timestamp":"2026-10-06 01:03:33,838+0530","service":"FyersAPIRequest","taskName":"Task-39"}
{"level":"DEBUG","location":"[get_call:168] fyersModel","message":{"Status Code":200,"API":"/quotes"},"timestamp":"2026-10-06 01:03:35,429+0530","service":"FyersAPIRequest"}
{"level":"DEBUG","location":"[get_call:168] fyersModel","message":{"Status Code":200,"API":"/options-chain-v3"},"timestamp":"2026-10-06 01:03:35,540+0530","service":"FyersAPIRequest"}
{"level":"DEBUG","location":"[get_call:168] fyersModel","message":{"Status Code":200,"API":"/quotes"},"timestamp":"2026-10-06 01:03:36,292+0530","service":"FyersAPIRequest","taskName":"Task-39"}
{"level":"DEBUG","location":"[get_call:168] fyersModel","message":{"Status Code":200,"API":"/options-chain-v3"},"timestamp":"2026-10-06 01:03:36,364+0530","service":"FyersAPIRequest","taskName":"Task-39"}
{"level":"DEBUG","location":"[get_call:168] fyersModel","message":{"Status Code":200,"API":"/quotes"},"timestamp":"2026-10-06 01:03:38,424+0530","service":"FyersAPIRequest","taskName":"Task-39"}
{"level":"DEBUG","location":"[get_call:168] fyersModel","message":{"Status Code":200,"API":"/options-chain-v3"},"timestamp":"2026-10-06 01:03:38,459+0530","service":"FyersAPIRequest","taskName":"Task-39"}
{"level":"DEBUG","location":"[get_call:168] fyersModel","message":{"Status Code":200,"API":"/profile"},"timestamp":"2026-10-06 01:03:40,632+0530","service":"FyersAPIRequest"}
{"level":"DEBUG","location":"[get_call:168] fyersModel","message":{"Status Code":200,"API":"/quotes"},"timestamp":"2026-10-06 01:03:40,654+0530","service":"FyersAPIRequest"}
{"level":"DEBUG","location":"[get_call:168] fyersModel","message":{"Status Code":200,"API":"/options-chain-v3"},"timestamp":"2026-10-06 01:03:40,696+0530","service":"FyersAPIRequest"}
{"level":"DEBUG","location":"[get_call:168] fyersModel","message":{"Status Code":200,"API":"/profile"},"timestamp":"2026-10-06 01:03:41,169+0530","service":"FyersAPIRequest","taskName":"Task-39"}
{"level":"DEBUG","location":"[get_call:168] fyersModel","message":{"Status Code":200,"API":"/quotes"},"timestamp":"2026-10-06 01:03:41,198+0530","service":"FyersAPIRequest","taskName":"Task-39"}
{"level":"DEBUG","location":"[get_call:168] fyersModel","message":{"Status Code":200,"API":"/options-chain-v3"},"timestamp":"2026-10-06 01:03:41,229+0530","service":"FyersAPIRequest","taskName":"Task-39"}
{"level":"DEBUG","location":"[get_call:168] fyersModel","message":{"Status Code":200,"API":"/quotes"},"timestamp":"2026-10-06 01:03:43,296+0530","service":"FyersAPIRequest","taskName":"Task-39"}
{"level":"DEBUG","location":"[get_call:168] fyersModel","message":{"Status Code":200,"API":"/options-chain-v3"},"timestamp":"2026-10-06 01:03:43,329+0530","service":"FyersAPIRequest","taskName":"Task-39"}
{"level":"DEBUG","location":"[get_call:168] fyersModel","message":{"Status Code":200,"API":"/quotes"},"timestamp":"2026-10-06 01:03:44,740+0530","service":"FyersAPIRequest"}
{"level":"DEBUG","location":"[get_call:168] fyersModel","message":{"Status Code":200,"API":"/options-chain-v3"},"timestamp":"2026-10-06 01:03:44,774+0530","service":"FyersAPIRequest"}
{"level":"DEBUG","location":"[get_call:168] fyersModel","message":{"Status Code":200,"API":"/quotes"},"timestamp":"2026-10-06 01:03:45,387+0530","service":"FyersAPIRequest","taskName":"Task-39"}
{"level":"DEBUG","location":"[get_call:168] fyersModel","message":{"Status Code":200,"API":"/options-chain-v3"},"timestamp":"2026-10-06 01:03:45,417+0530","service":"FyersAPIRequest","taskName":"Task-39"}
{"level":"DEBUG","location":"[get_call:168] fyersModel","message":{"Status Code":200,"API":"/quotes"},"timestamp":"2026-10-06 01:03:47,737+0530","service":"FyersAPIRequest","taskName":"Task-39"}
{"level":"DEBUG","location":"[get_call:168] fyersModel","message":{"Status Code":200,"API":"/options-chain-v3"},"timestamp":"2026-10-06 01:03:47,763+0530","service":"FyersAPIRequest","taskName":"Task-39"}
{"level":"DEBUG","location":"[get_call:168] fyersModel","message":{"Status Code":200,"API":"/quotes"},"timestamp":"2026-10-06 01:03:48,810+0530","service":"FyersAPIRequest"}
{"level":"DEBUG","location":"[get_call:168] fyersModel","message":{"Status Code":200,"API":"/options-chain-v3"},"timestamp":"2026-10-06 01:03:48,846+0530","service":"FyersAPIRequest"}
{"level":"DEBUG","location":"[get_call:168] fyersModel","message":{"Status Code":200,"API":"/quotes"},"timestamp":"2026-10-06 01:03:49,806+0530","service":"FyersAPIRequest","taskName":"Task-39"}
{"level":"DEBUG","location":"[get_call:168] fyersModel","message":{"Status Code":200,"API":"/options-chain-v3"},"timestamp":"2026-10-06 01:03:49,833+0530","service":"FyersAPIRequest","taskName":"Task-39"}
{"level":"DEBUG","location":"[get_call:168] fyersModel","message":{"Status Code":200,"API":"/quotes"},"timestamp":"2026-10-06 01:03:51,873+0530","service":"FyersAPIRequest","taskName":"Task-39"}
{"level":"DEBUG","location":"[get_call:168] fyersModel","message":{"Status Code":200,"API":"/options-chain-v3"},"timestamp":"2026-10-06 01:03:51,902+0530","service":"FyersAPIRequest","taskName":"Task-39"}
{"level":"DEBUG","location":"[get_call:168] fyersModel","message":{"Status Code":200,"API":"/quotes"},"timestamp":"2026-10-06 01:03:52,890+0530","service":"FyersAPIRequest"}
{"level":"DEBUG","location":"[get_call:168] fyersModel","message":{"Status Code":200,"API":"/options-chain-v3"},"timestamp":"2026-10-06 01:03:52,918+0530","service":"FyersAPIRequest"}
{"level":"DEBUG","location":"[get_call:168] fyersModel","message":{"Status Code":200,"API":"/quotes"},"timestamp":"2026-10-06 01:03:53,968+0530","service":"FyersAPIRequest","taskName":"Task-39"}
{"level":"DEBUG","location":"[get_call:168] fyersModel","message":{"Status Code":200,"API":"/options-chain-v3"},"timestamp":"2026-10-06 01:03:54,001+0530","service":"FyersAPIRequest","taskName":"Task-39"}
{"level":"DEBUG","location":"[get_call:168] fyersModel","message":{"Status Code":200,"API":"/quotes"},"timestamp":"2026-10-06 01:03:56,066+0530","service":"FyersAPIRequest","taskName":"Task-39"}
{"level":"DEBUG","location":"[get_call:168] fyersModel","message":{"Status Code":200,"API":"/options-chain-v3"},"timestamp":"2026-10-06 01:03:56,096+0530","service":"FyersAPIRequest","taskName":"Task-39"}
{"level":"DEBUG","location":"[get_call:168] fyersModel","message":{"Status Code":200,"API":"/quotes"},"timestamp":"2026-10-06 01:03:56,965+0530","service":"FyersAPIRequest"}
{"level":"DEBUG","location":"[get_call:168] fyersModel","message":{"Status Code":200,"API":"/options-chain-v3"},"timestamp":"2026-10-06 01:03:56,996+0530","service":"FyersAPIRequest"}
{"level":"DEBUG","location":"[get_call:168] fyersModel","message":{"Status Code":200,"API":"/quotes"},"timestamp":"2026-10-06 01:03:58,152+0530","service":"FyersAPIRequest","taskName":"Task-39"}
{"level":"DEBUG","location":"[get_call:168] fyersModel","message":{"Status Code":200,"API":"/options-chain-v3"},"timestamp":"2026-10-06 01:03:58,183+0530","service":"FyersAPIRequest","taskName":"Task-39"}
{"level":"DEBUG","location":"[get_call:168] fyersModel","message":{"Status Code":200,"API":"/quotes"},"timestamp":"2026-10-06 01:04:00,262+0530","service":"FyersAPIRequest","taskName":"Task-39"}
{"level":"DEBUG","location":"[get_call:168] fyersModel","message":{"Status Code":200,"API":"/options-chain-v3"},"timestamp":"2026-10-06 01:04:00,295+0530","service":"FyersAPIRequest","taskName":"Task-39"}
{"level":"DEBUG","location":"[get_call:168] fyersModel","message":{"Status Code":200,"API":"/quotes"},"timestamp":"2026-10-06 01:04:01,033+0530","service":"FyersAPIRequest"}
{"level":"DEBUG","location":"[get_call:168] fyersModel","message":{"Status Code":200,"API":"/options-chain-v3"},"timestamp":"2026-10-06 01:04:01,063+0530","service":"FyersAPIRequest"}
{"level":"DEBUG","location":"[get_call:168] fyersModel","message":{"Status Code":200,"API":"/quotes"},"timestamp":"2026-10-06 01:04:02,385+0530","service":"FyersAPIRequest","taskName":"Task-39"}
{"level":"DEBUG","location":"[get_call:168] fyersModel","message":{"Status Code":200,"API":"/options-chain-v3"},"timestamp":"2026-10-06 01:04:02,412+0530","service":"FyersAPIRequest","taskName":"Task-39"}
{"level":"DEBUG","location":"[get_call:168] fyersModel","message":{"Status Code":200,"API":"/quotes"},"timestamp":"2026-10-06 01:04:04,462+0530","service":"FyersAPIRequest","taskName":"Task-39"}
{"level":"DEBUG","location":"[get_call:168] fyersModel","message":{"Status Code":200,"API":"/options-chain-v3"},"timestamp":"2026-10-06 01:04:04,493+0530","service":"FyersAPIRequest","taskName":"Task-39"}
{"level":"DEBUG","location":"[get_call:168] fyersModel","message":{"Status Code":200,"API":"/quotes"},"timestamp":"2026-10-06 01:04:05,415+0530","service":"FyersAPIRequest"}
{"level":"DEBUG","location":"[get_call:168] fyersModel","message":{"Status Code":200,"API":"/options-chain-v3"},"timestamp":"2026-10-06 01:04:05,460+0530","service":"FyersAPIRequest"}
{"level":"DEBUG","location":"[get_call:168] fyersModel","message":{"Status Code":200,"API":"/quotes"},"timestamp":"2026-10-06 01:04:06,549+0530","service":"FyersAPIRequest","taskName":"Task-39"}
{"level":"DEBUG","location":"[get_call:168] fyersModel","message":{"Status Code":200,"API":"/options-chain-v3"},"timestamp":"2026-10-06 01:04:06,577+0530","service":"FyersAPIRequest","taskName":"Task-39"}
{"level":"DEBUG","location":"[get_call:168] fyersModel","message":{"Status Code":200,"API":"/quotes"},"timestamp":"2026-10-06 01:04:08,628+0530","service":"FyersAPIRequest","taskName":"Task-39"}
{"level":"DEBUG","location":"[get_call:168] fyersModel","message":{"Status Code":200,"API":"/options-chain-v3"},"timestamp":"2026-10-06 01:04:08,668+0530","service":"FyersAPIRequest","taskName":"Task-39"}
{"level":"DEBUG","location":"[get_call:168] fyersModel","message":{"Status Code":200,"API":"/quotes"},"timestamp":"2026-10-06 01:04:09,501+0530","service":"FyersAPIRequest"}
{"level":"DEBUG","location":"[get_call:168] fyersModel","message":{"Status Code":200,"API":"/options-chain-v3"},"timestamp":"2026-10-06 01:04:09,530+0530","service":"FyersAPIRequest"}
{"level":"DEBUG","location":"[get_call:168] fyersModel","message":{"Status Code":200,"API":"/profile"},"timestamp":"2026-10-06 01:04:11,362+0530","service":"FyersAPIRequest","taskName":"Task-39"}
{"level":"DEBUG","location":"[get_call:168] fyersModel","message":{"Status Code":200,"API":"/quotes"},"timestamp":"2026-10-06 01:04:11,384+0530","service":"FyersAPIRequest","taskName":"Task-39"}
{"level":"DEBUG","location":"[get_call:168] fyersModel","message":{"Status Code":200,"API":"/options-chain-v3"},"timestamp":"2026-10-06 01:04:11,417+0530","service":"FyersAPIRequest","taskName":"Task-39"}
{"level":"DEBUG","location":"[get_call:168] fyersModel","message":{"Status Code":200,"API":"/quotes"},"timestamp":"2026-10-06 01:04:13,486+0530","service":"FyersAPIRequest","taskName":"Task-39"}
{"level":"DEBUG","location":"[get_call:168] fyersModel","message":{"Status Code":200,"API":"/options-chain-v3"},"timestamp":"2026-10-06 01:04:13,516+0530","service":"FyersAPIRequest","taskName":"Task-39"}
{"level":"DEBUG","location":"[get_call:168] fyersModel","message":{"Status Code":200,"API":"/quotes"},"timestamp":"2026-10-06 01:04:13,578+0530","service":"FyersAPIRequest"}
{"level":"DEBUG","location":"[get_call:168] fyersModel","message":{"Status Code":200,"API":"/options-chain-v3"},"timestamp":"2026-10-06 01:04:13,609+0530","service":"FyersAPIRequest"}
{"level":"DEBUG","location":"[get_call:168] fyersModel","message":{"Status Code":200,"API":"/quotes"},"timestamp":"2026-10-06 01:04:15,570+0530","service":"FyersAPIRequest","taskName":"Task-39"}
{"level":"DEBUG","location":"[get_call:168] fyersModel","message":{"Status Code":200,"API":"/options-chain-v3"},"timestamp":"2026-10-06 01:04:15,598+0530","service":"FyersAPIRequest","taskName":"Task-39"}
{"level":"DEBUG","location":"[get_call:168] fyersModel","message":{"Status Code":200,"API":"/quotes"},"timestamp":"2026-10-06 01:04:17,651+0530","service":"FyersAPIRequest","taskName":"Task-39"}
{"level":"DEBUG","location":"[get_call:168] fyersModel","message":{"Status Code":200,"API":"/options-chain-v3"},"timestamp":"2026-10-06 01:04:17,680+0530","service":"FyersAPIRequest","taskName":"Task-39"}
{"level":"DEBUG","location":"[get_call:168] fyersModel","message":{"Status Code":200,"API":"/quotes"},"timestamp":"2026-10-06 01:04:18,308+0530","service":"FyersAPIRequest"}
{"level":"DEBUG","location":"[get_call:168] fyersModel","message":{"Status Code":200,"API":"/options-chain-v3"},"timestamp":"2026-10-06 01:04:18,353+0530","service":"FyersAPIRequest"}
{"level":"DEBUG","location":"[get_call:168] fyersModel","message":{"Status Code":200,"API":"/quotes"},"timestamp":"2026-10-06 01:04:19,707+0530","service":"FyersAPIRequest","taskName":"Task-39"}
{"level":"DEBUG","location":"[get_call:168] fyersModel","message":{"Status Code":200,"API":"/options-chain-v3"},"timestamp":"2026-10-06 01:04:19,737+0530","service":"FyersAPIRequest","taskName":"Task-39"}
{"level":"DEBUG","location":"[get_call:168] fyersModel","message":{"Status Code":200,"API":"/quotes"},"timestamp":"2026-10-06 01:04:21,422+0530","service":"FyersAPIRequest","taskName":"Task-437"}
{"level":"DEBUG","location":"[get_call:168] fyersModel","message":{"Status Code":200,"API":"/options-chain-v3"},"timestamp":"2026-10-06 01:04:21,459+0530","service":"FyersAPIRequest","taskName":"Task-437"}
{"level":"DEBUG","location":"[get_call:168] fyersModel","message":{"Status Code":200,"API":"/quotes"},"timestamp":"2026-10-06 01:04:21,795+0530","service":"FyersAPIRequest","taskName":"Task-39"}
{"level":"DEBUG","location":"[get_call:168] fyersModel","message":{"Status Code":200,"API":"/options-chain-v3"},"timestamp":"2026-10-06 01:04:21,825+0530","service":"FyersAPIRequest","taskName":"Task-39"}
{"level":"DEBUG","location":"[get_call:168] fyersModel","message":{"Status Code":200,"API":"/quotes"},"timestamp":"2026-10-06 01:04:22,397+0530","service":"FyersAPIRequest"}
{"level":"DEBUG","location":"[get_call:168] fyersModel","message":{"Status Code":200,"API":"/options-chain-v3"},"timestamp":"2026-10-06 01:04:22,427+0530","service":"FyersAPIRequest"}
{"level":"DEBUG","location":"[get_call:168] fyersModel","message":{"Status Code":200,"API":"/quotes"},"timestamp":"2026-10-06 01:04:24,209+0530","service":"FyersAPIRequest","taskName":"Task-39"}
{"level":"DEBUG","location":"[get_call:168] fyersModel","message":{"Status Code":200,"API":"/options-chain-v3"},"timestamp":"2026-10-06 01:04:24,256+0530","service":"FyersAPIRequest","taskName":"Task-39"}
{"level":"DEBUG","location":"[get_call:168] fyersModel","message":{"Status Code":200,"API":"/quotes"},"timestamp":"2026-10-06 01:04:26,313+0530","service":"FyersAPIRequest","taskName":"Task-39"}
{"level":"DEBUG","location":"[get_call:168] fyersModel","message":{"Status Code":200,"API":"/options-chain-v3"},"timestamp":"2026-10-06 01:04:26,353+0530","service":"FyersAPIRequest","taskName":"Task-39"}
{"level":"DEBUG","location":"[get_call:168] fyersModel","message":{"Status Code":200,"API":"/quotes"},"timestamp":"2026-10-06 01:04:26,461+0530","service":"FyersAPIRequest"}
{"level":"DEBUG","location":"[get_call:168] fyersModel","message":{"Status Code":200,"API":"/options-chain-v3"},"timestamp":"2026-10-06 01:04:26,494+0530","service":"FyersAPIRequest"}
{"level":"DEBUG","location":"[get_call:168] fyersModel","message":{"Status Code":200,"API":"/quotes"},"timestamp":"2026-10-06 01:04:28,425+0530","service":"FyersAPIRequest","taskName":"Task-39"}
{"level":"DEBUG","location":"[get_call:168] fyersModel","message":{"Status Code":200,"API":"/options-chain-v3"},"timestamp":"2026-10-06 01:04:28,457+0530","service":"FyersAPIRequest","taskName":"Task-39"}
{"level":"DEBUG","location":"[get_call:168] fyersModel","message":{"Status Code":200,"API":"/quotes"},"timestamp":"2026-10-06 01:04:30,517+0530","service":"FyersAPIRequest","taskName":"Task-39"}
{"level":"DEBUG","location":"[get_call:168] fyersModel","message":{"Status Code":200,"API":"/quotes"},"timestamp":"2026-10-06 01:04:30,533+0530","service":"FyersAPIRequest"}
{"level":"DEBUG","location":"[get_call:168] fyersModel","message":{"Status Code":200,"API":"/options-chain-v3"},"timestamp":"2026-10-06 01:04:30,547+0530","service":"FyersAPIRequest","taskName":"Task-39"}
{"level":"DEBUG","location":"[get_call:168] fyersModel","message":{"Status Code":200,"API":"/options-chain-v3"},"timestamp":"2026-10-06 01:04:30,579+0530","service":"FyersAPIRequest"}
{"level":"DEBUG","location":"[get_call:168] fyersModel","message":{"Status Code":200,"API":"/quotes"},"timestamp":"2026-10-06 01:04:32,625+0530","service":"FyersAPIRequest","taskName":"Task-39"}
{"level":"DEBUG","location":"[get_call:168] fyersModel","message":{"Status Code":200,"API":"/options-chain-v3"},"timestamp":"2026-10-06 01:04:33,051+0530","service":"FyersAPIRequest","taskName":"Task-39"}
{"level":"DEBUG","location":"[get_call:168] fyersModel","message":{"Status Code":200,"API":"/quotes"},"timestamp":"2026-10-06 01:04:34,733+0530","service":"FyersAPIRequest"}
{"level":"DEBUG","location":"[get_call:168] fyersModel","message":{"Status Code":200,"API":"/options-chain-v3"},"timestamp":"2026-10-06 01:04:34,774+0530","service":"FyersAPIRequest"}
{"level":"DEBUG","location":"[get_call:168] fyersModel","message":{"Status Code":200,"API":"/quotes"},"timestamp":"2026-10-06 01:04:35,389+0530","service":"FyersAPIRequest","taskName":"Task-39"}
{"level":"DEBUG","location":"[get_call:168] fyersModel","message":{"Status Code":200,"API":"/options-chain-v3"},"timestamp":"2026-10-06 01:04:35,426+0530","service":"FyersAPIRequest","taskName":"Task-39"}
{"level":"DEBUG","location":"[get_call:168] fyersModel","message":{"Status Code":200,"API":"/quotes"},"timestamp":"2026-10-06 01:04:37,457+0530","service":"FyersAPIRequest","taskName":"Task-39"}
{"level":"DEBUG","location":"[get_call:168] fyersModel","message":{"Status Code":200,"API":"/options-chain-v3"},"timestamp":"2026-10-06 01:04:37,484+0530","service":"FyersAPIRequest","taskName":"Task-39"}
{"level":"DEBUG","location":"[get_call:168] fyersModel","message":{"Status Code":200,"API":"/quotes"},"timestamp":"2026-10-06 01:04:38,816+0530","service":"FyersAPIRequest"}
{"level":"DEBUG","location":"[get_call:168] fyersModel","message":{"Status Code":200,"API":"/options-chain-v3"},"timestamp":"2026-10-06 01:04:38,842+0530","service":"FyersAPIRequest"}
{"level":"DEBUG","location":"[get_call:168] fyersModel","message":{"Status Code":200,"API":"/quotes"},"timestamp":"2026-10-06 01:04:39,539+0530","service":"FyersAPIRequest","taskName":"Task-39"}
{"level":"DEBUG","location":"[get_call:168] fyersModel","message":{"Status Code":200,"API":"/options-chain-v3"},"timestamp":"2026-10-06 01:04:39,571+0530","service":"FyersAPIRequest","taskName":"Task-39"}
{"level":"DEBUG","location":"[get_call:168] fyersModel","message":{"Status Code":200,"API":"/profile"},"timestamp":"2026-10-06 01:04:43,065+0530","service":"FyersAPIRequest","taskName":"Task-39"}
{"level":"DEBUG","location":"[get_call:168] fyersModel","message":{"Status Code":200,"API":"/quotes"},"timestamp":"2026-10-06 01:04:43,101+0530","service":"FyersAPIRequest","taskName":"Task-39"}
{"level":"DEBUG","location":"[get_call:168] fyersModel","message":{"Status Code":200,"API":"/options-chain-v3"},"timestamp":"2026-10-06 01:04:43,150+0530","service":"FyersAPIRequest","taskName":"Task-39"}
{"level":"DEBUG","location":"[get_call:168] fyersModel","message":{"Status Code":200,"API":"/profile"},"timestamp":"2026-10-06 01:04:43,964+0530","service":"FyersAPIRequest"}
{"level":"DEBUG","location":"[get_call:168] fyersModel","message":{"Status Code":200,"API":"/quotes"},"timestamp":"2026-10-06 01:04:43,996+0530","service":"FyersAPIRequest"}
{"level":"DEBUG","location":"[get_call:168] fyersModel","message":{"Status Code":200,"API":"/options-chain-v3"},"timestamp":"2026-10-06 01:04:44,025+0530","service":"FyersAPIRequest"}
{"level":"DEBUG","location":"[get_call:168] fyersModel","message":{"Status Code":200,"API":"/quotes"},"timestamp":"2026-10-06 01:04:46,019+0530","service":"FyersAPIRequest","taskName":"Task-39"}
{"level":"DEBUG","location":"[get_call:168] fyersModel","message":{"Status Code":200,"API":"/options-chain-v3"},"timestamp":"2026-10-06 01:04:46,099+0530","service":"FyersAPIRequest","taskName":"Task-39"}
{"level":"DEBUG","location":"[get_call:168] fyersModel","message":{"Status Code":200,"API":"/quotes"},"timestamp":"2026-10-06 01:04:48,071+0530","service":"FyersAPIRequest"}
{"level":"DEBUG","location":"[get_call:168] fyersModel","message":{"Status Code":200,"API":"/options-chain-v3"},"timestamp":"2026-10-06 01:04:48,101+0530","service":"FyersAPIRequest"}
{"level":"DEBUG","location":"[get_call:168] fyersModel","message":{"Status Code":200,"API":"/quotes"},"timestamp":"2026-10-06 01:04:48,472+0530","service":"FyersAPIRequest","taskName":"Task-39"}
{"level":"DEBUG","location":"[get_call:168] fyersModel","message":{"Status Code":200,"API":"/options-chain-v3"},"timestamp":"2026-10-06 01:04:49,428+0530","service":"FyersAPIRequest","taskName":"Task-39"}
{"level":"DEBUG","location":"[get_call:168] fyersModel","message":{"Status Code":200,"API":"/quotes"},"timestamp":"2026-10-06 01:04:51,488+0530","service":"FyersAPIRequest","taskName":"Task-39"}
{"level":"DEBUG","location":"[get_call:168] fyersModel","message":{"Status Code":200,"API":"/options-chain-v3"},"timestamp":"2026-10-06 01:04:51,539+0530","service":"FyersAPIRequest","taskName":"Task-39"}
{"level":"DEBUG","location":"[get_call:168] fyersModel","message":{"Status Code":200,"API":"/quotes"},"timestamp":"2026-10-06 01:04:52,151+0530","service":"FyersAPIRequest"}
{"level":"DEBUG","location":"[get_call:168] fyersModel","message":{"Status Code":200,"API":"/options-chain-v3"},"timestamp":"2026-10-06 01:04:52,179+0530","service":"FyersAPIRequest"}
{"level":"DEBUG","location":"[get_call:168] fyersModel","message":{"Status Code":200,"API":"/quotes"},"timestamp":"2026-10-06 01:04:53,899+0530","service":"FyersAPIRequest","taskName":"Task-39"}
{"level":"DEBUG","location":"[get_call:168] fyersModel","message":{"Status Code":200,"API":"/options-chain-v3"},"timestamp":"2026-10-06 01:04:53,929+0530","service":"FyersAPIRequest","taskName":"Task-39"}
{"level":"DEBUG","location":"[get_call:168] fyersModel","message":{"Status Code":200,"API":"/quotes"},"timestamp":"2026-10-06 01:04:55,981+0530","service":"FyersAPIRequest","taskName":"Task-39"}
{"level":"DEBUG","location":"[get_call:168] fyersModel","message":{"Status Code":200,"API":"/options-chain-v3"},"timestamp":"2026-10-06 01:04:56,015+0530","service":"FyersAPIRequest","taskName":"Task-39"}
{"level":"DEBUG","location":"[get_call:168] fyersModel","message":{"Status Code":200,"API":"/quotes"},"timestamp":"2026-10-06 01:04:56,220+0530","service":"FyersAPIRequest"}
{"level":"DEBUG","location":"[get_call:168] fyersModel","message":{"Status Code":200,"API":"/options-chain-v3"},"timestamp":"2026-10-06 01:04:56,250+0530","service":"FyersAPIRequest"}
{"level":"DEBUG","location":"[get_call:168] fyersModel","message":{"Status Code":200,"API":"/quotes"},"timestamp":"2026-10-06 01:04:58,062+0530","service":"FyersAPIRequest","taskName":"Task-39"}
{"level":"DEBUG","location":"[get_call:168] fyersModel","message":{"Status Code":200,"API":"/options-chain-v3"},"timestamp":"2026-10-06 01:04:58,089+0530","service":"FyersAPIRequest","taskName":"Task-39"}
{"level":"DEBUG","location":"[get_call:168] fyersModel","message":{"Status Code":200,"API":"/quotes"},"timestamp":"2026-10-06 01:05:00,178+0530","service":"FyersAPIRequest","taskName":"Task-39"}
{"level":"DEBUG","location":"[get_call:168] fyersModel","message":{"Status Code":200,"API":"/options-chain-v3"},"timestamp":"2026-10-06 01:05:00,210+0530","service":"FyersAPIRequest","taskName":"Task-39"}
{"level":"DEBUG","location":"[get_call:168] fyersModel","message":{"Status Code":200,"API":"/quotes"},"timestamp":"2026-10-06 01:05:00,310+0530","service":"FyersAPIRequest"}
{"level":"DEBUG","location":"[get_call:168] fyersModel","message":{"Status Code":200,"API":"/options-chain-v3"},"timestamp":"2026-10-06 01:05:00,344+0530","service":"FyersAPIRequest"}
{"level":"DEBUG","location":"[get_call:168] fyersModel","message":{"Status Code":200,"API":"/quotes"},"timestamp":"2026-10-06 01:05:02,256+0530","service":"FyersAPIRequest","taskName":"Task-39"}
{"level":"DEBUG","location":"[get_call:168] fyersModel","message":{"Status Code":200,"API":"/options-chain-v3"},"timestamp":"2026-10-06 01:05:02,285+0530","service":"FyersAPIRequest","taskName":"Task-39"}
{"level":"DEBUG","location":"[get_call:168] fyersModel","message":{"Status Code":200,"API":"/quotes"},"timestamp":"2026-10-06 01:05:04,345+0530","service":"FyersAPIRequest","taskName":"Task-39"}
{"level":"DEBUG","location":"[get_call:168] fyersModel","message":{"Status Code":200,"API":"/options-chain-v3"},"timestamp":"2026-10-06 01:05:04,371+0530","service":"FyersAPIRequest","taskName":"Task-39"}
{"level":"DEBUG","location":"[get_call:168] fyersModel","message":{"Status Code":200,"API":"/quotes"},"timestamp":"2026-10-06 01:05:04,847+0530","service":"FyersAPIRequest"}
{"level":"DEBUG","location":"[get_call:168] fyersModel","message":{"Status Code":200,"API":"/options-chain-v3"},"timestamp":"2026-10-06 01:05:04,886+0530","service":"FyersAPIRequest"}
{"level":"DEBUG","location":"[get_call:168] fyersModel","message":{"Status Code":200,"API":"/quotes"},"timestamp":"2026-10-06 01:05:06,422+0530","service":"FyersAPIRequest","taskName":"Task-39"}
{"level":"DEBUG","location":"[get_call:168] fyersModel","message":{"Status Code":200,"API":"/options-chain-v3"},"timestamp":"2026-10-06 01:05:06,450+0530","service":"FyersAPIRequest","taskName":"Task-39"}
{"level":"DEBUG","location":"[get_call:168] fyersModel","message":{"Status Code":200,"API":"/quotes"},"timestamp":"2026-10-06 01:05:08,503+0530","service":"FyersAPIRequest","taskName":"Task-39"}
{"level":"DEBUG","location":"[get_call:168] fyersModel","message":{"Status Code":200,"API":"/options-chain-v3"},"timestamp":"2026-10-06 01:05:08,531+0530","service":"FyersAPIRequest","taskName":"Task-39"}
{"level":"DEBUG","location":"[get_call:168] fyersModel","message":{"Status Code":200,"API":"/quotes"},"timestamp":"2026-10-06 01:05:08,928+0530","service":"FyersAPIRequest"}
{"level":"DEBUG","location":"[get_call:168] fyersModel","message":{"Status Code":200,"API":"/options-chain-v3"},"timestamp":"2026-10-06 01:05:08,956+0530","service":"FyersAPIRequest"}
{"level":"DEBUG","location":"[get_call:168] fyersModel","message":{"Status Code":200,"API":"/quotes"},"timestamp":"2026-10-06 01:05:10,578+0530","service":"FyersAPIRequest","taskName":"Task-39"}
{"level":"DEBUG","location":"[get_call:168] fyersModel","message":{"Status Code":200,"API":"/options-chain-v3"},"timestamp":"2026-10-06 01:05:10,604+0530","service":"FyersAPIRequest","taskName":"Task-39"}
{"level":"DEBUG","location":"[get_call:168] fyersModel","message":{"Status Code":200,"API":"/quotes"},"timestamp":"2026-10-06 01:05:12,701+0530","service":"FyersAPIRequest","taskName":"Task-39"}
{"level":"DEBUG","location":"[get_call:168] fyersModel","message":{"Status Code":200,"API":"/options-chain-v3"},"timestamp":"2026-10-06 01:05:12,752+0530","service":"FyersAPIRequest","taskName":"Task-39"}
{"level":"DEBUG","location":"[get_call:168] fyersModel","message":{"Status Code":200,"API":"/profile"},"timestamp":"2026-10-06 01:05:13,706+0530","service":"FyersAPIRequest"}
{"level":"DEBUG","location":"[get_call:168] fyersModel","message":{"Status Code":200,"API":"/quotes"},"timestamp":"2026-10-06 01:05:13,723+0530","service":"FyersAPIRequest"}
{"level":"DEBUG","location":"[get_call:168] fyersModel","message":{"Status Code":200,"API":"/options-chain-v3"},"timestamp":"2026-10-06 01:05:13,754+0530","service":"FyersAPIRequest"}
{"level":"DEBUG","location":"[get_call:168] fyersModel","message":{"Status Code":200,"API":"/quotes"},"timestamp":"2026-10-06 01:05:14,817+0530","service":"FyersAPIRequest","taskName":"Task-39"}
{"level":"DEBUG","location":"[get_call:168] fyersModel","message":{"Status Code":200,"API":"/options-chain-v3"},"timestamp":"2026-10-06 01:05:14,849+0530","service":"FyersAPIRequest","taskName":"Task-39"}
{"level":"DEBUG","location":"[get_call:168] fyersModel","message":{"Status Code":200,"API":"/quotes"},"timestamp":"2026-10-06 01:05:16,895+0530","service":"FyersAPIRequest","taskName":"Task-39"}
{"level":"DEBUG","location":"[get_call:168] fyersModel","message":{"Status Code":200,"API":"/options-chain-v3"},"timestamp":"2026-10-06 01:05:16,927+0530","service":"FyersAPIRequest","taskName":"Task-39"}
{"level":"DEBUG","location":"[get_call:168] fyersModel","message":{"Status Code":200,"API":"/quotes"},"timestamp":"2026-10-06 01:05:17,801+0530","service":"FyersAPIRequest"}
{"level":"DEBUG","location":"[get_call:168] fyersModel","message":{"Status Code":200,"API":"/options-chain-v3"},"timestamp":"2026-10-06 01:05:17,828+0530","service":"FyersAPIRequest"}
{"level":"DEBUG","location":"[get_call:168] fyersModel","message":{"Status Code":200,"API":"/quotes"},"timestamp":"2026-10-06 01:05:18,975+0530","service":"FyersAPIRequest","taskName":"Task-39"}
{"level":"DEBUG","location":"[get_call:168] fyersModel","message":{"Status Code":200,"API":"/options-chain-v3"},"timestamp":"2026-10-06 01:05:19,008+0530","service":"FyersAPIRequest","taskName":"Task-39"}
{"level":"DEBUG","location":"[get_call:168] fyersModel","message":{"Status Code":200,"API":"/quotes"},"timestamp":"2026-10-06 01:05:21,050+0530","service":"FyersAPIRequest","taskName":"Task-39"}
{"level":"DEBUG","location":"[get_call:168] fyersModel","message":{"Status Code":200,"API":"/options-chain-v3"},"timestamp":"2026-10-06 01:05:21,079+0530","service":"FyersAPIRequest","taskName":"Task-39"}
{"level":"DEBUG","location":"[get_call:168] fyersModel","message":{"Status Code":200,"API":"/quotes"},"timestamp":"2026-10-06 01:05:21,423+0530","service":"FyersAPIRequest","taskName":"Task-443"}
{"level":"DEBUG","location":"[get_call:168] fyersModel","message":{"Status Code":200,"API":"/options-chain-v3"},"timestamp":"2026-10-06 01:05:21,465+0530","service":"FyersAPIRequest","taskName":"Task-443"}
{"level":"DEBUG","location":"[get_call:168] fyersModel","message":{"Status Code":200,"API":"/quotes"},"timestamp":"2026-10-06 01:05:21,869+0530","service":"FyersAPIRequest"}
{"level":"DEBUG","location":"[get_call:168] fyersModel","message":{"Status Code":200,"API":"/options-chain-v3"},"timestamp":"2026-10-06 01:05:21,901+0530","service":"FyersAPIRequest"}
{"level":"DEBUG","location":"[get_call:168] fyersModel","message":{"Status Code":200,"API":"/quotes"},"timestamp":"2026-10-06 01:05:23,126+0530","service":"FyersAPIRequest","taskName":"Task-39"}
{"level":"DEBUG","location":"[get_call:168] fyersModel","message":{"Status Code":200,"API":"/options-chain-v3"},"timestamp":"2026-10-06 01:05:23,156+0530","service":"FyersAPIRequest","taskName":"Task-39"}
{"level":"DEBUG","location":"[get_call:168] fyersModel","message":{"Status Code":200,"API":"/quotes"},"timestamp":"2026-10-06 01:05:25,206+0530","service":"FyersAPIRequest","taskName":"Task-39"}
{"level":"DEBUG","location":"[get_call:168] fyersModel","message":{"Status Code":200,"API":"/options-chain-v3"},"timestamp":"2026-10-06 01:05:25,231+0530","service":"FyersAPIRequest","taskName":"Task-39"}
{"level":"DEBUG","location":"[get_call:168] fyersModel","message":{"Status Code":200,"API":"/quotes"},"timestamp":"2026-10-06 01:05:25,940+0530","service":"FyersAPIRequest"}
{"level":"DEBUG","location":"[get_call:168] fyersModel","message":{"Status Code":200,"API":"/options-chain-v3"},"timestamp":"2026-10-06 01:05:25,978+0530","service":"FyersAPIRequest"}
{"level":"DEBUG","location":"[get_call:168] fyersModel","message":{"Status Code":200,"API":"/quotes"},"timestamp":"2026-10-06 01:05:27,285+0530","service":"FyersAPIRequest","taskName":"Task-39"}
{"level":"DEBUG","location":"[get_call:168] fyersModel","message":{"Status Code":200,"API":"/options-chain-v3"},"timestamp":"2026-10-06 01:05:27,318+0530","service":"FyersAPIRequest","taskName":"Task-39"}
{"level":"DEBUG","location":"[get_call:168] fyersModel","message":{"Status Code":200,"API":"/quotes"},"timestamp":"2026-10-06 01:05:27,430+0530","service":"FyersAPIRequest","taskName":"Task-447"}
{"level":"DEBUG","location":"[get_call:168] fyersModel","message":{"Status Code":200,"API":"/options-chain-v3"},"timestamp":"2026-10-06 01:05:27,468+0530","service":"FyersAPIRequest","taskName":"Task-447"}
{"level":"DEBUG","location":"[get_call:168] fyersModel","message":{"Status Code":200,"API":"/quotes"},"timestamp":"2026-10-06 01:05:29,750+0530","service":"FyersAPIRequest","taskName":"Task-39"}
{"level":"DEBUG","location":"[get_call:168] fyersModel","message":{"Status Code":200,"API":"/options-chain-v3"},"timestamp":"2026-10-06 01:05:29,792+0530","service":"FyersAPIRequest","taskName":"Task-39"}
{"level":"DEBUG","location":"[get_call:168] fyersModel","message":{"Status Code":200,"API":"/quotes"},"timestamp":"2026-10-06 01:05:30,054+0530","service":"FyersAPIRequest"}
{"level":"DEBUG","location":"[get_call:168] fyersModel","message":{"Status Code":200,"API":"/options-chain-v3"},"timestamp":"2026-10-06 01:05:30,095+0530","service":"FyersAPIRequest"}
{"level":"DEBUG","location":"[get_call:168] fyersModel","message":{"Status Code":200,"API":"/quotes"},"timestamp":"2026-10-06 01:05:31,158+0530","service":"FyersAPIRequest","taskName":"Task-454"}
{"level":"DEBUG","location":"[get_call:168] fyersModel","message":{"Status Code":200,"API":"/options-chain-v3"},"timestamp":"2026-10-06 01:05:31,206+0530","service":"FyersAPIRequest","taskName":"Task-454"}
{"level":"DEBUG","location":"[get_call:168] fyersModel","message":{"Status Code":200,"API":"/quotes"},"timestamp":"2026-10-06 01:05:31,723+0530","service":"FyersAPIRequest","taskName":"Task-459"}
{"level":"DEBUG","location":"[get_call:168] fyersModel","message":{"Status Code":200,"API":"/options-chain-v3"},"timestamp":"2026-10-06 01:05:31,776+0530","service":"FyersAPIRequest","taskName":"Task-459"}
{"level":"DEBUG","location":"[get_call:168] fyersModel","message":{"Status Code":200,"API":"/quotes"},"timestamp":"2026-10-06 01:05:32,375+0530","service":"FyersAPIRequest","taskName":"Task-39"}
{"level":"DEBUG","location":"[get_call:168] fyersModel","message":{"Status Code":200,"API":"/options-chain-v3"},"timestamp":"2026-10-06 01:05:32,427+0530","service":"FyersAPIRequest","taskName":"Task-39"}
{"level":"DEBUG","location":"[get_call:168] fyersModel","message":{"Status Code":200,"API":"/quotes"},"timestamp":"2026-10-06 01:05:32,535+0530","service":"FyersAPIRequest","taskName":"Task-462"}
{"level":"DEBUG","location":"[get_call:168] fyersModel","message":{"Status Code":200,"API":"/options-chain-v3"},"timestamp":"2026-10-06 01:05:32,593+0530","service":"FyersAPIRequest","taskName":"Task-462"}
{"level":"DEBUG","location":"[get_call:168] fyersModel","message":{"Status Code":200,"API":"/quotes"},"timestamp":"2026-10-06 01:05:33,493+0530","service":"FyersAPIRequest","taskName":"Task-454"}
{"level":"DEBUG","location":"[get_call:168] fyersModel","message":{"Status Code":200,"API":"/options-chain-v3"},"timestamp":"2026-10-06 01:05:33,526+0530","service":"FyersAPIRequest","taskName":"Task-454"}
{"level":"DEBUG","location":"[get_call:168] fyersModel","message":{"Status Code":200,"API":"/quotes"},"timestamp":"2026-10-06 01:05:33,620+0530","service":"FyersAPIRequest","taskName":"Task-463"}
{"level":"DEBUG","location":"[get_call:168] fyersModel","message":{"Status Code":200,"API":"/options-chain-v3"},"timestamp":"2026-10-06 01:05:33,660+0530","service":"FyersAPIRequest","taskName":"Task-463"}
{"level":"DEBUG","location":"[get_call:168] fyersModel","message":{"Status Code":200,"API":"/quotes"},"timestamp":"2026-10-06 01:05:34,188+0530","service":"FyersAPIRequest"}
{"level":"DEBUG","location":"[get_call:168] fyersModel","message":{"Status Code":200,"API":"/options-chain-v3"},"timestamp":"2026-10-06 01:05:34,237+0530","service":"FyersAPIRequest"}
{"level":"DEBUG","location":"[get_call:168] fyersModel","message":{"Status Code":200,"API":"/quotes"},"timestamp":"2026-10-06 01:05:35,257+0530","service":"FyersAPIRequest","taskName":"Task-466"}
{"level":"DEBUG","location":"[get_call:168] fyersModel","message":{"Status Code":200,"API":"/options-chain-v3"},"timestamp":"2026-10-06 01:05:35,306+0530","service":"FyersAPIRequest","taskName":"Task-466"}
{"level":"DEBUG","location":"[get_call:168] fyersModel","message":{"Status Code":200,"API":"/quotes"},"timestamp":"2026-10-06 01:05:35,640+0530","service":"FyersAPIRequest","taskName":"Task-454"}
{"level":"DEBUG","location":"[get_call:168] fyersModel","message":{"Status Code":200,"API":"/options-chain-v3"},"timestamp":"2026-10-06 01:05:35,690+0530","service":"FyersAPIRequest","taskName":"Task-454"}
{"level":"DEBUG","location":"[get_call:168] fyersModel","message":{"Status Code":200,"API":"/quotes"},"timestamp":"2026-10-06 01:05:35,804+0530","service":"FyersAPIRequest","taskName":"Task-467"}
{"level":"DEBUG","location":"[get_call:168] fyersModel","message":{"Status Code":200,"API":"/options-chain-v3"},"timestamp":"2026-10-06 01:05:35,840+0530","service":"FyersAPIRequest","taskName":"Task-467"}
{"level":"DEBUG","location":"[get_call:168] fyersModel","message":{"Status Code":200,"API":"/quotes"},"timestamp":"2026-10-06 01:05:37,824+0530","service":"FyersAPIRequest","taskName":"Task-454"}
{"level":"DEBUG","location":"[get_call:168] fyersModel","message":{"Status Code":200,"API":"/options-chain-v3"},"timestamp":"2026-10-06 01:05:37,857+0530","service":"FyersAPIRequest","taskName":"Task-454"}
{"level":"DEBUG","location":"[get_call:168] fyersModel","message":{"Status Code":200,"API":"/quotes"},"timestamp":"2026-10-06 01:05:37,970+0530","service":"FyersAPIRequest","taskName":"Task-468"}
{"level":"DEBUG","location":"[get_call:168] fyersModel","message":{"Status Code":200,"API":"/options-chain-v3"},"timestamp":"2026-10-06 01:05:38,024+0530","service":"FyersAPIRequest","taskName":"Task-468"}
{"level":"DEBUG","location":"[get_call:168] fyersModel","message":{"Status Code":200,"API":"/quotes"},"timestamp":"2026-10-06 01:05:38,710+0530","service":"FyersAPIRequest"}
{"level":"DEBUG","location":"[get_call:168] fyersModel","message":{"Status Code":200,"API":"/options-chain-v3"},"timestamp":"2026-10-06 01:05:38,827+0530","service":"FyersAPIRequest"}
{"level":"DEBUG","location":"[get_call:168] fyersModel","message":{"Status Code":200,"API":"/quotes"},"timestamp":"2026-10-06 01:05:39,523+0530","service":"FyersAPIRequest","taskName":"Task-471"}
{"level":"DEBUG","location":"[get_call:168] fyersModel","message":{"Status Code":200,"API":"/options-chain-v3"},"timestamp":"2026-10-06 01:05:39,568+0530","service":"FyersAPIRequest","taskName":"Task-471"}
{"level":"DEBUG","location":"[get_call:168] fyersModel","message":{"Status Code":200,"API":"/quotes"},"timestamp":"2026-10-06 01:05:39,991+0530","service":"FyersAPIRequest","taskName":"Task-454"}
{"level":"DEBUG","location":"[get_call:168] fyersModel","message":{"Status Code":200,"API":"/options-chain-v3"},"timestamp":"2026-10-06 01:05:40,032+0530","service":"FyersAPIRequest","taskName":"Task-454"}
{"level":"DEBUG","location":"[get_call:168] fyersModel","message":{"Status Code":200,"API":"/quotes"},"timestamp":"2026-10-06 01:05:40,151+0530","service":"FyersAPIRequest","taskName":"Task-472"}
{"level":"DEBUG","location":"[get_call:168] fyersModel","message":{"Status Code":200,"API":"/options-chain-v3"},"timestamp":"2026-10-06 01:05:40,187+0530","service":"FyersAPIRequest","taskName":"Task-472"}
{"level":"DEBUG","location":"[get_call:168] fyersModel","message":{"Status Code":200,"API":"/quotes"},"timestamp":"2026-10-06 01:05:42,153+0530","service":"FyersAPIRequest","taskName":"Task-454"}
{"level":"DEBUG","location":"[get_call:168] fyersModel","message":{"Status Code":200,"API":"/options-chain-v3"},"timestamp":"2026-10-06 01:05:42,191+0530","service":"FyersAPIRequest","taskName":"Task-454"}
{"level":"DEBUG","location":"[get_call:168] fyersModel","message":{"Status Code":200,"API":"/quotes"},"timestamp":"2026-10-06 01:05:42,271+0530","service":"FyersAPIRequest","taskName":"Task-473"}
{"level":"DEBUG","location":"[get_call:168] fyersModel","message":{"Status Code":200,"API":"/options-chain-v3"},"timestamp":"2026-10-06 01:05:42,308+0530","service":"FyersAPIRequest","taskName":"Task-473"}
{"level":"DEBUG","location":"[get_call:168] fyersModel","message":{"Status Code":200,"API":"/profile"},"timestamp":"2026-10-06 01:05:45,490+0530","service":"FyersAPIRequest","taskName":"Task-474"}
{"level":"DEBUG","location":"[get_call:168] fyersModel","message":{"Status Code":200,"API":"/quotes"},"timestamp":"2026-10-06 01:05:45,522+0530","service":"FyersAPIRequest","taskName":"Task-454"}
{"level":"DEBUG","location":"[get_call:168] fyersModel","message":{"Status Code":200,"API":"/options-chain-v3"},"timestamp":"2026-10-06 01:05:45,575+0530","service":"FyersAPIRequest","taskName":"Task-454"}
{"level":"DEBUG","location":"[get_call:168] fyersModel","message":{"Status Code":200,"API":"/quotes"},"timestamp":"2026-10-06 01:05:45,806+0530","service":"FyersAPIRequest","taskName":"Task-477"}
{"level":"DEBUG","location":"[get_call:168] fyersModel","message":{"Status Code":200,"API":"/options-chain-v3"},"timestamp":"2026-10-06 01:05:45,854+0530","service":"FyersAPIRequest","taskName":"Task-477"}
{"level":"DEBUG","location":"[get_call:168] fyersModel","message":{"Status Code":200,"API":"/quotes"},"timestamp":"2026-10-06 01:05:45,957+0530","service":"FyersAPIRequest","taskName":"Task-478"}
{"level":"DEBUG","location":"[get_call:168] fyersModel","message":{"Status Code":200,"API":"/options-chain-v3"},"timestamp":"2026-10-06 01:05:46,002+0530","service":"FyersAPIRequest","taskName":"Task-478"}
{"level":"DEBUG","location":"[get_call:168] fyersModel","message":{"Status Code":200,"API":"/profile"},"timestamp":"2026-10-06 01:05:46,103+0530","service":"FyersAPIRequest"}
{"level":"DEBUG","location":"[get_call:168] fyersModel","message":{"Status Code":200,"API":"/quotes"},"timestamp":"2026-10-06 01:05:46,139+0530","service":"FyersAPIRequest"}
{"level":"DEBUG","location":"[get_call:168] fyersModel","message":{"Status Code":200,"API":"/options-chain-v3"},"timestamp":"2026-10-06 01:05:46,204+0530","service":"FyersAPIRequest"}
{"level":"DEBUG","location":"[get_call:168] fyersModel","message":{"Status Code":200,"API":"/quotes"},"timestamp":"2026-10-06 01:05:47,439+0530","service":"FyersAPIRequest","taskName":"Task-481"}
{"level":"DEBUG","location":"[get_call:168] fyersModel","message":{"Status Code":200,"API":"/options-chain-v3"},"timestamp":"2026-10-06 01:05:47,489+0530","service":"FyersAPIRequest","taskName":"Task-481"}
{"level":"DEBUG","location":"[get_call:168] fyersModel","message":{"Status Code":200,"API":"/quotes"},"timestamp":"2026-10-06 01:05:47,772+0530","service":"FyersAPIRequest","taskName":"Task-454"}
{"level":"DEBUG","location":"[get_call:168] fyersModel","message":{"Status Code":200,"API":"/options-chain-v3"},"timestamp":"2026-10-06 01:05:47,818+0530","service":"FyersAPIRequest","taskName":"Task-454"}
{"level":"DEBUG","location":"[get_call:168] fyersModel","message":{"Status Code":200,"API":"/quotes"},"timestamp":"2026-10-06 01:05:47,919+0530","service":"FyersAPIRequest","taskName":"Task-482"}
{"level":"DEBUG","location":"[get_call:168] fyersModel","message":{"Status Code":200,"API":"/options-chain-v3"},"timestamp":"2026-10-06 01:05:47,952+0530","service":"FyersAPIRequest","taskName":"Task-482"}
{"level":"DEBUG","location":"[get_call:168] fyersModel","message":{"Status Code":200,"API":"/quotes"},"timestamp":"2026-10-06 01:05:49,921+0530","service":"FyersAPIRequest","taskName":"Task-454"}
{"level":"DEBUG","location":"[get_call:168] fyersModel","message":{"Status Code":200,"API":"/options-chain-v3"},"timestamp":"2026-10-06 01:05:49,954+0530","service":"FyersAPIRequest","taskName":"Task-454"}
{"level":"DEBUG","location":"[get_call:168] fyersModel","message":{"Status Code":200,"API":"/quotes"},"timestamp":"2026-10-06 01:05:50,039+0530","service":"FyersAPIRequest","taskName":"Task-483"}
{"level":"DEBUG","location":"[get_call:168] fyersModel","message":{"Status Code":200,"API":"/options-chain-v3"},"timestamp":"2026-10-06 01:05:50,076+0530","service":"FyersAPIRequest","taskName":"Task-483"}
{"level":"DEBUG","location":"[get_call:168] fyersModel","message":{"Status Code":200,"API":"/quotes"},"timestamp":"2026-10-06 01:05:50,423+0530","service":"FyersAPIRequest"}
{"level":"DEBUG","location":"[get_call:168] fyersModel","message":{"Status Code":200,"API":"/options-chain-v3"},"timestamp":"2026-10-06 01:05:50,471+0530","service":"FyersAPIRequest"}
{"level":"DEBUG","location":"[get_call:168] fyersModel","message":{"Status Code":200,"API":"/quotes"},"timestamp":"2026-10-06 01:05:52,420+0530","service":"FyersAPIRequest","taskName":"Task-454"}
{"level":"DEBUG","location":"[get_call:168] fyersModel","message":{"Status Code":200,"API":"/options-chain-v3"},"timestamp":"2026-10-06 01:05:52,506+0530","service":"FyersAPIRequest","taskName":"Task-454"}
{"level":"DEBUG","location":"[get_call:168] fyersModel","message":{"Status Code":200,"API":"/quotes"},"timestamp":"2026-10-06 01:05:53,903+0530","service":"FyersAPIRequest","taskName":"Task-485"}
{"level":"DEBUG","location":"[get_call:168] fyersModel","message":{"Status Code":200,"API":"/options-chain-v3"},"timestamp":"2026-10-06 01:05:53,980+0530","service":"FyersAPIRequest","taskName":"Task-485"}
{"level":"DEBUG","location":"[get_call:168] fyersModel","message":{"Status Code":200,"API":"/quotes"},"timestamp":"2026-10-06 01:05:54,703+0530","service":"FyersAPIRequest"}
{"level":"DEBUG","location":"[get_call:168] fyersModel","message":{"Status Code":200,"API":"/options-chain-v3"},"timestamp":"2026-10-06 01:05:54,786+0530","service":"FyersAPIRequest"}
{"level":"DEBUG","location":"[get_call:168] fyersModel","message":{"Status Code":200,"API":"/quotes"},"timestamp":"2026-10-06 01:05:55,952+0530","service":"FyersAPIRequest","taskName":"Task-454"}
{"level":"DEBUG","location":"[get_call:168] fyersModel","message":{"Status Code":200,"API":"/options-chain-v3"},"timestamp":"2026-10-06 01:05:56,020+0530","service":"FyersAPIRequest","taskName":"Task-454"}
{"level":"DEBUG","location":"[get_call:168] fyersModel","message":{"Status Code":200,"API":"/quotes"},"timestamp":"2026-10-06 01:05:56,729+0530","service":"FyersAPIRequest","taskName":"Task-490"}
{"level":"DEBUG","location":"[get_call:168] fyersModel","message":{"Status Code":200,"API":"/options-chain-v3"},"timestamp":"2026-10-06 01:05:56,781+0530","service":"FyersAPIRequest","taskName":"Task-490"}
{"level":"DEBUG","location":"[get_call:168] fyersModel","message":{"Status Code":200,"API":"/quotes"},"timestamp":"2026-10-06 01:05:57,290+0530","service":"FyersAPIRequest","taskName":"Task-491"}
{"level":"DEBUG","location":"[get_call:168] fyersModel","message":{"Status Code":200,"API":"/options-chain-v3"},"timestamp":"2026-10-06 01:05:57,340+0530","service":"FyersAPIRequest","taskName":"Task-491"}
{"level":"DEBUG","location":"[get_call:168] fyersModel","message":{"Status Code":200,"API":"/quotes"},"timestamp":"2026-10-06 01:05:57,701+0530","service":"FyersAPIRequest","taskName":"Task-493"}
{"level":"DEBUG","location":"[get_call:168] fyersModel","message":{"Status Code":200,"API":"/options-chain-v3"},"timestamp":"2026-10-06 01:05:58,217+0530","service":"FyersAPIRequest","taskName":"Task-493"}
{"level":"DEBUG","location":"[get_call:168] fyersModel","message":{"Status Code":200,"API":"/quotes"},"timestamp":"2026-10-06 01:05:58,619+0530","service":"FyersAPIRequest","taskName":"Task-454"}
{"level":"DEBUG","location":"[get_call:168] fyersModel","message":{"Status Code":200,"API":"/options-chain-v3"},"timestamp":"2026-10-06 01:05:58,653+0530","service":"FyersAPIRequest","taskName":"Task-454"}
{"level":"DEBUG","location":"[get_call:168] fyersModel","message":{"Status Code":200,"API":"/quotes"},"timestamp":"2026-10-06 01:05:58,765+0530","service":"FyersAPIRequest","taskName":"Task-494"}
{"level":"DEBUG","location":"[get_call:168] fyersModel","message":{"Status Code":200,"API":"/options-chain-v3"},"timestamp":"2026-10-06 01:05:58,805+0530","service":"FyersAPIRequest","taskName":"Task-494"}
{"level":"DEBUG","location":"[get_call:168] fyersModel","message":{"Status Code":200,"API":"/quotes"},"timestamp":"2026-10-06 01:05:59,185+0530","service":"FyersAPIRequest"}
{"level":"DEBUG","location":"[get_call:168] fyersModel","message":{"Status Code":200,"API":"/options-chain-v3"},"timestamp":"2026-10-06 01:05:59,229+0530","service":"FyersAPIRequest"}
{"level":"DEBUG","location":"[get_call:168] fyersModel","message":{"Status Code":200,"API":"/quotes"},"timestamp":"2026-10-06 01:06:01,298+0530","service":"FyersAPIRequest","taskName":"Task-497"}
{"level":"DEBUG","location":"[get_call:168] fyersModel","message":{"Status Code":200,"API":"/options-chain-v3"},"timestamp":"2026-10-06 01:06:01,336+0530","service":"FyersAPIRequest","taskName":"Task-497"}
{"level":"DEBUG","location":"[get_call:168] fyersModel","message":{"Status Code":200,"API":"/quotes"},"timestamp":"2026-10-06 01:06:01,422+0530","service":"FyersAPIRequest","taskName":"Task-454"}
{"level":"DEBUG","location":"[get_call:168] fyersModel","message":{"Status Code":200,"API":"/options-chain-v3"},"timestamp":"2026-10-06 01:06:01,473+0530","service":"FyersAPIRequest","taskName":"Task-454"}
{"level":"DEBUG","location":"[get_call:168] fyersModel","message":{"Status Code":200,"API":"/quotes"},"timestamp":"2026-10-06 01:06:01,571+0530","service":"FyersAPIRequest","taskName":"Task-498"}
{"level":"DEBUG","location":"[get_call:168] fyersModel","message":{"Status Code":200,"API":"/options-chain-v3"},"timestamp":"2026-10-06 01:06:01,607+0530","service":"FyersAPIRequest","taskName":"Task-498"}
{"level":"DEBUG","location":"[get_call:168] fyersModel","message":{"Status Code":200,"API":"/quotes"},"timestamp":"2026-10-06 01:06:03,199+0530","service":"FyersAPIRequest","taskName":"Task-501"}
{"level":"DEBUG","location":"[get_call:168] fyersModel","message":{"Status Code":200,"API":"/options-chain-v3"},"timestamp":"2026-10-06 01:06:03,236+0530","service":"FyersAPIRequest","taskName":"Task-501"}
{"level":"DEBUG","location":"[get_call:168] fyersModel","message":{"Status Code":200,"API":"/quotes"},"timestamp":"2026-10-06 01:06:03,336+0530","service":"FyersAPIRequest"}
{"level":"DEBUG","location":"[get_call:168] fyersModel","message":{"Status Code":200,"API":"/options-chain-v3"},"timestamp":"2026-10-06 01:06:03,368+0530","service":"FyersAPIRequest"}
{"level":"DEBUG","location":"[get_call:168] fyersModel","message":{"Status Code":200,"API":"/quotes"},"timestamp":"2026-10-06 01:06:03,551+0530","service":"FyersAPIRequest","taskName":"Task-454"}
{"level":"DEBUG","location":"[get_call:168] fyersModel","message":{"Status Code":200,"API":"/options-chain-v3"},"timestamp":"2026-10-06 01:06:03,583+0530","service":"FyersAPIRequest","taskName":"Task-454"}
{"level":"DEBUG","location":"[get_call:168] fyersModel","message":{"Status Code":200,"API":"/quotes"},"timestamp":"2026-10-06 01:06:03,672+0530","service":"FyersAPIRequest","taskName":"Task-502"}
{"level":"DEBUG","location":"[get_call:168] fyersModel","message":{"Status Code":200,"API":"/options-chain-v3"},"timestamp":"2026-10-06 01:06:03,825+0530","service":"FyersAPIRequest","taskName":"Task-502"}
{"level":"DEBUG","location":"[get_call:168] fyersModel","message":{"Status Code":200,"API":"/quotes"},"timestamp":"2026-10-06 01:06:05,655+0530","service":"FyersAPIRequest","taskName":"Task-454"}
{"level":"DEBUG","location":"[get_call:168] fyersModel","message":{"Status Code":200,"API":"/options-chain-v3"},"timestamp":"2026-10-06 01:06:05,688+0530","service":"FyersAPIRequest","taskName":"Task-454"}
{"level":"DEBUG","location":"[get_call:168] fyersModel","message":{"Status Code":200,"API":"/quotes"},"timestamp":"2026-10-06 01:06:05,766+0530","service":"FyersAPIRequest","taskName":"Task-503"}
{"level":"DEBUG","location":"[get_call:168] fyersModel","message":{"Status Code":200,"API":"/options-chain-v3"},"timestamp":"2026-10-06 01:06:05,800+0530","service":"FyersAPIRequest","taskName":"Task-503"}
{"level":"DEBUG","location":"[get_call:168] fyersModel","message":{"Status Code":200,"API":"/quotes"},"timestamp":"2026-10-06 01:06:07,262+0530","service":"FyersAPIRequest","taskName":"Task-506"}
{"level":"DEBUG","location":"[get_call:168] fyersModel","message":{"Status Code":200,"API":"/options-chain-v3"},"timestamp":"2026-10-06 01:06:07,314+0530","service":"FyersAPIRequest","taskName":"Task-506"}
{"level":"DEBUG","location":"[get_call:168] fyersModel","message":{"Status Code":200,"API":"/quotes"},"timestamp":"2026-10-06 01:06:07,787+0530","service":"FyersAPIRequest","taskName":"Task-454"}
{"level":"DEBUG","location":"[get_call:168] fyersModel","message":{"Status Code":200,"API":"/options-chain-v3"},"timestamp":"2026-10-06 01:06:07,834+0530","service":"FyersAPIRequest","taskName":"Task-454"}
{"level":"DEBUG","location":"[get_call:168] fyersModel","message":{"Status Code":200,"API":"/quotes"},"timestamp":"2026-10-06 01:06:08,098+0530","service":"FyersAPIRequest"}
{"level":"DEBUG","location":"[get_call:168] fyersModel","message":{"Status Code":200,"API":"/options-chain-v3"},"timestamp":"2026-10-06 01:06:08,140+0530","service":"FyersAPIRequest"}
{"level":"DEBUG","location":"[get_call:168] fyersModel","message":{"Status Code":200,"API":"/quotes"},"timestamp":"2026-10-06 01:06:08,194+0530","service":"FyersAPIRequest","taskName":"Task-507"}
{"level":"DEBUG","location":"[get_call:168] fyersModel","message":{"Status Code":200,"API":"/options-chain-v3"},"timestamp":"2026-10-06 01:06:08,223+0530","service":"FyersAPIRequest","taskName":"Task-507"}
{"level":"DEBUG","location":"[get_call:168] fyersModel","message":{"Status Code":200,"API":"/quotes"},"timestamp":"2026-10-06 01:06:09,935+0530","service":"FyersAPIRequest","taskName":"Task-454"}
{"level":"DEBUG","location":"[get_call:168] fyersModel","message":{"Status Code":200,"API":"/options-chain-v3"},"timestamp":"2026-10-06 01:06:09,967+0530","service":"FyersAPIRequest","taskName":"Task-454"}
{"level":"DEBUG","location":"[get_call:168] fyersModel","message":{"Status Code":200,"API":"/quotes"},"timestamp":"2026-10-06 01:06:10,068+0530","service":"FyersAPIRequest","taskName":"Task-508"}
{"level":"DEBUG","location":"[get_call:168] fyersModel","message":{"Status Code":200,"API":"/options-chain-v3"},"timestamp":"2026-10-06 01:06:10,101+0530","service":"FyersAPIRequest","taskName":"Task-508"}
{"level":"DEBUG","location":"[get_call:168] fyersModel","message":{"Status Code":200,"API":"/quotes"},"timestamp":"2026-10-06 01:06:11,600+0530","service":"FyersAPIRequest","taskName":"Task-511"}
{"level":"DEBUG","location":"[get_call:168] fyersModel","message":{"Status Code":200,"API":"/options-chain-v3"},"timestamp":"2026-10-06 01:06:11,635+0530","service":"FyersAPIRequest","taskName":"Task-511"}
{"level":"DEBUG","location":"[get_call:168] fyersModel","message":{"Status Code":200,"API":"/quotes"},"timestamp":"2026-10-06 01:06:12,150+0530","service":"FyersAPIRequest","taskName":"Task-454"}
{"level":"DEBUG","location":"[get_call:168] fyersModel","message":{"Status Code":200,"API":"/quotes"},"timestamp":"2026-10-06 01:06:12,464+0530","service":"FyersAPIRequest"}
{"level":"DEBUG","location":"[get_call:168] fyersModel","message":{"Status Code":200,"API":"/options-chain-v3"},"timestamp":"2026-10-06 01:06:12,467+0530","service":"FyersAPIRequest","taskName":"Task-454"}
{"level":"DEBUG","location":"[get_call:168] fyersModel","message":{"Status Code":200,"API":"/options-chain-v3"},"timestamp":"2026-10-06 01:06:12,537+0530","service":"FyersAPIRequest"}
{"level":"DEBUG","location":"[get_call:168] fyersModel","message":{"Status Code":200,"API":"/quotes"},"timestamp":"2026-10-06 01:06:12,630+0530","service":"FyersAPIRequest","taskName":"Task-512"}
{"level":"DEBUG","location":"[get_call:168] fyersModel","message":{"Status Code":200,"API":"/options-chain-v3"},"timestamp":"2026-10-06 01:06:12,670+0530","service":"FyersAPIRequest","taskName":"Task-512"}
{"level":"DEBUG","location":"[get_call:168] fyersModel","message":{"Status Code":200,"API":"/profile"},"timestamp":"2026-10-06 01:06:16,202+0530","service":"FyersAPIRequest","taskName":"Task-454"}
{"level":"DEBUG","location":"[get_call:168] fyersModel","message":{"Status Code":200,"API":"/quotes"},"timestamp":"2026-10-06 01:06:16,233+0530","service":"FyersAPIRequest","taskName":"Task-454"}
{"level":"DEBUG","location":"[get_call:168] fyersModel","message":{"Status Code":200,"API":"/options-chain-v3"},"timestamp":"2026-10-06 01:06:16,270+0530","service":"FyersAPIRequest","taskName":"Task-454"}
{"level":"DEBUG","location":"[get_call:168] fyersModel","message":{"Status Code":200,"API":"/quotes"},"timestamp":"2026-10-06 01:06:16,397+0530","service":"FyersAPIRequest","taskName":"Task-515"}
{"level":"DEBUG","location":"[get_call:168] fyersModel","message":{"Status Code":200,"API":"/options-chain-v3"},"timestamp":"2026-10-06 01:06:16,433+0530","service":"FyersAPIRequest","taskName":"Task-515"}
{"level":"DEBUG","location":"[get_call:168] fyersModel","message":{"Status Code":200,"API":"/quotes"},"timestamp":"2026-10-06 01:06:16,680+0530","service":"FyersAPIRequest","taskName":"Task-517"}
{"level":"DEBUG","location":"[get_call:168] fyersModel","message":{"Status Code":200,"API":"/options-chain-v3"},"timestamp":"2026-10-06 01:06:17,053+0530","service":"FyersAPIRequest","taskName":"Task-517"}
{"level":"DEBUG","location":"[get_call:168] fyersModel","message":{"Status Code":200,"API":"/quotes"},"timestamp":"2026-10-06 01:06:18,339+0530","service":"FyersAPIRequest","taskName":"Task-454"}
{"level":"DEBUG","location":"[get_call:168] fyersModel","message":{"Status Code":200,"API":"/options-chain-v3"},"timestamp":"2026-10-06 01:06:18,382+0530","service":"FyersAPIRequest","taskName":"Task-454"}
{"level":"DEBUG","location":"[get_call:168] fyersModel","message":{"Status Code":200,"API":"/quotes"},"timestamp":"2026-10-06 01:06:18,470+0530","service":"FyersAPIRequest","taskName":"Task-518"}
{"level":"DEBUG","location":"[get_call:168] fyersModel","message":{"Status Code":200,"API":"/options-chain-v3"},"timestamp":"2026-10-06 01:06:18,516+0530","service":"FyersAPIRequest","taskName":"Task-518"}
{"level":"DEBUG","location":"[get_call:168] fyersModel","message":{"Status Code":200,"API":"/quotes"},"timestamp":"2026-10-06 01:06:18,648+0530","service":"FyersAPIRequest"}
{"level":"DEBUG","location":"[get_call:168] fyersModel","message":{"Status Code":200,"API":"/options-chain-v3"},"timestamp":"2026-10-06 01:06:18,681+0530","service":"FyersAPIRequest"}
{"level":"DEBUG","location":"[get_call:168] fyersModel","message":{"Status Code":200,"API":"/quotes"},"timestamp":"2026-10-06 01:06:19,414+0530","service":"FyersAPIRequest","taskName":"Task-521"}
{"level":"DEBUG","location":"[get_call:168] fyersModel","message":{"Status Code":200,"API":"/options-chain-v3"},"timestamp":"2026-10-06 01:06:19,464+0530","service":"FyersAPIRequest","taskName":"Task-521"}
{"level":"DEBUG","location":"[get_call:168] fyersModel","message":{"Status Code":200,"API":"/quotes"},"timestamp":"2026-10-06 01:06:20,450+0530","service":"FyersAPIRequest","taskName":"Task-526"}
{"level":"DEBUG","location":"[get_call:168] fyersModel","message":{"Status Code":200,"API":"/options-chain-v3"},"timestamp":"2026-10-06 01:06:20,526+0530","service":"FyersAPIRequest","taskName":"Task-526"}
{"level":"DEBUG","location":"[get_call:168] fyersModel","message":{"Status Code":200,"API":"/quotes"},"timestamp":"2026-10-06 01:06:20,620+0530","service":"FyersAPIRequest","taskName":"Task-454"}
{"level":"DEBUG","location":"[get_call:168] fyersModel","message":{"Status Code":200,"API":"/options-chain-v3"},"timestamp":"2026-10-06 01:06:20,668+0530","service":"FyersAPIRequest","taskName":"Task-454"}
{"level":"DEBUG","location":"[get_call:168] fyersModel","message":{"Status Code":200,"API":"/quotes"},"timestamp":"2026-10-06 01:06:20,796+0530","service":"FyersAPIRequest","taskName":"Task-531"}
{"level":"DEBUG","location":"[get_call:168] fyersModel","message":{"Status Code":200,"API":"/options-chain-v3"},"timestamp":"2026-10-06 01:06:20,835+0530","service":"FyersAPIRequest","taskName":"Task-531"}
{"level":"DEBUG","location":"[get_call:168] fyersModel","message":{"Status Code":200,"API":"/quotes"},"timestamp":"2026-10-06 01:06:21,470+0530","service":"FyersAPIRequest","taskName":"Task-535"}
{"level":"DEBUG","location":"[get_call:168] fyersModel","message":{"Status Code":200,"API":"/options-chain-v3"},"timestamp":"2026-10-06 01:06:21,517+0530","service":"FyersAPIRequest","taskName":"Task-535"}
{"level":"DEBUG","location":"[get_call:168] fyersModel","message":{"Status Code":200,"API":"/quotes"},"timestamp":"2026-10-06 01:06:22,633+0530","service":"FyersAPIRequest","taskName":"Task-526"}
{"level":"DEBUG","location":"[get_call:168] fyersModel","message":{"Status Code":200,"API":"/options-chain-v3"},"timestamp":"2026-10-06 01:06:22,717+0530","service":"FyersAPIRequest","taskName":"Task-526"}
{"level":"DEBUG","location":"[get_call:168] fyersModel","message":{"Status Code":200,"API":"/quotes"},"timestamp":"2026-10-06 01:06:22,817+0530","service":"FyersAPIRequest"}
{"level":"DEBUG","location":"[get_call:168] fyersModel","message":{"Status Code":200,"API":"/quotes"},"timestamp":"2026-10-06 01:06:22,842+0530","service":"FyersAPIRequest","taskName":"Task-536"}
{"level":"DEBUG","location":"[get_call:168] fyersModel","message":{"Status Code":200,"API":"/options-chain-v3"},"timestamp":"2026-10-06 01:06:22,854+0530","service":"FyersAPIRequest"}
{"level":"DEBUG","location":"[get_call:168] fyersModel","message":{"Status Code":200,"API":"/options-chain-v3"},"timestamp":"2026-10-06 01:06:22,888+0530","service":"FyersAPIRequest","taskName":"Task-536"}
{"level":"DEBUG","location":"[get_call:168] fyersModel","message":{"Status Code":200,"API":"/quotes"},"timestamp":"2026-10-06 01:06:24,485+0530","service":"FyersAPIRequest","taskName":"Task-539"}
{"level":"DEBUG","location":"[get_call:168] fyersModel","message":{"Status Code":200,"API":"/options-chain-v3"},"timestamp":"2026-10-06 01:06:24,535+0530","service":"FyersAPIRequest","taskName":"Task-539"}
{"level":"DEBUG","location":"[get_call:168] fyersModel","message":{"Status Code":200,"API":"/quotes"},"timestamp":"2026-10-06 01:06:24,816+0530","service":"FyersAPIRequest","taskName":"Task-526"}
{"level":"DEBUG","location":"[get_call:168] fyersModel","message":{"Status Code":200,"API":"/options-chain-v3"},"timestamp":"2026-10-06 01:06:24,853+0530","service":"FyersAPIRequest","taskName":"Task-526"}
{"level":"DEBUG","location":"[get_call:168] fyersModel","message":{"Status Code":200,"API":"/quotes"},"timestamp":"2026-10-06 01:06:24,960+0530","service":"FyersAPIRequest","taskName":"Task-540"}
{"level":"DEBUG","location":"[get_call:168] fyersModel","message":{"Status Code":200,"API":"/options-chain-v3"},"timestamp":"2026-10-06 01:06:24,997+0530","service":"FyersAPIRequest","taskName":"Task-540"}
{"level":"DEBUG","location":"[get_call:168] fyersModel","message":{"Status Code":200,"API":"/quotes"},"timestamp":"2026-10-06 01:06:26,933+0530","service":"FyersAPIRequest"}
{"level":"DEBUG","location":"[get_call:168] fyersModel","message":{"Status Code":200,"API":"/quotes"},"timestamp":"2026-10-06 01:06:26,936+0530","service":"FyersAPIRequest","taskName":"Task-526"}
{"level":"DEBUG","location":"[get_call:168] fyersModel","message":{"Status Code":200,"API":"/options-chain-v3"},"timestamp":"2026-10-06 01:06:26,974+0530","service":"FyersAPIRequest","taskName":"Task-526"}
{"level":"DEBUG","location":"[get_call:168] fyersModel","message":{"Status Code":200,"API":"/options-chain-v3"},"timestamp":"2026-10-06 01:06:26,979+0530","service":"FyersAPIRequest"}
{"level":"DEBUG","location":"[get_call:168] fyersModel","message":{"Status Code":200,"API":"/quotes"},"timestamp":"2026-10-06 01:06:27,118+0530","service":"FyersAPIRequest","taskName":"Task-541"}
{"level":"DEBUG","location":"[get_call:168] fyersModel","message":{"Status Code":200,"API":"/options-chain-v3"},"timestamp":"2026-10-06 01:06:27,162+0530","service":"FyersAPIRequest","taskName":"Task-541"}
{"level":"DEBUG","location":"[get_call:168] fyersModel","message":{"Status Code":200,"API":"/quotes"},"timestamp":"2026-10-06 01:06:28,575+0530","service":"FyersAPIRequest","taskName":"Task-544"}
{"level":"DEBUG","location":"[get_call:168] fyersModel","message":{"Status Code":200,"API":"/options-chain-v3"},"timestamp":"2026-10-06 01:06:28,631+0530","service":"FyersAPIRequest","taskName":"Task-544"}
{"level":"DEBUG","location":"[get_call:168] fyersModel","message":{"Status Code":200,"API":"/quotes"},"timestamp":"2026-10-06 01:06:29,117+0530","service":"FyersAPIRequest","taskName":"Task-526"}
{"level":"DEBUG","location":"[get_call:168] fyersModel","message":{"Status Code":200,"API":"/options-chain-v3"},"timestamp":"2026-10-06 01:06:29,164+0530","service":"FyersAPIRequest","taskName":"Task-526"}
{"level":"DEBUG","location":"[get_call:168] fyersModel","message":{"Status Code":200,"API":"/quotes"},"timestamp":"2026-10-06 01:06:29,269+0530","service":"FyersAPIRequest","taskName":"Task-545"}
{"level":"DEBUG","location":"[get_call:168] fyersModel","message":{"Status Code":200,"API":"/options-chain-v3"},"timestamp":"2026-10-06 01:06:29,314+0530","service":"FyersAPIRequest","taskName":"Task-545"}
{"level":"DEBUG","location":"[get_call:168] fyersModel","message":{"Status Code":200,"API":"/quotes"},"timestamp":"2026-10-06 01:06:31,102+0530","service":"FyersAPIRequest"}
{"level":"DEBUG","location":"[get_call:168] fyersModel","message":{"Status Code":200,"API":"/options-chain-v3"},"timestamp":"2026-10-06 01:06:31,135+0530","service":"FyersAPIRequest"}
{"level":"DEBUG","location":"[get_call:168] fyersModel","message":{"Status Code":200,"API":"/quotes"},"timestamp":"2026-10-06 01:06:31,269+0530","service":"FyersAPIRequest","taskName":"Task-526"}
{"level":"DEBUG","location":"[get_call:168] fyersModel","message":{"Status Code":200,"API":"/options-chain-v3"},"timestamp":"2026-10-06 01:06:31,317+0530","service":"FyersAPIRequest","taskName":"Task-526"}
{"level":"DEBUG","location":"[get_call:168] fyersModel","message":{"Status Code":200,"API":"/quotes"},"timestamp":"2026-10-06 01:06:31,419+0530","service":"FyersAPIRequest","taskName":"Task-546"}
{"level":"DEBUG","location":"[get_call:168] fyersModel","message":{"Status Code":200,"API":"/options-chain-v3"},"timestamp":"2026-10-06 01:06:31,468+0530","service":"FyersAPIRequest","taskName":"Task-546"}
{"level":"DEBUG","location":"[get_call:168] fyersModel","message":{"Status Code":200,"API":"/quotes"},"timestamp":"2026-10-06 01:06:32,703+0530","service":"FyersAPIRequest","taskName":"Task-549"}
{"level":"DEBUG","location":"[get_call:168] fyersModel","message":{"Status Code":200,"API":"/options-chain-v3"},"timestamp":"2026-10-06 01:06:32,750+0530","service":"FyersAPIRequest","taskName":"Task-549"}
{"level":"DEBUG","location":"[get_call:168] fyersModel","message":{"Status Code":200,"API":"/quotes"},"timestamp":"2026-10-06 01:06:33,417+0530","service":"FyersAPIRequest","taskName":"Task-526"}
{"level":"DEBUG","location":"[get_call:168] fyersModel","message":{"Status Code":200,"API":"/options-chain-v3"},"timestamp":"2026-10-06 01:06:33,453+0530","service":"FyersAPIRequest","taskName":"Task-526"}
{"level":"DEBUG","location":"[get_call:168] fyersModel","message":{"Status Code":200,"API":"/quotes"},"timestamp":"2026-10-06 01:06:33,618+0530","service":"FyersAPIRequest","taskName":"Task-550"}
{"level":"DEBUG","location":"[get_call:168] fyersModel","message":{"Status Code":200,"API":"/options-chain-v3"},"timestamp":"2026-10-06 01:06:33,652+0530","service":"FyersAPIRequest","taskName":"Task-550"}
{"level":"DEBUG","location":"[get_call:168] fyersModel","message":{"Status Code":200,"API":"/quotes"},"timestamp":"2026-10-06 01:06:35,216+0530","service":"FyersAPIRequest"}
{"level":"DEBUG","location":"[get_call:168] fyersModel","message":{"Status Code":200,"API":"/options-chain-v3"},"timestamp":"2026-10-06 01:06:35,249+0530","service":"FyersAPIRequest"}
{"level":"DEBUG","location":"[get_call:168] fyersModel","message":{"Status Code":200,"API":"/quotes"},"timestamp":"2026-10-06 01:06:35,583+0530","service":"FyersAPIRequest","taskName":"Task-526"}
{"level":"DEBUG","location":"[get_call:168] fyersModel","message":{"Status Code":200,"API":"/options-chain-v3"},"timestamp":"2026-10-06 01:06:35,616+0530","service":"FyersAPIRequest","taskName":"Task-526"}
{"level":"DEBUG","location":"[get_call:168] fyersModel","message":{"Status Code":200,"API":"/quotes"},"timestamp":"2026-10-06 01:06:35,696+0530","service":"FyersAPIRequest","taskName":"Task-551"}
{"level":"DEBUG","location":"[get_call:168] fyersModel","message":{"Status Code":200,"API":"/options-chain-v3"},"timestamp":"2026-10-06 01:06:35,743+0530","service":"FyersAPIRequest","taskName":"Task-551"}
{"level":"DEBUG","location":"[get_call:168] fyersModel","message":{"Status Code":200,"API":"/quotes"},"timestamp":"2026-10-06 01:06:36,532+0530","service":"FyersAPIRequest","taskName":"Task-554"}
{"level":"DEBUG","location":"[get_call:168] fyersModel","message":{"Status Code":200,"API":"/options-chain-v3"},"timestamp":"2026-10-06 01:06:36,564+0530","service":"FyersAPIRequest","taskName":"Task-554"}
{"level":"DEBUG","location":"[get_call:168] fyersModel","message":{"Status Code":200,"API":"/quotes"},"timestamp":"2026-10-06 01:06:37,684+0530","service":"FyersAPIRequest","taskName":"Task-526"}
{"level":"DEBUG","location":"[get_call:168] fyersModel","message":{"Status Code":200,"API":"/options-chain-v3"},"timestamp":"2026-10-06 01:06:37,713+0530","service":"FyersAPIRequest","taskName":"Task-526"}
{"level":"DEBUG","location":"[get_call:168] fyersModel","message":{"Status Code":200,"API":"/quotes"},"timestamp":"2026-10-06 01:06:37,801+0530","service":"FyersAPIRequest","taskName":"Task-555"}
{"level":"DEBUG","location":"[get_call:168] fyersModel","message":{"Status Code":200,"API":"/options-chain-v3"},"timestamp":"2026-10-06 01:06:37,847+0530","service":"FyersAPIRequest","taskName":"Task-555"}
{"level":"DEBUG","location":"[get_call:168] fyersModel","message":{"Status Code":200,"API":"/quotes"},"timestamp":"2026-10-06 01:06:39,630+0530","service":"FyersAPIRequest"}
{"level":"DEBUG","location":"[get_call:168] fyersModel","message":{"Status Code":200,"API":"/options-chain-v3"},"timestamp":"2026-10-06 01:06:39,665+0530","service":"FyersAPIRequest"}
{"level":"DEBUG","location":"[get_call:168] fyersModel","message":{"Status Code":200,"API":"/quotes"},"timestamp":"2026-10-06 01:06:39,849+0530","service":"FyersAPIRequest","taskName":"Task-526"}
{"level":"DEBUG","location":"[get_call:168] fyersModel","message":{"Status Code":200,"API":"/options-chain-v3"},"timestamp":"2026-10-06 01:06:39,963+0530","service":"FyersAPIRequest","taskName":"Task-526"}
{"level":"DEBUG","location":"[get_call:168] fyersModel","message":{"Status Code":200,"API":"/quotes"},"timestamp":"2026-10-06 01:06:40,250+0530","service":"FyersAPIRequest","taskName":"Task-556"}
{"level":"DEBUG","location":"[get_call:168] fyersModel","message":{"Status Code":200,"API":"/options-chain-v3"},"timestamp":"2026-10-06 01:06:40,299+0530","service":"FyersAPIRequest","taskName":"Task-556"}
{"level":"DEBUG","location":"[get_call:168] fyersModel","message":{"Status Code":200,"API":"/quotes"},"timestamp":"2026-10-06 01:06:40,680+0530","service":"FyersAPIRequest","taskName":"Task-559"}
{"level":"DEBUG","location":"[get_call:168] fyersModel","message":{"Status Code":200,"API":"/options-chain-v3"},"timestamp":"2026-10-06 01:06:40,731+0530","service":"FyersAPIRequest","taskName":"Task-559"}
{"level":"DEBUG","location":"[get_call:168] fyersModel","message":{"Status Code":200,"API":"/quotes"},"timestamp":"2026-10-06 01:06:42,217+0530","service":"FyersAPIRequest","taskName":"Task-526"}
{"level":"DEBUG","location":"[get_call:168] fyersModel","message":{"Status Code":200,"API":"/options-chain-v3"},"timestamp":"2026-10-06 01:06:42,266+0530","service":"FyersAPIRequest","taskName":"Task-526"}
{"level":"DEBUG","location":"[get_call:168] fyersModel","message":{"Status Code":200,"API":"/quotes"},"timestamp":"2026-10-06 01:06:42,559+0530","service":"FyersAPIRequest","taskName":"Task-560"}
{"level":"DEBUG","location":"[get_call:168] fyersModel","message":{"Status Code":200,"API":"/options-chain-v3"},"timestamp":"2026-10-06 01:06:42,598+0530","service":"FyersAPIRequest","taskName":"Task-560"}
{"level":"DEBUG","location":"[get_call:168] fyersModel","message":{"Status Code":200,"API":"/quotes"},"timestamp":"2026-10-06 01:06:44,148+0530","service":"FyersAPIRequest"}
{"level":"DEBUG","location":"[get_call:168] fyersModel","message":{"Status Code":200,"API":"/options-chain-v3"},"timestamp":"2026-10-06 01:06:44,180+0530","service":"FyersAPIRequest"}
{"level":"DEBUG","location":"[get_call:168] fyersModel","message":{"Status Code":200,"API":"/quotes"},"timestamp":"2026-10-06 01:06:44,432+0530","service":"FyersAPIRequest","taskName":"Task-526"}
{"level":"DEBUG","location":"[get_call:168] fyersModel","message":{"Status Code":200,"API":"/options-chain-v3"},"timestamp":"2026-10-06 01:06:44,482+0530","service":"FyersAPIRequest","taskName":"Task-526"}
{"level":"DEBUG","location":"[get_call:168] fyersModel","message":{"Status Code":200,"API":"/profile"},"timestamp":"2026-10-06 01:06:46,329+0530","service":"FyersAPIRequest","taskName":"Task-562"}
{"level":"DEBUG","location":"[get_call:168] fyersModel","message":{"Status Code":200,"API":"/quotes"},"timestamp":"2026-10-06 01:06:46,377+0530","service":"FyersAPIRequest","taskName":"Task-562"}
{"level":"DEBUG","location":"[get_call:168] fyersModel","message":{"Status Code":200,"API":"/options-chain-v3"},"timestamp":"2026-10-06 01:06:46,415+0530","service":"FyersAPIRequest","taskName":"Task-562"}
{"level":"DEBUG","location":"[get_call:168] fyersModel","message":{"Status Code":200,"API":"/quotes"},"timestamp":"2026-10-06 01:06:46,664+0530","service":"FyersAPIRequest","taskName":"Task-526"}
{"level":"DEBUG","location":"[get_call:168] fyersModel","message":{"Status Code":200,"API":"/options-chain-v3"},"timestamp":"2026-10-06 01:06:46,698+0530","service":"FyersAPIRequest","taskName":"Task-526"}
{"level":"DEBUG","location":"[get_call:168] fyersModel","message":{"Status Code":200,"API":"/quotes"},"timestamp":"2026-10-06 01:06:46,813+0530","service":"FyersAPIRequest","taskName":"Task-565"}
{"level":"DEBUG","location":"[get_call:168] fyersModel","message":{"Status Code":200,"API":"/options-chain-v3"},"timestamp":"2026-10-06 01:06:46,882+0530","service":"FyersAPIRequest","taskName":"Task-565"}
{"level":"DEBUG","location":"[get_call:168] fyersModel","message":{"Status Code":200,"API":"/quotes"},"timestamp":"2026-10-06 01:06:46,966+0530","service":"FyersAPIRequest","taskName":"Task-566"}
{"level":"DEBUG","location":"[get_call:168] fyersModel","message":{"Status Code":200,"API":"/options-chain-v3"},"timestamp":"2026-10-06 01:06:47,026+0530","service":"FyersAPIRequest","taskName":"Task-566"}
{"level":"DEBUG","location":"[get_call:168] fyersModel","message":{"Status Code":200,"API":"/quotes"},"timestamp":"2026-10-06 01:06:48,278+0530","service":"FyersAPIRequest"}
{"level":"DEBUG","location":"[get_call:168] fyersModel","message":{"Status Code":200,"API":"/options-chain-v3"},"timestamp":"2026-10-06 01:06:48,316+0530","service":"FyersAPIRequest"}
{"level":"DEBUG","location":"[get_call:168] fyersModel","message":{"Status Code":200,"API":"/quotes"},"timestamp":"2026-10-06 01:06:48,473+0530","service":"FyersAPIRequest","taskName":"Task-569"}
{"level":"DEBUG","location":"[get_call:168] fyersModel","message":{"Status Code":200,"API":"/options-chain-v3"},"timestamp":"2026-10-06 01:06:48,513+0530","service":"FyersAPIRequest","taskName":"Task-569"}
{"level":"DEBUG","location":"[get_call:168] fyersModel","message":{"Status Code":200,"API":"/quotes"},"timestamp":"2026-10-06 01:06:48,834+0530","service":"FyersAPIRequest","taskName":"Task-526"}
{"level":"DEBUG","location":"[get_call:168] fyersModel","message":{"Status Code":200,"API":"/options-chain-v3"},"timestamp":"2026-10-06 01:06:48,873+0530","service":"FyersAPIRequest","taskName":"Task-526"}
{"level":"DEBUG","location":"[get_call:168] fyersModel","message":{"Status Code":200,"API":"/quotes"},"timestamp":"2026-10-06 01:06:48,979+0530","service":"FyersAPIRequest","taskName":"Task-570"}
{"level":"DEBUG","location":"[get_call:168] fyersModel","message":{"Status Code":200,"API":"/options-chain-v3"},"timestamp":"2026-10-06 01:06:49,025+0530","service":"FyersAPIRequest","taskName":"Task-570"}
{"level":"DEBUG","location":"[get_call:168] fyersModel","message":{"Status Code":200,"API":"/quotes"},"timestamp":"2026-10-06 01:06:51,000+0530","service":"FyersAPIRequest","taskName":"Task-526"}
{"level":"DEBUG","location":"[get_call:168] fyersModel","message":{"Status Code":200,"API":"/options-chain-v3"},"timestamp":"2026-10-06 01:06:51,035+0530","service":"FyersAPIRequest","taskName":"Task-526"}
{"level":"DEBUG","location":"[get_call:168] fyersModel","message":{"Status Code":200,"API":"/quotes"},"timestamp":"2026-10-06 01:06:51,113+0530","service":"FyersAPIRequest","taskName":"Task-571"}
{"level":"DEBUG","location":"[get_call:168] fyersModel","message":{"Status Code":200,"API":"/options-chain-v3"},"timestamp":"2026-10-06 01:06:51,159+0530","service":"FyersAPIRequest","taskName":"Task-571"}
{"level":"DEBUG","location":"[get_call:168] fyersModel","message":{"Status Code":200,"API":"/quotes"},"timestamp":"2026-10-06 01:06:52,681+0530","service":"FyersAPIRequest"}
{"level":"DEBUG","location":"[get_call:168] fyersModel","message":{"Status Code":200,"API":"/options-chain-v3"},"timestamp":"2026-10-06 01:06:52,729+0530","service":"FyersAPIRequest"}
{"level":"DEBUG","location":"[get_call:168] fyersModel","message":{"Status Code":200,"API":"/quotes"},"timestamp":"2026-10-06 01:06:53,039+0530","service":"FyersAPIRequest","taskName":"Task-574"}
{"level":"DEBUG","location":"[get_call:168] fyersModel","message":{"Status Code":200,"API":"/options-chain-v3"},"timestamp":"2026-10-06 01:06:53,086+0530","service":"FyersAPIRequest","taskName":"Task-574"}
{"level":"DEBUG","location":"[get_call:168] fyersModel","message":{"Status Code":200,"API":"/quotes"},"timestamp":"2026-10-06 01:06:53,141+0530","service":"FyersAPIRequest","taskName":"Task-526"}
{"level":"DEBUG","location":"[get_call:168] fyersModel","message":{"Status Code":200,"API":"/options-chain-v3"},"timestamp":"2026-10-06 01:06:53,446+0530","service":"FyersAPIRequest","taskName":"Task-526"}
{"level":"DEBUG","location":"[get_call:168] fyersModel","message":{"Status Code":200,"API":"/quotes"},"timestamp":"2026-10-06 01:06:53,493+0530","service":"FyersAPIRequest","taskName":"Task-575"}
{"level":"DEBUG","location":"[get_call:168] fyersModel","message":{"Status Code":200,"API":"/options-chain-v3"},"timestamp":"2026-10-06 01:06:53,524+0530","service":"FyersAPIRequest","taskName":"Task-575"}
{"level":"DEBUG","location":"[get_call:168] fyersModel","message":{"Status Code":200,"API":"/quotes"},"timestamp":"2026-10-06 01:06:55,523+0530","service":"FyersAPIRequest","taskName":"Task-526"}
{"level":"DEBUG","location":"[get_call:168] fyersModel","message":{"Status Code":200,"API":"/options-chain-v3"},"timestamp":"2026-10-06 01:06:55,612+0530","service":"FyersAPIRequest","taskName":"Task-526"}
{"level":"DEBUG","location":"[get_call:168] fyersModel","message":{"Status Code":200,"API":"/quotes"},"timestamp":"2026-10-06 01:06:55,716+0530","service":"FyersAPIRequest","taskName":"Task-576"}
{"level":"DEBUG","location":"[get_call:168] fyersModel","message":{"Status Code":200,"API":"/options-chain-v3"},"timestamp":"2026-10-06 01:06:55,758+0530","service":"FyersAPIRequest","taskName":"Task-576"}
{"level":"DEBUG","location":"[get_call:168] fyersModel","message":{"Status Code":200,"API":"/quotes"},"timestamp":"2026-10-06 01:06:56,548+0530","service":"FyersAPIRequest","taskName":"Task-579"}
{"level":"DEBUG","location":"[get_call:168] fyersModel","message":{"Status Code":200,"API":"/options-chain-v3"},"timestamp":"2026-10-06 01:06:56,608+0530","service":"FyersAPIRequest","taskName":"Task-579"}
{"level":"DEBUG","location":"[get_call:168] fyersModel","message":{"Status Code":200,"API":"/quotes"},"timestamp":"2026-10-06 01:06:56,827+0530","service":"FyersAPIRequest"}
{"level":"DEBUG","location":"[get_call:168] fyersModel","message":{"Status Code":200,"API":"/options-chain-v3"},"timestamp":"2026-10-06 01:06:56,881+0530","service":"FyersAPIRequest"}
{"level":"DEBUG","location":"[get_call:168] fyersModel","message":{"Status Code":200,"API":"/quotes"},"timestamp":"2026-10-06 01:06:57,728+0530","service":"FyersAPIRequest","taskName":"Task-526"}
{"level":"DEBUG","location":"[get_call:168] fyersModel","message":{"Status Code":200,"API":"/options-chain-v3"},"timestamp":"2026-10-06 01:06:57,763+0530","service":"FyersAPIRequest","taskName":"Task-526"}
{"level":"DEBUG","location":"[get_call:168] fyersModel","message":{"Status Code":200,"API":"/quotes"},"timestamp":"2026-10-06 01:06:57,875+0530","service":"FyersAPIRequest","taskName":"Task-580"}
{"level":"DEBUG","location":"[get_call:168] fyersModel","message":{"Status Code":200,"API":"/options-chain-v3"},"timestamp":"2026-10-06 01:06:57,909+0530","service":"FyersAPIRequest","taskName":"Task-580"}
{"level":"DEBUG","location":"[get_call:168] fyersModel","message":{"Status Code":200,"API":"/quotes"},"timestamp":"2026-10-06 01:06:59,848+0530","service":"FyersAPIRequest","taskName":"Task-526"}
{"level":"DEBUG","location":"[get_call:168] fyersModel","message":{"Status Code":200,"API":"/options-chain-v3"},"timestamp":"2026-10-06 01:06:59,881+0530","service":"FyersAPIRequest","taskName":"Task-526"}
{"level":"DEBUG","location":"[get_call:168] fyersModel","message":{"Status Code":200,"API":"/quotes"},"timestamp":"2026-10-06 01:07:00,010+0530","service":"FyersAPIRequest","taskName":"Task-581"}
{"level":"DEBUG","location":"[get_call:168] fyersModel","message":{"Status Code":200,"API":"/options-chain-v3"},"timestamp":"2026-10-06 01:07:00,045+0530","service":"FyersAPIRequest","taskName":"Task-581"}
{"level":"DEBUG","location":"[get_call:168] fyersModel","message":{"Status Code":200,"API":"/quotes"},"timestamp":"2026-10-06 01:07:00,806+0530","service":"FyersAPIRequest","taskName":"Task-584"}
{"level":"DEBUG","location":"[get_call:168] fyersModel","message":{"Status Code":200,"API":"/options-chain-v3"},"timestamp":"2026-10-06 01:07:00,841+0530","service":"FyersAPIRequest","taskName":"Task-584"}
{"level":"DEBUG","location":"[get_call:168] fyersModel","message":{"Status Code":200,"API":"/quotes"},"timestamp":"2026-10-06 01:07:00,958+0530","service":"FyersAPIRequest"}
{"level":"DEBUG","location":"[get_call:168] fyersModel","message":{"Status Code":200,"API":"/options-chain-v3"},"timestamp":"2026-10-06 01:07:00,993+0530","service":"FyersAPIRequest"}
{"level":"DEBUG","location":"[get_call:168] fyersModel","message":{"Status Code":200,"API":"/quotes"},"timestamp":"2026-10-06 01:07:01,988+0530","service":"FyersAPIRequest","taskName":"Task-526"}
{"level":"DEBUG","location":"[get_call:168] fyersModel","message":{"Status Code":200,"API":"/options-chain-v3"},"timestamp":"2026-10-06 01:07:02,028+0530","service":"FyersAPIRequest","taskName":"Task-526"}
{"level":"DEBUG","location":"[get_call:168] fyersModel","message":{"Status Code":200,"API":"/quotes"},"timestamp":"2026-10-06 01:07:02,085+0530","service":"FyersAPIRequest","taskName":"Task-585"}
{"level":"DEBUG","location":"[get_call:168] fyersModel","message":{"Status Code":200,"API":"/options-chain-v3"},"timestamp":"2026-10-06 01:07:02,120+0530","service":"FyersAPIRequest","taskName":"Task-585"}
{"level":"DEBUG","location":"[get_call:168] fyersModel","message":{"Status Code":200,"API":"/quotes"},"timestamp":"2026-10-06 01:07:04,149+0530","service":"FyersAPIRequest","taskName":"Task-526"}
{"level":"DEBUG","location":"[get_call:168] fyersModel","message":{"Status Code":200,"API":"/options-chain-v3"},"timestamp":"2026-10-06 01:07:04,220+0530","service":"FyersAPIRequest","taskName":"Task-526"}
{"level":"DEBUG","location":"[get_call:168] fyersModel","message":{"Status Code":200,"API":"/quotes"},"timestamp":"2026-10-06 01:07:04,424+0530","service":"FyersAPIRequest","taskName":"Task-586"}
{"level":"DEBUG","location":"[get_call:168] fyersModel","message":{"Status Code":200,"API":"/options-chain-v3"},"timestamp":"2026-10-06 01:07:04,468+0530","service":"FyersAPIRequest","taskName":"Task-586"}
{"level":"DEBUG","location":"[get_call:168] fyersModel","message":{"Status Code":200,"API":"/quotes"},"timestamp":"2026-10-06 01:07:06,195+0530","service":"FyersAPIRequest"}
{"level":"DEBUG","location":"[get_call:168] fyersModel","message":{"Status Code":200,"API":"/options-chain-v3"},"timestamp":"2026-10-06 01:07:06,227+0530","service":"FyersAPIRequest"}
{"level":"DEBUG","location":"[get_call:168] fyersModel","message":{"Status Code":200,"API":"/quotes"},"timestamp":"2026-10-06 01:07:06,297+0530","service":"FyersAPIRequest","taskName":"Task-590"}
{"level":"DEBUG","location":"[get_call:168] fyersModel","message":{"Status Code":200,"API":"/options-chain-v3"},"timestamp":"2026-10-06 01:07:06,326+0530","service":"FyersAPIRequest","taskName":"Task-590"}
{"level":"DEBUG","location":"[get_call:168] fyersModel","message":{"Status Code":200,"API":"/quotes"},"timestamp":"2026-10-06 01:07:06,366+0530","service":"FyersAPIRequest","taskName":"Task-526"}
{"level":"DEBUG","location":"[get_call:168] fyersModel","message":{"Status Code":200,"API":"/options-chain-v3"},"timestamp":"2026-10-06 01:07:06,394+0530","service":"FyersAPIRequest","taskName":"Task-526"}
{"level":"DEBUG","location":"[get_call:168] fyersModel","message":{"Status Code":200,"API":"/quotes"},"timestamp":"2026-10-06 01:07:06,436+0530","service":"FyersAPIRequest","taskName":"Task-591"}
{"level":"DEBUG","location":"[get_call:168] fyersModel","message":{"Status Code":200,"API":"/options-chain-v3"},"timestamp":"2026-10-06 01:07:06,462+0530","service":"FyersAPIRequest","taskName":"Task-591"}
{"level":"DEBUG","location":"[get_call:168] fyersModel","message":{"Status Code":200,"API":"/quotes"},"timestamp":"2026-10-06 01:07:08,440+0530","service":"FyersAPIRequest","taskName":"Task-526"}
{"level":"DEBUG","location":"[get_call:168] fyersModel","message":{"Status Code":200,"API":"/options-chain-v3"},"timestamp":"2026-10-06 01:07:08,466+0530","service":"FyersAPIRequest","taskName":"Task-526"}
{"level":"DEBUG","location":"[get_call:168] fyersModel","message":{"Status Code":200,"API":"/quotes"},"timestamp":"2026-10-06 01:07:08,522+0530","service":"FyersAPIRequest","taskName":"Task-592"}
{"level":"DEBUG","location":"[get_call:168] fyersModel","message":{"Status Code":200,"API":"/options-chain-v3"},"timestamp":"2026-10-06 01:07:08,550+0530","service":"FyersAPIRequest","taskName":"Task-592"}
{"level":"DEBUG","location":"[get_call:168] fyersModel","message":{"Status Code":200,"API":"/quotes"},"timestamp":"2026-10-06 01:07:09,420+0530","service":"FyersAPIRequest","taskName":"Task-595"}
{"level":"DEBUG","location":"[get_call:168] fyersModel","message":{"Status Code":200,"API":"/options-chain-v3"},"timestamp":"2026-10-06 01:07:09,448+0530","service":"FyersAPIRequest","taskName":"Task-595"}
{"level":"DEBUG","location":"[get_call:168] fyersModel","message":{"Status Code":200,"API":"/quotes"},"timestamp":"2026-10-06 01:07:10,277+0530","service":"FyersAPIRequest"}
{"level":"DEBUG","location":"[get_call:168] fyersModel","message":{"Status Code":200,"API":"/options-chain-v3"},"timestamp":"2026-10-06 01:07:10,306+0530","service":"FyersAPIRequest"}
{"level":"DEBUG","location":"[get_call:168] fyersModel","message":{"Status Code":200,"API":"/quotes"},"timestamp":"2026-10-06 01:07:10,528+0530","service":"FyersAPIRequest","taskName":"Task-526"}
{"level":"DEBUG","location":"[get_call:168] fyersModel","message":{"Status Code":200,"API":"/options-chain-v3"},"timestamp":"2026-10-06 01:07:10,553+0530","service":"FyersAPIRequest","taskName":"Task-526"}
{"level":"DEBUG","location":"[get_call:168] fyersModel","message":{"Status Code":200,"API":"/quotes"},"timestamp":"2026-10-06 01:07:10,592+0530","service":"FyersAPIRequest","taskName":"Task-596"}
{"level":"DEBUG","location":"[get_call:168] fyersModel","message":{"Status Code":200,"API":"/options-chain-v3"},"timestamp":"2026-10-06 01:07:10,620+0530","service":"FyersAPIRequest","taskName":"Task-596"}
{"level":"DEBUG","location":"[get_call:168] fyersModel","message":{"Status Code":200,"API":"/quotes"},"timestamp":"2026-10-06 01:07:12,571+0530","service":"FyersAPIRequest","taskName":"Task-526"}
{"level":"DEBUG","location":"[get_call:168] fyersModel","message":{"Status Code":200,"API":"/options-chain-v3"},"timestamp":"2026-10-06 01:07:12,600+0530","service":"FyersAPIRequest","taskName":"Task-526"}
{"level":"DEBUG","location":"[get_call:168] fyersModel","message":{"Status Code":200,"API":"/quotes"},"timestamp":"2026-10-06 01:07:12,647+0530","service":"FyersAPIRequest","taskName":"Task-597"}
{"level":"DEBUG","location":"[get_call:168] fyersModel","message":{"Status Code":200,"API":"/options-chain-v3"},"timestamp":"2026-10-06 01:07:12,906+0530","service":"FyersAPIRequest","taskName":"Task-597"}
{"level":"DEBUG","location":"[get_call:168] fyersModel","message":{"Status Code":200,"API":"/quotes"},"timestamp":"2026-10-06 01:07:13,420+0530","service":"FyersAPIRequest","taskName":"Task-600"}
{"level":"DEBUG","location":"[get_call:168] fyersModel","message":{"Status Code":200,"API":"/options-chain-v3"},"timestamp":"2026-10-06 01:07:13,458+0530","service":"FyersAPIRequest","taskName":"Task-600"}
{"level":"DEBUG","location":"[get_call:168] fyersModel","message":{"Status Code":200,"API":"/quotes"},"timestamp":"2026-10-06 01:07:14,343+0530","service":"FyersAPIRequest"}
{"level":"DEBUG","location":"[get_call:168] fyersModel","message":{"Status Code":200,"API":"/options-chain-v3"},"timestamp":"2026-10-06 01:07:14,370+0530","service":"FyersAPIRequest"}
{"level":"DEBUG","location":"[get_call:168] fyersModel","message":{"Status Code":200,"API":"/profile"},"timestamp":"2026-10-06 01:07:15,336+0530","service":"FyersAPIRequest","taskName":"Task-526"}
{"level":"DEBUG","location":"[get_call:168] fyersModel","message":{"Status Code":200,"API":"/quotes"},"timestamp":"2026-10-06 01:07:15,357+0530","service":"FyersAPIRequest","taskName":"Task-526"}
{"level":"DEBUG","location":"[get_call:168] fyersModel","message":{"Status Code":200,"API":"/options-chain-v3"},"timestamp":"2026-10-06 01:07:15,386+0530","service":"FyersAPIRequest","taskName":"Task-526"}
{"level":"DEBUG","location":"[get_call:168] fyersModel","message":{"Status Code":200,"API":"/quotes"},"timestamp":"2026-10-06 01:07:15,429+0530","service":"FyersAPIRequest","taskName":"Task-601"}
{"level":"DEBUG","location":"[get_call:168] fyersModel","message":{"Status Code":200,"API":"/options-chain-v3"},"timestamp":"2026-10-06 01:07:15,456+0530","service":"FyersAPIRequest","taskName":"Task-601"}
{"level":"DEBUG","location":"[get_call:168] fyersModel","message":{"Status Code":200,"API":"/quotes"},"timestamp":"2026-10-06 01:07:17,515+0530","service":"FyersAPIRequest","taskName":"Task-526"}
{"level":"DEBUG","location":"[get_call:168] fyersModel","message":{"Status Code":200,"API":"/options-chain-v3"},"timestamp":"2026-10-06 01:07:17,560+0530","service":"FyersAPIRequest","taskName":"Task-526"}
{"level":"DEBUG","location":"[get_call:168] fyersModel","message":{"Status Code":200,"API":"/quotes"},"timestamp":"2026-10-06 01:07:17,610+0530","service":"FyersAPIRequest","taskName":"Task-604"}
{"level":"DEBUG","location":"[get_call:168] fyersModel","message":{"Status Code":200,"API":"/options-chain-v3"},"timestamp":"2026-10-06 01:07:17,644+0530","service":"FyersAPIRequest","taskName":"Task-604"}
{"level":"DEBUG","location":"[get_call:168] fyersModel","message":{"Status Code":200,"API":"/quotes"},"timestamp":"2026-10-06 01:07:17,700+0530","service":"FyersAPIRequest","taskName":"Task-606"}
{"level":"DEBUG","location":"[get_call:168] fyersModel","message":{"Status Code":200,"API":"/options-chain-v3"},"timestamp":"2026-10-06 01:07:17,735+0530","service":"FyersAPIRequest","taskName":"Task-606"}
{"level":"DEBUG","location":"[get_call:168] fyersModel","message":{"Status Code":200,"API":"/quotes"},"timestamp":"2026-10-06 01:07:18,412+0530","service":"FyersAPIRequest"}
{"level":"DEBUG","location":"[get_call:168] fyersModel","message":{"Status Code":200,"API":"/options-chain-v3"},"timestamp":"2026-10-06 01:07:18,438+0530","service":"FyersAPIRequest"}
{"level":"DEBUG","location":"[get_call:168] fyersModel","message":{"Status Code":200,"API":"/quotes"},"timestamp":"2026-10-06 01:07:19,604+0530","service":"FyersAPIRequest","taskName":"Task-526"}
{"level":"DEBUG","location":"[get_call:168] fyersModel","message":{"Status Code":200,"API":"/options-chain-v3"},"timestamp":"2026-10-06 01:07:19,630+0530","service":"FyersAPIRequest","taskName":"Task-526"}
{"level":"DEBUG","location":"[get_call:168] fyersModel","message":{"Status Code":200,"API":"/quotes"},"timestamp":"2026-10-06 01:07:19,678+0530","service":"FyersAPIRequest","taskName":"Task-607"}
{"level":"DEBUG","location":"[get_call:168] fyersModel","message":{"Status Code":200,"API":"/options-chain-v3"},"timestamp":"2026-10-06 01:07:19,709+0530","service":"FyersAPIRequest","taskName":"Task-607"}
{"level":"DEBUG","location":"[get_call:168] fyersModel","message":{"Status Code":200,"API":"/quotes"},"timestamp":"2026-10-06 01:07:21,429+0530","service":"FyersAPIRequest","taskName":"Task-610"}
{"level":"DEBUG","location":"[get_call:168] fyersModel","message":{"Status Code":200,"API":"/options-chain-v3"},"timestamp":"2026-10-06 01:07:21,471+0530","service":"FyersAPIRequest","taskName":"Task-610"}
{"level":"DEBUG","location":"[get_call:168] fyersModel","message":{"Status Code":200,"API":"/quotes"},"timestamp":"2026-10-06 01:07:21,706+0530","service":"FyersAPIRequest","taskName":"Task-526"}
{"level":"DEBUG","location":"[get_call:168] fyersModel","message":{"Status Code":200,"API":"/options-chain-v3"},"timestamp":"2026-10-06 01:07:21,752+0530","service":"FyersAPIRequest","taskName":"Task-526"}
{"level":"DEBUG","location":"[get_call:168] fyersModel","message":{"Status Code":200,"API":"/quotes"},"timestamp":"2026-10-06 01:07:21,859+0530","service":"FyersAPIRequest","taskName":"Task-611"}
{"level":"DEBUG","location":"[get_call:168] fyersModel","message":{"Status Code":200,"API":"/options-chain-v3"},"timestamp":"2026-10-06 01:07:21,891+0530","service":"FyersAPIRequest","taskName":"Task-611"}
{"level":"DEBUG","location":"[get_call:168] fyersModel","message":{"Status Code":200,"API":"/quotes"},"timestamp":"2026-10-06 01:07:22,483+0530","service":"FyersAPIRequest"}
{"level":"DEBUG","location":"[get_call:168] fyersModel","message":{"Status Code":200,"API":"/options-chain-v3"},"timestamp":"2026-10-06 01:07:22,522+0530","service":"FyersAPIRequest"}
{"level":"DEBUG","location":"[get_call:168] fyersModel","message":{"Status Code":200,"API":"/quotes"},"timestamp":"2026-10-06 01:07:23,812+0530","service":"FyersAPIRequest","taskName":"Task-526"}
{"level":"DEBUG","location":"[get_call:168] fyersModel","message":{"Status Code":200,"API":"/options-chain-v3"},"timestamp":"2026-10-06 01:07:23,844+0530","service":"FyersAPIRequest","taskName":"Task-526"}
{"level":"DEBUG","location":"[get_call:168] fyersModel","message":{"Status Code":200,"API":"/quotes"},"timestamp":"2026-10-06 01:07:23,896+0530","service":"FyersAPIRequest","taskName":"Task-612"}
{"level":"DEBUG","location":"[get_call:168] fyersModel","message":{"Status Code":200,"API":"/options-chain-v3"},"timestamp":"2026-10-06 01:07:23,929+0530","service":"FyersAPIRequest","taskName":"Task-612"}
{"level":"DEBUG","location":"[get_call:168] fyersModel","message":{"Status Code":200,"API":"/quotes"},"timestamp":"2026-10-06 01:07:25,445+0530","service":"FyersAPIRequest","taskName":"Task-615"}
{"level":"DEBUG","location":"[get_call:168] fyersModel","message":{"Status Code":200,"API":"/options-chain-v3"},"timestamp":"2026-10-06 01:07:25,475+0530","service":"FyersAPIRequest","taskName":"Task-615"}
{"level":"DEBUG","location":"[get_call:168] fyersModel","message":{"Status Code":200,"API":"/quotes"},"timestamp":"2026-10-06 01:07:25,902+0530","service":"FyersAPIRequest","taskName":"Task-526"}
{"level":"DEBUG","location":"[get_call:168] fyersModel","message":{"Status Code":200,"API":"/options-chain-v3"},"timestamp":"2026-10-06 01:07:25,929+0530","service":"FyersAPIRequest","taskName":"Task-526"}
{"level":"DEBUG","location":"[get_call:168] fyersModel","message":{"Status Code":200,"API":"/quotes"},"timestamp":"2026-10-06 01:07:25,975+0530","service":"FyersAPIRequest","taskName":"Task-616"}
{"level":"DEBUG","location":"[get_call:168] fyersModel","message":{"Status Code":200,"API":"/options-chain-v3"},"timestamp":"2026-10-06 01:07:26,002+0530","service":"FyersAPIRequest","taskName":"Task-616"}
{"level":"DEBUG","location":"[get_call:168] fyersModel","message":{"Status Code":200,"API":"/quotes"},"timestamp":"2026-10-06 01:07:26,591+0530","service":"FyersAPIRequest"}
{"level":"DEBUG","location":"[get_call:168] fyersModel","message":{"Status Code":200,"API":"/options-chain-v3"},"timestamp":"2026-10-06 01:07:26,635+0530","service":"FyersAPIRequest"}
{"level":"DEBUG","location":"[get_call:168] fyersModel","message":{"Status Code":200,"API":"/quotes"},"timestamp":"2026-10-06 01:07:28,334+0530","service":"FyersAPIRequest","taskName":"Task-526"}
{"level":"DEBUG","location":"[get_call:168] fyersModel","message":{"Status Code":200,"API":"/options-chain-v3"},"timestamp":"2026-10-06 01:07:28,365+0530","service":"FyersAPIRequest","taskName":"Task-526"}
{"level":"DEBUG","location":"[get_call:168] fyersModel","message":{"Status Code":200,"API":"/quotes"},"timestamp":"2026-10-06 01:07:28,549+0530","service":"FyersAPIRequest","taskName":"Task-617"}
{"level":"DEBUG","location":"[get_call:168] fyersModel","message":{"Status Code":200,"API":"/options-chain-v3"},"timestamp":"2026-10-06 01:07:28,580+0530","service":"FyersAPIRequest","taskName":"Task-617"}
{"level":"DEBUG","location":"[get_call:168] fyersModel","message":{"Status Code":200,"API":"/quotes"},"timestamp":"2026-10-06 01:07:29,508+0530","service":"FyersAPIRequest","taskName":"Task-620"}
{"level":"DEBUG","location":"[get_call:168] fyersModel","message":{"Status Code":200,"API":"/options-chain-v3"},"timestamp":"2026-10-06 01:07:29,542+0530","service":"FyersAPIRequest","taskName":"Task-620"}
{"level":"DEBUG","location":"[get_call:168] fyersModel","message":{"Status Code":200,"API":"/quotes"},"timestamp":"2026-10-06 01:07:30,432+0530","service":"FyersAPIRequest","taskName":"Task-526"}
{"level":"DEBUG","location":"[get_call:168] fyersModel","message":{"Status Code":200,"API":"/options-chain-v3"},"timestamp":"2026-10-06 01:07:30,463+0530","service":"FyersAPIRequest","taskName":"Task-526"}
{"level":"DEBUG","location":"[get_call:168] fyersModel","message":{"Status Code":200,"API":"/quotes"},"timestamp":"2026-10-06 01:07:30,511+0530","service":"FyersAPIRequest","taskName":"Task-621"}
{"level":"DEBUG","location":"[get_call:168] fyersModel","message":{"Status Code":200,"API":"/options-chain-v3"},"timestamp":"2026-10-06 01:07:30,537+0530","service":"FyersAPIRequest","taskName":"Task-621"}
{"level":"DEBUG","location":"[get_call:168] fyersModel","message":{"Status Code":200,"API":"/quotes"},"timestamp":"2026-10-06 01:07:30,691+0530","service":"FyersAPIRequest"}
{"level":"DEBUG","location":"[get_call:168] fyersModel","message":{"Status Code":200,"API":"/options-chain-v3"},"timestamp":"2026-10-06 01:07:30,721+0530","service":"FyersAPIRequest"}
{"level":"DEBUG","location":"[get_call:168] fyersModel","message":{"Status Code":200,"API":"/quotes"},"timestamp":"2026-10-06 01:07:32,532+0530","service":"FyersAPIRequest","taskName":"Task-526"}
{"level":"DEBUG","location":"[get_call:168] fyersModel","message":{"Status Code":200,"API":"/options-chain-v3"},"timestamp":"2026-10-06 01:07:32,562+0530","service":"FyersAPIRequest","taskName":"Task-526"}
{"level":"DEBUG","location":"[get_call:168] fyersModel","message":{"Status Code":200,"API":"/quotes"},"timestamp":"2026-10-06 01:07:32,606+0530","service":"FyersAPIRequest","taskName":"Task-622"}
{"level":"DEBUG","location":"[get_call:168] fyersModel","message":{"Status Code":200,"API":"/options-chain-v3"},"timestamp":"2026-10-06 01:07:32,637+0530","service":"FyersAPIRequest","taskName":"Task-622"}
{"level":"DEBUG","location":"[get_call:168] fyersModel","message":{"Status Code":200,"API":"/quotes"},"timestamp":"2026-10-06 01:07:33,426+0530","service":"FyersAPIRequest","taskName":"Task-625"}
{"level":"DEBUG","location":"[get_call:168] fyersModel","message":{"Status Code":200,"API":"/options-chain-v3"},"timestamp":"2026-10-06 01:07:33,767+0530","service":"FyersAPIRequest","taskName":"Task-625"}
{"level":"DEBUG","location":"[get_call:168] fyersModel","message":{"Status Code":200,"API":"/quotes"},"timestamp":"2026-10-06 01:07:34,627+0530","service":"FyersAPIRequest","taskName":"Task-526"}
{"level":"DEBUG","location":"[get_call:168] fyersModel","message":{"Status Code":200,"API":"/options-chain-v3"},"timestamp":"2026-10-06 01:07:34,660+0530","service":"FyersAPIRequest","taskName":"Task-526"}
{"level":"DEBUG","location":"[get_call:168] fyersModel","message":{"Status Code":200,"API":"/quotes"},"timestamp":"2026-10-06 01:07:34,720+0530","service":"FyersAPIRequest","taskName":"Task-626"}
{"level":"DEBUG","location":"[get_call:168] fyersModel","message":{"Status Code":200,"API":"/options-chain-v3"},"timestamp":"2026-10-06 01:07:34,753+0530","service":"FyersAPIRequest","taskName":"Task-626"}
{"level":"DEBUG","location":"[get_call:168] fyersModel","message":{"Status Code":200,"API":"/quotes"},"timestamp":"2026-10-06 01:07:36,524+0530","service":"FyersAPIRequest"}
{"level":"DEBUG","location":"[get_call:168] fyersModel","message":{"Status Code":200,"API":"/options-chain-v3"},"timestamp":"2026-10-06 01:07:36,567+0530","service":"FyersAPIRequest"}
{"level":"DEBUG","location":"[get_call:168] fyersModel","message":{"Status Code":200,"API":"/quotes"},"timestamp":"2026-10-06 01:07:37,003+0530","service":"FyersAPIRequest","taskName":"Task-526"}
{"level":"DEBUG","location":"[get_call:168] fyersModel","message":{"Status Code":200,"API":"/options-chain-v3"},"timestamp":"2026-10-06 01:07:37,036+0530","service":"FyersAPIRequest","taskName":"Task-526"}
{"level":"DEBUG","location":"[get_call:168] fyersModel","message":{"Status Code":200,"API":"/quotes"},"timestamp":"2026-10-06 01:07:37,079+0530","service":"FyersAPIRequest","taskName":"Task-627"}
{"level":"DEBUG","location":"[get_call:168] fyersModel","message":{"Status Code":200,"API":"/options-chain-v3"},"timestamp":"2026-10-06 01:07:37,109+0530","service":"FyersAPIRequest","taskName":"Task-627"}
{"level":"DEBUG","location":"[get_call:168] fyersModel","message":{"Status Code":200,"API":"/quotes"},"timestamp":"2026-10-06 01:07:37,536+0530","service":"FyersAPIRequest","taskName":"Task-630"}
{"level":"DEBUG","location":"[get_call:168] fyersModel","message":{"Status Code":200,"API":"/options-chain-v3"},"timestamp":"2026-10-06 01:07:37,615+0530","service":"FyersAPIRequest","taskName":"Task-630"}
{"level":"DEBUG","location":"[get_call:168] fyersModel","message":{"Status Code":200,"API":"/quotes"},"timestamp":"2026-10-06 01:07:39,077+0530","service":"FyersAPIRequest","taskName":"Task-526"}
{"level":"DEBUG","location":"[get_call:168] fyersModel","message":{"Status Code":200,"API":"/options-chain-v3"},"timestamp":"2026-10-06 01:07:39,123+0530","service":"FyersAPIRequest","taskName":"Task-526"}
{"level":"DEBUG","location":"[get_call:168] fyersModel","message":{"Status Code":200,"API":"/quotes"},"timestamp":"2026-10-06 01:07:39,169+0530","service":"FyersAPIRequest","taskName":"Task-631"}
{"level":"DEBUG","location":"[get_call:168] fyersModel","message":{"Status Code":200,"API":"/options-chain-v3"},"timestamp":"2026-10-06 01:07:39,201+0530","service":"FyersAPIRequest","taskName":"Task-631"}
{"level":"DEBUG","location":"[get_call:168] fyersModel","message":{"Status Code":200,"API":"/quotes"},"timestamp":"2026-10-06 01:07:40,629+0530","service":"FyersAPIRequest"}
{"level":"DEBUG","location":"[get_call:168] fyersModel","message":{"Status Code":200,"API":"/options-chain-v3"},"timestamp":"2026-10-06 01:07:40,675+0530","service":"FyersAPIRequest"}
{"level":"DEBUG","location":"[get_call:168] fyersModel","message":{"Status Code":200,"API":"/quotes"},"timestamp":"2026-10-06 01:07:41,187+0530","service":"FyersAPIRequest","taskName":"Task-526"}
{"level":"DEBUG","location":"[get_call:168] fyersModel","message":{"Status Code":200,"API":"/options-chain-v3"},"timestamp":"2026-10-06 01:07:41,222+0530","service":"FyersAPIRequest","taskName":"Task-526"}
{"level":"DEBUG","location":"[get_call:168] fyersModel","message":{"Status Code":200,"API":"/quotes"},"timestamp":"2026-10-06 01:07:41,301+0530","service":"FyersAPIRequest","taskName":"Task-632"}
{"level":"DEBUG","location":"[get_call:168] fyersModel","message":{"Status Code":200,"API":"/options-chain-v3"},"timestamp":"2026-10-06 01:07:41,418+0530","service":"FyersAPIRequest","taskName":"Task-632"}
{"level":"DEBUG","location":"[get_call:168] fyersModel","message":{"Status Code":200,"API":"/quotes"},"timestamp":"2026-10-06 01:07:41,956+0530","service":"FyersAPIRequest","taskName":"Task-636"}
{"level":"DEBUG","location":"[get_call:168] fyersModel","message":{"Status Code":200,"API":"/options-chain-v3"},"timestamp":"2026-10-06 01:07:41,999+0530","service":"FyersAPIRequest","taskName":"Task-636"}
{"level":"DEBUG","location":"[get_call:168] fyersModel","message":{"Status Code":200,"API":"/quotes"},"timestamp":"2026-10-06 01:07:43,280+0530","service":"FyersAPIRequest","taskName":"Task-526"}
{"level":"DEBUG","location":"[get_call:168] fyersModel","message":{"Status Code":200,"API":"/options-chain-v3"},"timestamp":"2026-10-06 01:07:43,323+0530","service":"FyersAPIRequest","taskName":"Task-526"}
{"level":"DEBUG","location":"[get_call:168] fyersModel","message":{"Status Code":200,"API":"/quotes"},"timestamp":"2026-10-06 01:07:43,391+0530","service":"FyersAPIRequest","taskName":"Task-637"}
{"level":"DEBUG","location":"[get_call:168] fyersModel","message":{"Status Code":200,"API":"/options-chain-v3"},"timestamp":"2026-10-06 01:07:43,426+0530","service":"FyersAPIRequest","taskName":"Task-637"}
{"level":"DEBUG","location":"[get_call:168] fyersModel","message":{"Status Code":200,"API":"/profile"},"timestamp":"2026-10-06 01:07:45,897+0530","service":"FyersAPIRequest"}
{"level":"DEBUG","location":"[get_call:168] fyersModel","message":{"Status Code":200,"API":"/quotes"},"timestamp":"2026-10-06 01:07:45,928+0530","service":"FyersAPIRequest"}
{"level":"DEBUG","location":"[get_call:168] fyersModel","message":{"Status Code":200,"API":"/options-chain-v3"},"timestamp":"2026-10-06 01:07:45,968+0530","service":"FyersAPIRequest"}
{"level":"DEBUG","location":"[get_call:168] fyersModel","message":{"Status Code":200,"API":"/profile"},"timestamp":"2026-10-06 01:07:46,216+0530","service":"FyersAPIRequest","taskName":"Task-526"}
{"level":"DEBUG","location":"[get_call:168] fyersModel","message":{"Status Code":200,"API":"/quotes"},"timestamp":"2026-10-06 01:07:46,246+0530","service":"FyersAPIRequest","taskName":"Task-526"}
{"level":"DEBUG","location":"[get_call:168] fyersModel","message":{"Status Code":200,"API":"/options-chain-v3"},"timestamp":"2026-10-06 01:07:46,277+0530","service":"FyersAPIRequest","taskName":"Task-526"}
{"level":"DEBUG","location":"[get_call:168] fyersModel","message":{"Status Code":200,"API":"/quotes"},"timestamp":"2026-10-06 01:07:46,333+0530","service":"FyersAPIRequest","taskName":"Task-639"}
{"level":"DEBUG","location":"[get_call:168] fyersModel","message":{"Status Code":200,"API":"/options-chain-v3"},"timestamp":"2026-10-06 01:07:46,368+0530","service":"FyersAPIRequest","taskName":"Task-639"}
{"level":"DEBUG","location":"[get_call:168] fyersModel","message":{"Status Code":200,"API":"/quotes"},"timestamp":"2026-10-06 01:07:46,462+0530","service":"FyersAPIRequest","taskName":"Task-641"}
{"level":"DEBUG","location":"[get_call:168] fyersModel","message":{"Status Code":200,"API":"/options-chain-v3"},"timestamp":"2026-10-06 01:07:46,496+0530","service":"FyersAPIRequest","taskName":"Task-641"}
{"level":"DEBUG","location":"[get_call:168] fyersModel","message":{"Status Code":200,"API":"/quotes"},"timestamp":"2026-10-06 01:07:48,322+0530","service":"FyersAPIRequest","taskName":"Task-526"}
{"level":"DEBUG","location":"[get_call:168] fyersModel","message":{"Status Code":200,"API":"/options-chain-v3"},"timestamp":"2026-10-06 01:07:48,356+0530","service":"FyersAPIRequest","taskName":"Task-526"}
{"level":"DEBUG","location":"[get_call:168] fyersModel","message":{"Status Code":200,"API":"/quotes"},"timestamp":"2026-10-06 01:07:48,401+0530","service":"FyersAPIRequest","taskName":"Task-642"}
{"level":"DEBUG","location":"[get_call:168] fyersModel","message":{"Status Code":200,"API":"/options-chain-v3"},"timestamp":"2026-10-06 01:07:48,435+0530","service":"FyersAPIRequest","taskName":"Task-642"}
{"level":"DEBUG","location":"[get_call:168] fyersModel","message":{"Status Code":200,"API":"/quotes"},"timestamp":"2026-10-06 01:07:49,428+0530","service":"FyersAPIRequest","taskName":"Task-645"}
{"level":"DEBUG","location":"[get_call:168] fyersModel","message":{"Status Code":200,"API":"/options-chain-v3"},"timestamp":"2026-10-06 01:07:49,459+0530","service":"FyersAPIRequest","taskName":"Task-645"}
{"level":"DEBUG","location":"[get_call:168] fyersModel","message":{"Status Code":200,"API":"/quotes"},"timestamp":"2026-10-06 01:07:50,013+0530","service":"FyersAPIRequest"}
{"level":"DEBUG","location":"[get_call:168] fyersModel","message":{"Status Code":200,"API":"/options-chain-v3"},"timestamp":"2026-10-06 01:07:50,039+0530","service":"FyersAPIRequest"}
{"level":"DEBUG","location":"[get_call:168] fyersModel","message":{"Status Code":200,"API":"/quotes"},"timestamp":"2026-10-06 01:07:50,409+0530","service":"FyersAPIRequest","taskName":"Task-526"}
{"level":"DEBUG","location":"[get_call:168] fyersModel","message":{"Status Code":200,"API":"/options-chain-v3"},"timestamp":"2026-10-06 01:07:50,441+0530","service":"FyersAPIRequest","taskName":"Task-526"}
{"level":"DEBUG","location":"[get_call:168] fyersModel","message":{"Status Code":200,"API":"/quotes"},"timestamp":"2026-10-06 01:07:50,503+0530","service":"FyersAPIRequest","taskName":"Task-646"}
{"level":"DEBUG","location":"[get_call:168] fyersModel","message":{"Status Code":200,"API":"/options-chain-v3"},"timestamp":"2026-10-06 01:07:50,535+0530","service":"FyersAPIRequest","taskName":"Task-646"}
{"level":"DEBUG","location":"[get_call:168] fyersModel","message":{"Status Code":200,"API":"/quotes"},"timestamp":"2026-10-06 01:07:52,514+0530","service":"FyersAPIRequest","taskName":"Task-526"}
{"level":"DEBUG","location":"[get_call:168] fyersModel","message":{"Status Code":200,"API":"/options-chain-v3"},"timestamp":"2026-10-06 01:07:52,567+0530","service":"FyersAPIRequest","taskName":"Task-526"}
{"level":"DEBUG","location":"[get_call:168] fyersModel","message":{"Status Code":200,"API":"/quotes"},"timestamp":"2026-10-06 01:07:52,612+0530","service":"FyersAPIRequest","taskName":"Task-647"}
{"level":"DEBUG","location":"[get_call:168] fyersModel","message":{"Status Code":200,"API":"/options-chain-v3"},"timestamp":"2026-10-06 01:07:52,650+0530","service":"FyersAPIRequest","taskName":"Task-647"}
{"level":"DEBUG","location":"[get_call:168] fyersModel","message":{"Status Code":200,"API":"/quotes"},"timestamp":"2026-10-06 01:07:53,709+0530","service":"FyersAPIRequest","taskName":"Task-650"}
{"level":"DEBUG","location":"[get_call:168] fyersModel","message":{"Status Code":200,"API":"/options-chain-v3"},"timestamp":"2026-10-06 01:07:53,739+0530","service":"FyersAPIRequest","taskName":"Task-650"}
{"level":"DEBUG","location":"[get_call:168] fyersModel","message":{"Status Code":200,"API":"/quotes"},"timestamp":"2026-10-06 01:07:54,354+0530","service":"FyersAPIRequest"}
{"level":"DEBUG","location":"[get_call:168] fyersModel","message":{"Status Code":200,"API":"/options-chain-v3"},"timestamp":"2026-10-06 01:07:54,383+0530","service":"FyersAPIRequest"}
{"level":"DEBUG","location":"[get_call:168] fyersModel","message":{"Status Code":200,"API":"/quotes"},"timestamp":"2026-10-06 01:07:54,914+0530","service":"FyersAPIRequest","taskName":"Task-526"}
{"level":"DEBUG","location":"[get_call:168] fyersModel","message":{"Status Code":200,"API":"/options-chain-v3"},"timestamp":"2026-10-06 01:07:54,958+0530","service":"FyersAPIRequest","taskName":"Task-526"}
{"level":"DEBUG","location":"[get_call:168] fyersModel","message":{"Status Code":200,"API":"/quotes"},"timestamp":"2026-10-06 01:07:55,158+0530","service":"FyersAPIRequest","taskName":"Task-651"}
{"level":"DEBUG","location":"[get_call:168] fyersModel","message":{"Status Code":200,"API":"/options-chain-v3"},"timestamp":"2026-10-06 01:07:55,213+0530","service":"FyersAPIRequest","taskName":"Task-651"}
{"level":"DEBUG","location":"[get_call:168] fyersModel","message":{"Status Code":200,"API":"/quotes"},"timestamp":"2026-10-06 01:07:57,016+0530","service":"FyersAPIRequest","taskName":"Task-526"}
{"level":"DEBUG","location":"[get_call:168] fyersModel","message":{"Status Code":200,"API":"/options-chain-v3"},"timestamp":"2026-10-06 01:07:57,047+0530","service":"FyersAPIRequest","taskName":"Task-526"}
{"level":"DEBUG","location":"[get_call:168] fyersModel","message":{"Status Code":200,"API":"/quotes"},"timestamp":"2026-10-06 01:07:57,130+0530","service":"FyersAPIRequest","taskName":"Task-652"}
{"level":"DEBUG","location":"[get_call:168] fyersModel","message":{"Status Code":200,"API":"/options-chain-v3"},"timestamp":"2026-10-06 01:07:57,166+0530","service":"FyersAPIRequest","taskName":"Task-652"}
{"level":"DEBUG","location":"[get_call:168] fyersModel","message":{"Status Code":200,"API":"/quotes"},"timestamp":"2026-10-06 01:07:57,439+0530","service":"FyersAPIRequest","taskName":"Task-655"}
{"level":"DEBUG","location":"[get_call:168] fyersModel","message":{"Status Code":200,"API":"/options-chain-v3"},"timestamp":"2026-10-06 01:07:57,514+0530","service":"FyersAPIRequest","taskName":"Task-655"}
{"level":"DEBUG","location":"[get_call:168] fyersModel","message":{"Status Code":200,"API":"/quotes"},"timestamp":"2026-10-06 01:07:58,427+0530","service":"FyersAPIRequest"}
{"level":"DEBUG","location":"[get_call:168] fyersModel","message":{"Status Code":200,"API":"/options-chain-v3"},"timestamp":"2026-10-06 01:07:58,736+0530","service":"FyersAPIRequest"}
{"level":"DEBUG","location":"[get_call:168] fyersModel","message":{"Status Code":200,"API":"/quotes"},"timestamp":"2026-10-06 01:07:59,133+0530","service":"FyersAPIRequest","taskName":"Task-526"}
{"level":"DEBUG","location":"[get_call:168] fyersModel","message":{"Status Code":200,"API":"/options-chain-v3"},"timestamp":"2026-10-06 01:07:59,174+0530","service":"FyersAPIRequest","taskName":"Task-526"}
{"level":"DEBUG","location":"[get_call:168] fyersModel","message":{"Status Code":200,"API":"/quotes"},"timestamp":"2026-10-06 01:07:59,243+0530","service":"FyersAPIRequest","taskName":"Task-656"}
{"level":"DEBUG","location":"[get_call:168] fyersModel","message":{"Status Code":200,"API":"/options-chain-v3"},"timestamp":"2026-10-06 01:07:59,278+0530","service":"FyersAPIRequest","taskName":"Task-656"}
{"level":"DEBUG","location":"[get_call:168] fyersModel","message":{"Status Code":200,"API":"/quotes"},"timestamp":"2026-10-06 01:08:01,257+0530","service":"FyersAPIRequest","taskName":"Task-526"}
{"level":"DEBUG","location":"[get_call:168] fyersModel","message":{"Status Code":200,"API":"/options-chain-v3"},"timestamp":"2026-10-06 01:08:01,287+0530","service":"FyersAPIRequest","taskName":"Task-526"}
{"level":"DEBUG","location":"[get_call:168] fyersModel","message":{"Status Code":200,"API":"/quotes"},"timestamp":"2026-10-06 01:08:01,329+0530","service":"FyersAPIRequest","taskName":"Task-657"}
{"level":"DEBUG","location":"[get_call:168] fyersModel","message":{"Status Code":200,"API":"/options-chain-v3"},"timestamp":"2026-10-06 01:08:01,355+0530","service":"FyersAPIRequest","taskName":"Task-657"}
{"level":"DEBUG","location":"[get_call:168] fyersModel","message":{"Status Code":200,"API":"/quotes"},"timestamp":"2026-10-06 01:08:01,617+0530","service":"FyersAPIRequest","taskName":"Task-660"}
{"level":"DEBUG","location":"[get_call:168] fyersModel","message":{"Status Code":200,"API":"/options-chain-v3"},"timestamp":"2026-10-06 01:08:01,655+0530","service":"FyersAPIRequest","taskName":"Task-660"}
{"level":"DEBUG","location":"[get_call:168] fyersModel","message":{"Status Code":200,"API":"/quotes"},"timestamp":"2026-10-06 01:08:02,774+0530","service":"FyersAPIRequest"}
{"level":"DEBUG","location":"[get_call:168] fyersModel","message":{"Status Code":200,"API":"/options-chain-v3"},"timestamp":"2026-10-06 01:08:02,806+0530","service":"FyersAPIRequest"}
{"level":"DEBUG","location":"[get_call:168] fyersModel","message":{"Status Code":200,"API":"/quotes"},"timestamp":"2026-10-06 01:08:03,335+0530","service":"FyersAPIRequest","taskName":"Task-526"}
{"level":"DEBUG","location":"[get_call:168] fyersModel","message":{"Status Code":200,"API":"/options-chain-v3"},"timestamp":"2026-10-06 01:08:03,365+0530","service":"FyersAPIRequest","taskName":"Task-526"}
{"level":"DEBUG","location":"[get_call:168] fyersModel","message":{"Status Code":200,"API":"/quotes"},"timestamp":"2026-10-06 01:08:03,409+0530","service":"FyersAPIRequest","taskName":"Task-661"}
{"level":"DEBUG","location":"[get_call:168] fyersModel","message":{"Status Code":200,"API":"/options-chain-v3"},"timestamp":"2026-10-06 01:08:03,440+0530","service":"FyersAPIRequest","taskName":"Task-661"}
{"level":"DEBUG","location":"[get_call:168] fyersModel","message":{"Status Code":200,"API":"/quotes"},"timestamp":"2026-10-06 01:08:05,409+0530","service":"FyersAPIRequest","taskName":"Task-526"}
{"level":"DEBUG","location":"[get_call:168] fyersModel","message":{"Status Code":200,"API":"/options-chain-v3"},"timestamp":"2026-10-06 01:08:05,442+0530","service":"FyersAPIRequest","taskName":"Task-526"}
{"level":"DEBUG","location":"[get_call:168] fyersModel","message":{"Status Code":200,"API":"/quotes"},"timestamp":"2026-10-06 01:08:05,533+0530","service":"FyersAPIRequest","taskName":"Task-663"}
{"level":"DEBUG","location":"[get_call:168] fyersModel","message":{"Status Code":200,"API":"/options-chain-v3"},"timestamp":"2026-10-06 01:08:05,563+0530","service":"FyersAPIRequest","taskName":"Task-663"}
{"level":"DEBUG","location":"[get_call:168] fyersModel","message":{"Status Code":200,"API":"/quotes"},"timestamp":"2026-10-06 01:08:05,643+0530","service":"FyersAPIRequest","taskName":"Task-666"}
{"level":"DEBUG","location":"[get_call:168] fyersModel","message":{"Status Code":200,"API":"/options-chain-v3"},"timestamp":"2026-10-06 01:08:05,671+0530","service":"FyersAPIRequest","taskName":"Task-666"}
{"level":"DEBUG","location":"[get_call:168] fyersModel","message":{"Status Code":200,"API":"/quotes"},"timestamp":"2026-10-06 01:08:07,072+0530","service":"FyersAPIRequest"}
{"level":"DEBUG","location":"[get_call:168] fyersModel","message":{"Status Code":200,"API":"/options-chain-v3"},"timestamp":"2026-10-06 01:08:07,100+0530","service":"FyersAPIRequest"}
{"level":"DEBUG","location":"[get_call:168] fyersModel","message":{"Status Code":200,"API":"/quotes"},"timestamp":"2026-10-06 01:08:07,506+0530","service":"FyersAPIRequest","taskName":"Task-526"}
{"level":"DEBUG","location":"[get_call:168] fyersModel","message":{"Status Code":200,"API":"/options-chain-v3"},"timestamp":"2026-10-06 01:08:07,534+0530","service":"FyersAPIRequest","taskName":"Task-526"}
{"level":"DEBUG","location":"[get_call:168] fyersModel","message":{"Status Code":200,"API":"/quotes"},"timestamp":"2026-10-06 01:08:07,588+0530","service":"FyersAPIRequest","taskName":"Task-667"}
{"level":"DEBUG","location":"[get_call:168] fyersModel","message":{"Status Code":200,"API":"/options-chain-v3"},"timestamp":"2026-10-06 01:08:07,622+0530","service":"FyersAPIRequest","taskName":"Task-667"}
{"level":"DEBUG","location":"[get_call:168] fyersModel","message":{"Status Code":200,"API":"/quotes"},"timestamp":"2026-10-06 01:08:09,583+0530","service":"FyersAPIRequest","taskName":"Task-526"}
{"level":"DEBUG","location":"[get_call:168] fyersModel","message":{"Status Code":200,"API":"/options-chain-v3"},"timestamp":"2026-10-06 01:08:09,614+0530","service":"FyersAPIRequest","taskName":"Task-526"}
{"level":"DEBUG","location":"[get_call:168] fyersModel","message":{"Status Code":200,"API":"/quotes"},"timestamp":"2026-10-06 01:08:09,677+0530","service":"FyersAPIRequest","taskName":"Task-668"}
{"level":"DEBUG","location":"[get_call:168] fyersModel","message":{"Status Code":200,"API":"/options-chain-v3"},"timestamp":"2026-10-06 01:08:09,710+0530","service":"FyersAPIRequest","taskName":"Task-668"}
{"level":"DEBUG","location":"[get_call:168] fyersModel","message":{"Status Code":200,"API":"/quotes"},"timestamp":"2026-10-06 01:08:11,134+0530","service":"FyersAPIRequest"}
{"level":"DEBUG","location":"[get_call:168] fyersModel","message":{"Status Code":200,"API":"/options-chain-v3"},"timestamp":"2026-10-06 01:08:11,161+0530","service":"FyersAPIRequest"}
{"level":"DEBUG","location":"[get_call:168] fyersModel","message":{"Status Code":200,"API":"/quotes"},"timestamp":"2026-10-06 01:08:11,687+0530","service":"FyersAPIRequest","taskName":"Task-526"}
{"level":"DEBUG","location":"[get_call:168] fyersModel","message":{"Status Code":200,"API":"/options-chain-v3"},"timestamp":"2026-10-06 01:08:11,713+0530","service":"FyersAPIRequest","taskName":"Task-526"}
{"level":"DEBUG","location":"[get_call:168] fyersModel","message":{"Status Code":200,"API":"/quotes"},"timestamp":"2026-10-06 01:08:11,760+0530","service":"FyersAPIRequest","taskName":"Task-669"}
{"level":"DEBUG","location":"[get_call:168] fyersModel","message":{"Status Code":200,"API":"/options-chain-v3"},"timestamp":"2026-10-06 01:08:11,790+0530","service":"FyersAPIRequest","taskName":"Task-669"}
{"level":"DEBUG","location":"[get_call:168] fyersModel","message":{"Status Code":200,"API":"/quotes"},"timestamp":"2026-10-06 01:08:13,782+0530","service":"FyersAPIRequest","taskName":"Task-526"}
{"level":"DEBUG","location":"[get_call:168] fyersModel","message":{"Status Code":200,"API":"/options-chain-v3"},"timestamp":"2026-10-06 01:08:13,813+0530","service":"FyersAPIRequest","taskName":"Task-526"}
{"level":"DEBUG","location":"[get_call:168] fyersModel","message":{"Status Code":200,"API":"/quotes"},"timestamp":"2026-10-06 01:08:13,887+0530","service":"FyersAPIRequest","taskName":"Task-670"}
{"level":"DEBUG","location":"[get_call:168] fyersModel","message":{"Status Code":200,"API":"/options-chain-v3"},"timestamp":"2026-10-06 01:08:13,914+0530","service":"FyersAPIRequest","taskName":"Task-670"}
{"level":"DEBUG","location":"[get_call:168] fyersModel","message":{"Status Code":200,"API":"/quotes"},"timestamp":"2026-10-06 01:08:15,250+0530","service":"FyersAPIRequest"}
{"level":"DEBUG","location":"[get_call:168] fyersModel","message":{"Status Code":200,"API":"/options-chain-v3"},"timestamp":"2026-10-06 01:08:15,332+0530","service":"FyersAPIRequest"}
{"level":"DEBUG","location":"[get_call:168] fyersModel","message":{"Status Code":200,"API":"/profile"},"timestamp":"2026-10-06 01:08:16,531+0530","service":"FyersAPIRequest","taskName":"Task-526"}
{"level":"DEBUG","location":"[get_call:168] fyersModel","message":{"Status Code":200,"API":"/quotes"},"timestamp":"2026-10-06 01:08:16,562+0530","service":"FyersAPIRequest","taskName":"Task-526"}
{"level":"DEBUG","location":"[get_call:168] fyersModel","message":{"Status Code":200,"API":"/options-chain-v3"},"timestamp":"2026-10-06 01:08:16,604+0530","service":"FyersAPIRequest","taskName":"Task-526"}
{"level":"DEBUG","location":"[get_call:168] fyersModel","message":{"Status Code":200,"API":"/quotes"},"timestamp":"2026-10-06 01:08:16,671+0530","service":"FyersAPIRequest","taskName":"Task-671"}
{"level":"DEBUG","location":"[get_call:168] fyersModel","message":{"Status Code":200,"API":"/options-chain-v3"},"timestamp":"2026-10-06 01:08:16,703+0530","service":"FyersAPIRequest","taskName":"Task-671"}
{"level":"DEBUG","location":"[get_call:168] fyersModel","message":{"Status Code":200,"API":"/quotes"},"timestamp":"2026-10-06 01:08:18,665+0530","service":"FyersAPIRequest","taskName":"Task-526"}
{"level":"DEBUG","location":"[get_call:168] fyersModel","message":{"Status Code":200,"API":"/options-chain-v3"},"timestamp":"2026-10-06 01:08:18,696+0530","service":"FyersAPIRequest","taskName":"Task-526"}
{"level":"DEBUG","location":"[get_call:168] fyersModel","message":{"Status Code":200,"API":"/quotes"},"timestamp":"2026-10-06 01:08:18,738+0530","service":"FyersAPIRequest","taskName":"Task-672"}
{"level":"DEBUG","location":"[get_call:168] fyersModel","message":{"Status Code":200,"API":"/options-chain-v3"},"timestamp":"2026-10-06 01:08:18,772+0530","service":"FyersAPIRequest","taskName":"Task-672"}
{"level":"DEBUG","location":"[get_call:168] fyersModel","message":{"Status Code":200,"API":"/quotes"},"timestamp":"2026-10-06 01:08:19,375+0530","service":"FyersAPIRequest"}
{"level":"DEBUG","location":"[get_call:168] fyersModel","message":{"Status Code":200,"API":"/options-chain-v3"},"timestamp":"2026-10-06 01:08:19,410+0530","service":"FyersAPIRequest"}
{"level":"DEBUG","location":"[get_call:168] fyersModel","message":{"Status Code":200,"API":"/quotes"},"timestamp":"2026-10-06 01:08:20,753+0530","service":"FyersAPIRequest","taskName":"Task-526"}
{"level":"DEBUG","location":"[get_call:168] fyersModel","message":{"Status Code":200,"API":"/options-chain-v3"},"timestamp":"2026-10-06 01:08:20,783+0530","service":"FyersAPIRequest","taskName":"Task-526"}
{"level":"DEBUG","location":"[get_call:168] fyersModel","message":{"Status Code":200,"API":"/quotes"},"timestamp":"2026-10-06 01:08:20,828+0530","service":"FyersAPIRequest","taskName":"Task-673"}
{"level":"DEBUG","location":"[get_call:168] fyersModel","message":{"Status Code":200,"API":"/options-chain-v3"},"timestamp":"2026-10-06 01:08:20,863+0530","service":"FyersAPIRequest","taskName":"Task-673"}
{"level":"DEBUG","location":"[get_call:168] fyersModel","message":{"Status Code":200,"API":"/quotes"},"timestamp":"2026-10-06 01:08:21,415+0530","service":"FyersAPIRequest","taskName":"Task-676"}
{"level":"DEBUG","location":"[get_call:168] fyersModel","message":{"Status Code":200,"API":"/options-chain-v3"},"timestamp":"2026-10-06 01:08:21,447+0530","service":"FyersAPIRequest","taskName":"Task-676"}
{"level":"DEBUG","location":"[get_call:168] fyersModel","message":{"Status Code":200,"API":"/quotes"},"timestamp":"2026-10-06 01:08:22,844+0530","service":"FyersAPIRequest","taskName":"Task-526"}
{"level":"DEBUG","location":"[get_call:168] fyersModel","message":{"Status Code":200,"API":"/options-chain-v3"},"timestamp":"2026-10-06 01:08:22,876+0530","service":"FyersAPIRequest","taskName":"Task-526"}
{"level":"DEBUG","location":"[get_call:168] fyersModel","message":{"Status Code":200,"API":"/quotes"},"timestamp":"2026-10-06 01:08:22,930+0530","service":"FyersAPIRequest","taskName":"Task-677"}
{"level":"DEBUG","location":"[get_call:168] fyersModel","message":{"Status Code":200,"API":"/options-chain-v3"},"timestamp":"2026-10-06 01:08:22,964+0530","service":"FyersAPIRequest","taskName":"Task-677"}
{"level":"DEBUG","location":"[get_call:168] fyersModel","message":{"Status Code":200,"API":"/quotes"},"timestamp":"2026-10-06 01:08:23,454+0530","service":"FyersAPIRequest"}
{"level":"DEBUG","location":"[get_call:168] fyersModel","message":{"Status Code":200,"API":"/options-chain-v3"},"timestamp":"2026-10-06 01:08:23,486+0530","service":"FyersAPIRequest"}
{"level":"DEBUG","location":"[get_call:168] fyersModel","message":{"Status Code":200,"API":"/quotes"},"timestamp":"2026-10-06 01:08:24,928+0530","service":"FyersAPIRequest","taskName":"Task-526"}
{"level":"DEBUG","location":"[get_call:168] fyersModel","message":{"Status Code":200,"API":"/options-chain-v3"},"timestamp":"2026-10-06 01:08:24,962+0530","service":"FyersAPIRequest","taskName":"Task-526"}
{"level":"DEBUG","location":"[get_call:168] fyersModel","message":{"Status Code":200,"API":"/quotes"},"timestamp":"2026-10-06 01:08:25,008+0530","service":"FyersAPIRequest","taskName":"Task-678"}
{"level":"DEBUG","location":"[get_call:168] fyersModel","message":{"Status Code":200,"API":"/options-chain-v3"},"timestamp":"2026-10-06 01:08:25,044+0530","service":"FyersAPIRequest","taskName":"Task-678"}
{"level":"DEBUG","location":"[get_call:168] fyersModel","message":{"Status Code":200,"API":"/quotes"},"timestamp":"2026-10-06 01:08:27,009+0530","service":"FyersAPIRequest","taskName":"Task-526"}
{"level":"DEBUG","location":"[get_call:168] fyersModel","message":{"Status Code":200,"API":"/options-chain-v3"},"timestamp":"2026-10-06 01:08:27,043+0530","service":"FyersAPIRequest","taskName":"Task-526"}
{"level":"DEBUG","location":"[get_call:168] fyersModel","message":{"Status Code":200,"API":"/quotes"},"timestamp":"2026-10-06 01:08:27,112+0530","service":"FyersAPIRequest","taskName":"Task-679"}
{"level":"DEBUG","location":"[get_call:168] fyersModel","message":{"Status Code":200,"API":"/options-chain-v3"},"timestamp":"2026-10-06 01:08:27,148+0530","service":"FyersAPIRequest","taskName":"Task-679"}
{"level":"DEBUG","location":"[get_call:168] fyersModel","message":{"Status Code":200,"API":"/quotes"},"timestamp":"2026-10-06 01:08:27,528+0530","service":"FyersAPIRequest"}
{"level":"DEBUG","location":"[get_call:168] fyersModel","message":{"Status Code":200,"API":"/options-chain-v3"},"timestamp":"2026-10-06 01:08:27,560+0530","service":"FyersAPIRequest"}
{"level":"DEBUG","location":"[get_call:168] fyersModel","message":{"Status Code":200,"API":"/quotes"},"timestamp":"2026-10-06 01:08:29,110+0530","service":"FyersAPIRequest","taskName":"Task-526"}
{"level":"DEBUG","location":"[get_call:168] fyersModel","message":{"Status Code":200,"API":"/options-chain-v3"},"timestamp":"2026-10-06 01:08:29,145+0530","service":"FyersAPIRequest","taskName":"Task-526"}
{"level":"DEBUG","location":"[get_call:168] fyersModel","message":{"Status Code":200,"API":"/quotes"},"timestamp":"2026-10-06 01:08:29,187+0530","service":"FyersAPIRequest","taskName":"Task-680"}
{"level":"DEBUG","location":"[get_call:168] fyersModel","message":{"Status Code":200,"API":"/options-chain-v3"},"timestamp":"2026-10-06 01:08:29,227+0530","service":"FyersAPIRequest","taskName":"Task-680"}
{"level":"DEBUG","location":"[get_call:168] fyersModel","message":{"Status Code":200,"API":"/quotes"},"timestamp":"2026-10-06 01:08:31,164+0530","service":"FyersAPIRequest","taskName":"Task-526"}
{"level":"DEBUG","location":"[get_call:168] fyersModel","message":{"Status Code":200,"API":"/options-chain-v3"},"timestamp":"2026-10-06 01:08:31,194+0530","service":"FyersAPIRequest","taskName":"Task-526"}
{"level":"DEBUG","location":"[get_call:168] fyersModel","message":{"Status Code":200,"API":"/quotes"},"timestamp":"2026-10-06 01:08:31,236+0530","service":"FyersAPIRequest","taskName":"Task-681"}
{"level":"DEBUG","location":"[get_call:168] fyersModel","message":{"Status Code":200,"API":"/options-chain-v3"},"timestamp":"2026-10-06 01:08:31,269+0530","service":"FyersAPIRequest","taskName":"Task-681"}
{"level":"DEBUG","location":"[get_call:168] fyersModel","message":{"Status Code":200,"API":"/quotes"},"timestamp":"2026-10-06 01:08:31,603+0530","service":"FyersAPIRequest"}
{"level":"DEBUG","location":"[get_call:168] fyersModel","message":{"Status Code":200,"API":"/options-chain-v3"},"timestamp":"2026-10-06 01:08:31,641+0530","service":"FyersAPIRequest"}
{"level":"DEBUG","location":"[get_call:168] fyersModel","message":{"Status Code":200,"API":"/quotes"},"timestamp":"2026-10-06 01:08:33,247+0530","service":"FyersAPIRequest","taskName":"Task-526"}
{"level":"DEBUG","location":"[get_call:168] fyersModel","message":{"Status Code":200,"API":"/options-chain-v3"},"timestamp":"2026-10-06 01:08:33,283+0530","service":"FyersAPIRequest","taskName":"Task-526"}
{"level":"DEBUG","location":"[get_call:168] fyersModel","message":{"Status Code":200,"API":"/quotes"},"timestamp":"2026-10-06 01:08:33,328+0530","service":"FyersAPIRequest","taskName":"Task-682"}
{"level":"DEBUG","location":"[get_call:168] fyersModel","message":{"Status Code":200,"API":"/options-chain-v3"},"timestamp":"2026-10-06 01:08:33,354+0530","service":"FyersAPIRequest","taskName":"Task-682"}
{"level":"DEBUG","location":"[get_call:168] fyersModel","message":{"Status Code":200,"API":"/quotes"},"timestamp":"2026-10-06 01:08:35,346+0530","service":"FyersAPIRequest","taskName":"Task-526"}
{"level":"DEBUG","location":"[get_call:168] fyersModel","message":{"Status Code":200,"API":"/options-chain-v3"},"timestamp":"2026-10-06 01:08:35,383+0530","service":"FyersAPIRequest","taskName":"Task-526"}
{"level":"DEBUG","location":"[get_call:168] fyersModel","message":{"Status Code":200,"API":"/quotes"},"timestamp":"2026-10-06 01:08:35,420+0530","service":"FyersAPIRequest","taskName":"Task-683"}
{"level":"DEBUG","location":"[get_call:168] fyersModel","message":{"Status Code":200,"API":"/options-chain-v3"},"timestamp":"2026-10-06 01:08:35,453+0530","service":"FyersAPIRequest","taskName":"Task-683"}
{"level":"DEBUG","location":"[get_call:168] fyersModel","message":{"Status Code":200,"API":"/quotes"},"timestamp":"2026-10-06 01:08:35,683+0530","service":"FyersAPIRequest"}
{"level":"DEBUG","location":"[get_call:168] fyersModel","message":{"Status Code":200,"API":"/options-chain-v3"},"timestamp":"2026-10-06 01:08:35,712+0530","service":"FyersAPIRequest"}
{"level":"DEBUG","location":"[get_call:168] fyersModel","message":{"Status Code":200,"API":"/quotes"},"timestamp":"2026-10-06 01:08:37,440+0530","service":"FyersAPIRequest","taskName":"Task-526"}
{"level":"DEBUG","location":"[get_call:168] fyersModel","message":{"Status Code":200,"API":"/options-chain-v3"},"timestamp":"2026-10-06 01:08:37,475+0530","service":"FyersAPIRequest","taskName":"Task-526"}
{"level":"DEBUG","location":"[get_call:168] fyersModel","message":{"Status Code":200,"API":"/quotes"},"timestamp":"2026-10-06 01:08:37,517+0530","service":"FyersAPIRequest","taskName":"Task-684"}
{"level":"DEBUG","location":"[get_call:168] fyersModel","message":{"Status Code":200,"API":"/options-chain-v3"},"timestamp":"2026-10-06 01:08:37,552+0530","service":"FyersAPIRequest","taskName":"Task-684"}
{"level":"DEBUG","location":"[get_call:168] fyersModel","message":{"Status Code":200,"API":"/quotes"},"timestamp":"2026-10-06 01:08:39,516+0530","service":"FyersAPIRequest","taskName":"Task-526"}
{"level":"DEBUG","location":"[get_call:168] fyersModel","message":{"Status Code":200,"API":"/options-chain-v3"},"timestamp":"2026-10-06 01:08:39,553+0530","service":"FyersAPIRequest","taskName":"Task-526"}
{"level":"DEBUG","location":"[get_call:168] fyersModel","message":{"Status Code":200,"API":"/quotes"},"timestamp":"2026-10-06 01:08:39,599+0530","service":"FyersAPIRequest","taskName":"Task-685"}
{"level":"DEBUG","location":"[get_call:168] fyersModel","message":{"Status Code":200,"API":"/options-chain-v3"},"timestamp":"2026-10-06 01:08:39,630+0530","service":"FyersAPIRequest","taskName":"Task-685"}
{"level":"DEBUG","location":"[get_call:168] fyersModel","message":{"Status Code":200,"API":"/quotes"},"timestamp":"2026-10-06 01:08:39,751+0530","service":"FyersAPIRequest"}
{"level":"DEBUG","location":"[get_call:168] fyersModel","message":{"Status Code":200,"API":"/options-chain-v3"},"timestamp":"2026-10-06 01:08:39,790+0530","service":"FyersAPIRequest"}
{"level":"DEBUG","location":"[get_call:168] fyersModel","message":{"Status Code":200,"API":"/quotes"},"timestamp":"2026-10-06 01:08:41,624+0530","service":"FyersAPIRequest","taskName":"Task-526"}
{"level":"DEBUG","location":"[get_call:168] fyersModel","message":{"Status Code":200,"API":"/options-chain-v3"},"timestamp":"2026-10-06 01:08:41,656+0530","service":"FyersAPIRequest","taskName":"Task-526"}
{"level":"DEBUG","location":"[get_call:168] fyersModel","message":{"Status Code":200,"API":"/quotes"},"timestamp":"2026-10-06 01:08:41,701+0530","service":"FyersAPIRequest","taskName":"Task-686"}
{"level":"DEBUG","location":"[get_call:168] fyersModel","message":{"Status Code":200,"API":"/options-chain-v3"},"timestamp":"2026-10-06 01:08:41,734+0530","service":"FyersAPIRequest","taskName":"Task-686"}
{"level":"DEBUG","location":"[get_call:168] fyersModel","message":{"Status Code":200,"API":"/quotes"},"timestamp":"2026-10-06 01:08:43,710+0530","service":"FyersAPIRequest","taskName":"Task-526"}
{"level":"DEBUG","location":"[get_call:168] fyersModel","message":{"Status Code":200,"API":"/options-chain-v3"},"timestamp":"2026-10-06 01:08:43,739+0530","service":"FyersAPIRequest","taskName":"Task-526"}
{"level":"DEBUG","location":"[get_call:168] fyersModel","message":{"Status Code":200,"API":"/quotes"},"timestamp":"2026-10-06 01:08:43,787+0530","service":"FyersAPIRequest","taskName":"Task-687"}
{"level":"DEBUG","location":"[get_call:168] fyersModel","message":{"Status Code":200,"API":"/options-chain-v3"},"timestamp":"2026-10-06 01:08:43,824+0530","service":"FyersAPIRequest","taskName":"Task-687"}
{"level":"DEBUG","location":"[get_call:168] fyersModel","message":{"Status Code":200,"API":"/quotes"},"timestamp":"2026-10-06 01:08:44,519+0530","service":"FyersAPIRequest"}
{"level":"DEBUG","location":"[get_call:168] fyersModel","message":{"Status Code":200,"API":"/options-chain-v3"},"timestamp":"2026-10-06 01:08:44,853+0530","service":"FyersAPIRequest"}
{"level":"DEBUG","location":"[get_call:168] fyersModel","message":{"Status Code":200,"API":"/quotes"},"timestamp":"2026-10-06 01:08:45,790+0530","service":"FyersAPIRequest","taskName":"Task-526"}
{"level":"DEBUG","location":"[get_call:168] fyersModel","message":{"Status Code":200,"API":"/options-chain-v3"},"timestamp":"2026-10-06 01:08:45,817+0530","service":"FyersAPIRequest","taskName":"Task-526"}
{"level":"DEBUG","location":"[get_call:168] fyersModel","message":{"Status Code":200,"API":"/quotes"},"timestamp":"2026-10-06 01:08:45,865+0530","service":"FyersAPIRequest","taskName":"Task-688"}
{"level":"DEBUG","location":"[get_call:168] fyersModel","message":{"Status Code":200,"API":"/options-chain-v3"},"timestamp":"2026-10-06 01:08:45,895+0530","service":"FyersAPIRequest","taskName":"Task-688"}
{"level":"DEBUG","location":"[get_call:168] fyersModel","message":{"Status Code":200,"API":"/profile"},"timestamp":"2026-10-06 01:08:48,700+0530","service":"FyersAPIRequest","taskName":"Task-526"}
{"level":"DEBUG","location":"[get_call:168] fyersModel","message":{"Status Code":200,"API":"/quotes"},"timestamp":"2026-10-06 01:08:48,722+0530","service":"FyersAPIRequest","taskName":"Task-526"}
{"level":"DEBUG","location":"[get_call:168] fyersModel","message":{"Status Code":200,"API":"/options-chain-v3"},"timestamp":"2026-10-06 01:08:48,756+0530","service":"FyersAPIRequest","taskName":"Task-526"}
{"level":"DEBUG","location":"[get_call:168] fyersModel","message":{"Status Code":200,"API":"/quotes"},"timestamp":"2026-10-06 01:08:48,800+0530","service":"FyersAPIRequest","taskName":"Task-689"}
{"level":"DEBUG","location":"[get_call:168] fyersModel","message":{"Status Code":200,"API":"/options-chain-v3"},"timestamp":"2026-10-06 01:08:48,833+0530","service":"FyersAPIRequest","taskName":"Task-689"}
{"level":"DEBUG","location":"[get_call:168] fyersModel","message":{"Status Code":200,"API":"/quotes"},"timestamp":"2026-10-06 01:08:48,982+0530","service":"FyersAPIRequest"}
{"level":"DEBUG","location":"[get_call:168] fyersModel","message":{"Status Code":200,"API":"/options-chain-v3"},"timestamp":"2026-10-06 01:08:49,012+0530","service":"FyersAPIRequest"}
{"level":"DEBUG","location":"[get_call:168] fyersModel","message":{"Status Code":200,"API":"/quotes"},"timestamp":"2026-10-06 01:08:50,800+0530","service":"FyersAPIRequest","taskName":"Task-526"}
{"level":"DEBUG","location":"[get_call:168] fyersModel","message":{"Status Code":200,"API":"/options-chain-v3"},"timestamp":"2026-10-06 01:08:50,830+0530","service":"FyersAPIRequest","taskName":"Task-526"}
{"level":"DEBUG","location":"[get_call:168] fyersModel","message":{"Status Code":200,"API":"/quotes"},"timestamp":"2026-10-06 01:08:50,876+0530","service":"FyersAPIRequest","taskName":"Task-690"}
{"level":"DEBUG","location":"[get_call:168] fyersModel","message":{"Status Code":200,"API":"/options-chain-v3"},"timestamp":"2026-10-06 01:08:50,907+0530","service":"FyersAPIRequest","taskName":"Task-690"}
{"level":"DEBUG","location":"[get_call:168] fyersModel","message":{"Status Code":200,"API":"/quotes"},"timestamp":"2026-10-06 01:08:52,886+0530","service":"FyersAPIRequest","taskName":"Task-526"}
{"level":"DEBUG","location":"[get_call:168] fyersModel","message":{"Status Code":200,"API":"/options-chain-v3"},"timestamp":"2026-10-06 01:08:52,924+0530","service":"FyersAPIRequest","taskName":"Task-526"}
{"level":"DEBUG","location":"[get_call:168] fyersModel","message":{"Status Code":200,"API":"/quotes"},"timestamp":"2026-10-06 01:08:52,966+0530","service":"FyersAPIRequest","taskName":"Task-691"}
{"level":"DEBUG","location":"[get_call:168] fyersModel","message":{"Status Code":200,"API":"/options-chain-v3"},"timestamp":"2026-10-06 01:08:52,995+0530","service":"FyersAPIRequest","taskName":"Task-691"}
{"level":"DEBUG","location":"[get_call:168] fyersModel","message":{"Status Code":200,"API":"/quotes"},"timestamp":"2026-10-06 01:08:53,077+0530","service":"FyersAPIRequest"}
{"level":"DEBUG","location":"[get_call:168] fyersModel","message":{"Status Code":200,"API":"/options-chain-v3"},"timestamp":"2026-10-06 01:08:53,109+0530","service":"FyersAPIRequest"}
{"level":"DEBUG","location":"[get_call:168] fyersModel","message":{"Status Code":200,"API":"/quotes"},"timestamp":"2026-10-06 01:08:54,950+0530","service":"FyersAPIRequest","taskName":"Task-526"}
{"level":"DEBUG","location":"[get_call:168] fyersModel","message":{"Status Code":200,"API":"/options-chain-v3"},"timestamp":"2026-10-06 01:08:54,986+0530","service":"FyersAPIRequest","taskName":"Task-526"}
{"level":"DEBUG","location":"[get_call:168] fyersModel","message":{"Status Code":200,"API":"/quotes"},"timestamp":"2026-10-06 01:08:55,060+0530","service":"FyersAPIRequest","taskName":"Task-692"}
{"level":"DEBUG","location":"[get_call:168] fyersModel","message":{"Status Code":200,"API":"/options-chain-v3"},"timestamp":"2026-10-06 01:08:55,099+0530","service":"FyersAPIRequest","taskName":"Task-692"}
{"level":"DEBUG","location":"[get_call:168] fyersModel","message":{"Status Code":200,"API":"/quotes"},"timestamp":"2026-10-06 01:08:57,068+0530","service":"FyersAPIRequest","taskName":"Task-526"}
{"level":"DEBUG","location":"[get_call:168] fyersModel","message":{"Status Code":200,"API":"/options-chain-v3"},"timestamp":"2026-10-06 01:08:57,100+0530","service":"FyersAPIRequest","taskName":"Task-526"}
{"level":"DEBUG","location":"[get_call:168] fyersModel","message":{"Status Code":200,"API":"/quotes"},"timestamp":"2026-10-06 01:08:57,148+0530","service":"FyersAPIRequest","taskName":"Task-693"}
{"level":"DEBUG","location":"[get_call:168] fyersModel","message":{"Status Code":200,"API":"/options-chain-v3"},"timestamp":"2026-10-06 01:08:57,189+0530","service":"FyersAPIRequest","taskName":"Task-693"}
{"level":"DEBUG","location":"[get_call:168] fyersModel","message":{"Status Code":200,"API":"/quotes"},"timestamp":"2026-10-06 01:08:57,822+0530","service":"FyersAPIRequest"}
{"level":"DEBUG","location":"[get_call:168] fyersModel","message":{"Status Code":200,"API":"/options-chain-v3"},"timestamp":"2026-10-06 01:08:57,854+0530","service":"FyersAPIRequest"}
{"level":"DEBUG","location":"[get_call:168] fyersModel","message":{"Status Code":200,"API":"/quotes"},"timestamp":"2026-10-06 01:08:59,132+0530","service":"FyersAPIRequest","taskName":"Task-526"}
{"level":"DEBUG","location":"[get_call:168] fyersModel","message":{"Status Code":200,"API":"/options-chain-v3"},"timestamp":"2026-10-06 01:08:59,158+0530","service":"FyersAPIRequest","taskName":"Task-526"}
{"level":"DEBUG","location":"[get_call:168] fyersModel","message":{"Status Code":200,"API":"/quotes"},"timestamp":"2026-10-06 01:08:59,196+0530","service":"FyersAPIRequest","taskName":"Task-694"}
{"level":"DEBUG","location":"[get_call:168] fyersModel","message":{"Status Code":200,"API":"/options-chain-v3"},"timestamp":"2026-10-06 01:08:59,224+0530","service":"FyersAPIRequest","taskName":"Task-694"}
{"level":"DEBUG","location":"[get_call:168] fyersModel","message":{"Status Code":200,"API":"/quotes"},"timestamp":"2026-10-06 01:09:01,209+0530","service":"FyersAPIRequest","taskName":"Task-526"}
{"level":"DEBUG","location":"[get_call:168] fyersModel","message":{"Status Code":200,"API":"/options-chain-v3"},"timestamp":"2026-10-06 01:09:01,245+0530","service":"FyersAPIRequest","taskName":"Task-526"}
{"level":"DEBUG","location":"[get_call:168] fyersModel","message":{"Status Code":200,"API":"/quotes"},"timestamp":"2026-10-06 01:09:01,308+0530","service":"FyersAPIRequest","taskName":"Task-695"}
{"level":"DEBUG","location":"[get_call:168] fyersModel","message":{"Status Code":200,"API":"/options-chain-v3"},"timestamp":"2026-10-06 01:09:01,345+0530","service":"FyersAPIRequest","taskName":"Task-695"}
{"level":"DEBUG","location":"[get_call:168] fyersModel","message":{"Status Code":200,"API":"/quotes"},"timestamp":"2026-10-06 01:09:01,928+0530","service":"FyersAPIRequest"}
{"level":"DEBUG","location":"[get_call:168] fyersModel","message":{"Status Code":200,"API":"/options-chain-v3"},"timestamp":"2026-10-06 01:09:01,961+0530","service":"FyersAPIRequest"}
{"level":"DEBUG","location":"[get_call:168] fyersModel","message":{"Status Code":200,"API":"/quotes"},"timestamp":"2026-10-06 01:09:03,310+0530","service":"FyersAPIRequest","taskName":"Task-526"}
{"level":"DEBUG","location":"[get_call:168] fyersModel","message":{"Status Code":200,"API":"/options-chain-v3"},"timestamp":"2026-10-06 01:09:03,347+0530","service":"FyersAPIRequest","taskName":"Task-526"}
{"level":"DEBUG","location":"[get_call:168] fyersModel","message":{"Status Code":200,"API":"/quotes"},"timestamp":"2026-10-06 01:09:03,399+0530","service":"FyersAPIRequest","taskName":"Task-696"}
{"level":"DEBUG","location":"[get_call:168] fyersModel","message":{"Status Code":200,"API":"/options-chain-v3"},"timestamp":"2026-10-06 01:09:03,430+0530","service":"FyersAPIRequest","taskName":"Task-696"}
{"level":"DEBUG","location":"[get_call:168] fyersModel","message":{"Status Code":200,"API":"/quotes"},"timestamp":"2026-10-06 01:09:05,421+0530","service":"FyersAPIRequest","taskName":"Task-526"}
{"level":"DEBUG","location":"[get_call:168] fyersModel","message":{"Status Code":200,"API":"/options-chain-v3"},"timestamp":"2026-10-06 01:09:05,490+0530","service":"FyersAPIRequest","taskName":"Task-526"}
{"level":"DEBUG","location":"[get_call:168] fyersModel","message":{"Status Code":200,"API":"/quotes"},"timestamp":"2026-10-06 01:09:05,597+0530","service":"FyersAPIRequest","taskName":"Task-697"}
{"level":"DEBUG","location":"[get_call:168] fyersModel","message":{"Status Code":200,"API":"/options-chain-v3"},"timestamp":"2026-10-06 01:09:05,635+0530","service":"FyersAPIRequest","taskName":"Task-697"}
{"level":"DEBUG","location":"[get_call:168] fyersModel","message":{"Status Code":200,"API":"/quotes"},"timestamp":"2026-10-06 01:09:06,317+0530","service":"FyersAPIRequest"}
{"level":"DEBUG","location":"[get_call:168] fyersModel","message":{"Status Code":200,"API":"/options-chain-v3"},"timestamp":"2026-10-06 01:09:06,359+0530","service":"FyersAPIRequest"}
{"level":"DEBUG","location":"[get_call:168] fyersModel","message":{"Status Code":200,"API":"/quotes"},"timestamp":"2026-10-06 01:09:07,547+0530","service":"FyersAPIRequest","taskName":"Task-526"}
{"level":"DEBUG","location":"[get_call:168] fyersModel","message":{"Status Code":200,"API":"/options-chain-v3"},"timestamp":"2026-10-06 01:09:07,579+0530","service":"FyersAPIRequest","taskName":"Task-526"}
{"level":"DEBUG","location":"[get_call:168] fyersModel","message":{"Status Code":200,"API":"/quotes"},"timestamp":"2026-10-06 01:09:07,640+0530","service":"FyersAPIRequest","taskName":"Task-698"}
{"level":"DEBUG","location":"[get_call:168] fyersModel","message":{"Status Code":200,"API":"/options-chain-v3"},"timestamp":"2026-10-06 01:09:07,674+0530","service":"FyersAPIRequest","taskName":"Task-698"}
{"level":"DEBUG","location":"[get_call:168] fyersModel","message":{"Status Code":200,"API":"/quotes"},"timestamp":"2026-10-06 01:09:09,650+0530","service":"FyersAPIRequest","taskName":"Task-526"}
{"level":"DEBUG","location":"[get_call:168] fyersModel","message":{"Status Code":200,"API":"/options-chain-v3"},"timestamp":"2026-10-06 01:09:09,685+0530","service":"FyersAPIRequest","taskName":"Task-526"}
{"level":"DEBUG","location":"[get_call:168] fyersModel","message":{"Status Code":200,"API":"/quotes"},"timestamp":"2026-10-06 01:09:09,748+0530","service":"FyersAPIRequest","taskName":"Task-699"}
{"level":"DEBUG","location":"[get_call:168] fyersModel","message":{"Status Code":200,"API":"/options-chain-v3"},"timestamp":"2026-10-06 01:09:09,777+0530","service":"FyersAPIRequest","taskName":"Task-699"}
{"level":"DEBUG","location":"[get_call:168] fyersModel","message":{"Status Code":200,"API":"/quotes"},"timestamp":"2026-10-06 01:09:10,439+0530","service":"FyersAPIRequest"}
{"level":"DEBUG","location":"[get_call:168] fyersModel","message":{"Status Code":200,"API":"/options-chain-v3"},"timestamp":"2026-10-06 01:09:10,473+0530","service":"FyersAPIRequest"}
{"level":"DEBUG","location":"[get_call:168] fyersModel","message":{"Status Code":200,"API":"/quotes"},"timestamp":"2026-10-06 01:09:11,757+0530","service":"FyersAPIRequest","taskName":"Task-526"}
{"level":"DEBUG","location":"[get_call:168] fyersModel","message":{"Status Code":200,"API":"/options-chain-v3"},"timestamp":"2026-10-06 01:09:11,792+0530","service":"FyersAPIRequest","taskName":"Task-526"}
{"level":"DEBUG","location":"[get_call:168] fyersModel","message":{"Status Code":200,"API":"/quotes"},"timestamp":"2026-10-06 01:09:11,862+0530","service":"FyersAPIRequest","taskName":"Task-700"}
{"level":"DEBUG","location":"[get_call:168] fyersModel","message":{"Status Code":200,"API":"/options-chain-v3"},"timestamp":"2026-10-06 01:09:11,898+0530","service":"FyersAPIRequest","taskName":"Task-700"}
{"level":"DEBUG","location":"[get_call:168] fyersModel","message":{"Status Code":200,"API":"/quotes"},"timestamp":"2026-10-06 01:09:13,857+0530","service":"FyersAPIRequest","taskName":"Task-526"}
{"level":"DEBUG","location":"[get_call:168] fyersModel","message":{"Status Code":200,"API":"/options-chain-v3"},"timestamp":"2026-10-06 01:09:13,889+0530","service":"FyersAPIRequest","taskName":"Task-526"}
{"level":"DEBUG","location":"[get_call:168] fyersModel","message":{"Status Code":200,"API":"/quotes"},"timestamp":"2026-10-06 01:09:13,948+0530","service":"FyersAPIRequest","taskName":"Task-701"}
{"level":"DEBUG","location":"[get_call:168] fyersModel","message":{"Status Code":200,"API":"/options-chain-v3"},"timestamp":"2026-10-06 01:09:13,991+0530","service":"FyersAPIRequest","taskName":"Task-701"}
{"level":"DEBUG","location":"[get_call:168] fyersModel","message":{"Status Code":200,"API":"/quotes"},"timestamp":"2026-10-06 01:09:14,523+0530","service":"FyersAPIRequest"}
{"level":"DEBUG","location":"[get_call:168] fyersModel","message":{"Status Code":200,"API":"/options-chain-v3"},"timestamp":"2026-10-06 01:09:14,556+0530","service":"FyersAPIRequest"}
{"level":"DEBUG","location":"[get_call:168] fyersModel","message":{"Status Code":200,"API":"/quotes"},"timestamp":"2026-10-06 01:09:15,948+0530","service":"FyersAPIRequest","taskName":"Task-526"}
{"level":"DEBUG","location":"[get_call:168] fyersModel","message":{"Status Code":200,"API":"/options-chain-v3"},"timestamp":"2026-10-06 01:09:15,981+0530","service":"FyersAPIRequest","taskName":"Task-526"}
{"level":"DEBUG","location":"[get_call:168] fyersModel","message":{"Status Code":200,"API":"/quotes"},"timestamp":"2026-10-06 01:09:16,032+0530","service":"FyersAPIRequest","taskName":"Task-702"}
{"level":"DEBUG","location":"[get_call:168] fyersModel","message":{"Status Code":200,"API":"/options-chain-v3"},"timestamp":"2026-10-06 01:09:16,069+0530","service":"FyersAPIRequest","taskName":"Task-702"}
{"level":"DEBUG","location":"[get_call:168] fyersModel","message":{"Status Code":200,"API":"/profile"},"timestamp":"2026-10-06 01:09:18,754+0530","service":"FyersAPIRequest","taskName":"Task-526"}
{"level":"DEBUG","location":"[get_call:168] fyersModel","message":{"Status Code":200,"API":"/quotes"},"timestamp":"2026-10-06 01:09:18,777+0530","service":"FyersAPIRequest","taskName":"Task-526"}
{"level":"DEBUG","location":"[get_call:168] fyersModel","message":{"Status Code":200,"API":"/options-chain-v3"},"timestamp":"2026-10-06 01:09:18,807+0530","service":"FyersAPIRequest","taskName":"Task-526"}
{"level":"DEBUG","location":"[get_call:168] fyersModel","message":{"Status Code":200,"API":"/quotes"},"timestamp":"2026-10-06 01:09:18,859+0530","service":"FyersAPIRequest","taskName":"Task-703"}
{"level":"DEBUG","location":"[get_call:168] fyersModel","message":{"Status Code":200,"API":"/options-chain-v3"},"timestamp":"2026-10-06 01:09:18,901+0530","service":"FyersAPIRequest","taskName":"Task-703"}
{"level":"DEBUG","location":"[get_call:168] fyersModel","message":{"Status Code":200,"API":"/profile"},"timestamp":"2026-10-06 01:09:19,310+0530","service":"FyersAPIRequest"}
{"level":"DEBUG","location":"[get_call:168] fyersModel","message":{"Status Code":200,"API":"/quotes"},"timestamp":"2026-10-06 01:09:19,335+0530","service":"FyersAPIRequest"}
{"level":"DEBUG","location":"[get_call:168] fyersModel","message":{"Status Code":200,"API":"/options-chain-v3"},"timestamp":"2026-10-06 01:09:19,676+0530","service":"FyersAPIRequest"}
{"level":"DEBUG","location":"[get_call:168] fyersModel","message":{"Status Code":200,"API":"/quotes"},"timestamp":"2026-10-06 01:09:20,862+0530","service":"FyersAPIRequest","taskName":"Task-526"}
{"level":"DEBUG","location":"[get_call:168] fyersModel","message":{"Status Code":200,"API":"/options-chain-v3"},"timestamp":"2026-10-06 01:09:20,892+0530","service":"FyersAPIRequest","taskName":"Task-526"}
{"level":"DEBUG","location":"[get_call:168] fyersModel","message":{"Status Code":200,"API":"/quotes"},"timestamp":"2026-10-06 01:09:21,008+0530","service":"FyersAPIRequest","taskName":"Task-704"}
{"level":"DEBUG","location":"[get_call:168] fyersModel","message":{"Status Code":200,"API":"/options-chain-v3"},"timestamp":"2026-10-06 01:09:21,046+0530","service":"FyersAPIRequest","taskName":"Task-704"}
{"level":"DEBUG","location":"[get_call:168] fyersModel","message":{"Status Code":200,"API":"/quotes"},"timestamp":"2026-10-06 01:09:21,434+0530","service":"FyersAPIRequest","taskName":"Task-707"}
{"level":"DEBUG","location":"[get_call:168] fyersModel","message":{"Status Code":200,"API":"/options-chain-v3"},"timestamp":"2026-10-06 01:09:21,463+0530","service":"FyersAPIRequest","taskName":"Task-707"}
{"level":"DEBUG","location":"[get_call:168] fyersModel","message":{"Status Code":200,"API":"/quotes"},"timestamp":"2026-10-06 01:09:23,236+0530","service":"FyersAPIRequest","taskName":"Task-526"}
{"level":"DEBUG","location":"[get_call:168] fyersModel","message":{"Status Code":200,"API":"/options-chain-v3"},"timestamp":"2026-10-06 01:09:23,261+0530","service":"FyersAPIRequest","taskName":"Task-526"}
{"level":"DEBUG","location":"[get_call:168] fyersModel","message":{"Status Code":200,"API":"/quotes"},"timestamp":"2026-10-06 01:09:23,308+0530","service":"FyersAPIRequest","taskName":"Task-708"}
{"level":"DEBUG","location":"[get_call:168] fyersModel","message":{"Status Code":200,"API":"/options-chain-v3"},"timestamp":"2026-10-06 01:09:23,335+0530","service":"FyersAPIRequest","taskName":"Task-708"}
{"level":"DEBUG","location":"[get_call:168] fyersModel","message":{"Status Code":200,"API":"/quotes"},"timestamp":"2026-10-06 01:09:23,726+0530","service":"FyersAPIRequest"}
{"level":"DEBUG","location":"[get_call:168] fyersModel","message":{"Status Code":200,"API":"/options-chain-v3"},"timestamp":"2026-10-06 01:09:23,781+0530","service":"FyersAPIRequest"}
{"level":"DEBUG","location":"[get_call:168] fyersModel","message":{"Status Code":200,"API":"/quotes"},"timestamp":"2026-10-06 01:09:25,319+0530","service":"FyersAPIRequest","taskName":"Task-526"}
{"level":"DEBUG","location":"[get_call:168] fyersModel","message":{"Status Code":200,"API":"/options-chain-v3"},"timestamp":"2026-10-06 01:09:25,351+0530","service":"FyersAPIRequest","taskName":"Task-526"}
{"level":"DEBUG","location":"[get_call:168] fyersModel","message":{"Status Code":200,"API":"/quotes"},"timestamp":"2026-10-06 01:09:25,389+0530","service":"FyersAPIRequest","taskName":"Task-709"}
{"level":"DEBUG","location":"[get_call:168] fyersModel","message":{"Status Code":200,"API":"/options-chain-v3"},"timestamp":"2026-10-06 01:09:25,432+0530","service":"FyersAPIRequest","taskName":"Task-709"}
{"level":"DEBUG","location":"[get_call:168] fyersModel","message":{"Status Code":200,"API":"/quotes"},"timestamp":"2026-10-06 01:09:27,371+0530","service":"FyersAPIRequest","taskName":"Task-526"}
{"level":"DEBUG","location":"[get_call:168] fyersModel","message":{"Status Code":200,"API":"/options-chain-v3"},"timestamp":"2026-10-06 01:09:27,402+0530","service":"FyersAPIRequest","taskName":"Task-526"}
{"level":"DEBUG","location":"[get_call:168] fyersModel","message":{"Status Code":200,"API":"/quotes"},"timestamp":"2026-10-06 01:09:27,450+0530","service":"FyersAPIRequest","taskName":"Task-710"}
{"level":"DEBUG","location":"[get_call:168] fyersModel","message":{"Status Code":200,"API":"/options-chain-v3"},"timestamp":"2026-10-06 01:09:27,478+0530","service":"FyersAPIRequest","taskName":"Task-710"}
{"level":"DEBUG","location":"[get_call:168] fyersModel","message":{"Status Code":200,"API":"/quotes"},"timestamp":"2026-10-06 01:09:27,826+0530","service":"FyersAPIRequest"}
{"level":"DEBUG","location":"[get_call:168] fyersModel","message":{"Status Code":200,"API":"/options-chain-v3"},"timestamp":"2026-10-06 01:09:27,853+0530","service":"FyersAPIRequest"}
{"level":"DEBUG","location":"[get_call:168] fyersModel","message":{"Status Code":200,"API":"/quotes"},"timestamp":"2026-10-06 01:09:29,466+0530","service":"FyersAPIRequest","taskName":"Task-526"}
{"level":"DEBUG","location":"[get_call:168] fyersModel","message":{"Status Code":200,"API":"/options-chain-v3"},"timestamp":"2026-10-06 01:09:29,514+0530","service":"FyersAPIRequest","taskName":"Task-526"}
{"level":"DEBUG","location":"[get_call:168] fyersModel","message":{"Status Code":200,"API":"/quotes"},"timestamp":"2026-10-06 01:09:29,961+0530","service":"FyersAPIRequest","taskName":"Task-711"}
{"level":"DEBUG","location":"[get_call:168] fyersModel","message":{"Status Code":200,"API":"/options-chain-v3"},"timestamp":"2026-10-06 01:09:29,992+0530","service":"FyersAPIRequest","taskName":"Task-711"}
{"level":"DEBUG","location":"[get_call:168] fyersModel","message":{"Status Code":200,"API":"/quotes"},"timestamp":"2026-10-06 01:09:31,653+0530","service":"FyersAPIRequest","taskName":"Task-526"}
{"level":"DEBUG","location":"[get_call:168] fyersModel","message":{"Status Code":200,"API":"/options-chain-v3"},"timestamp":"2026-10-06 01:09:31,681+0530","service":"FyersAPIRequest","taskName":"Task-526"}
{"level":"DEBUG","location":"[get_call:168] fyersModel","message":{"Status Code":200,"API":"/quotes"},"timestamp":"2026-10-06 01:09:31,744+0530","service":"FyersAPIRequest","taskName":"Task-712"}
{"level":"DEBUG","location":"[get_call:168] fyersModel","message":{"Status Code":200,"API":"/options-chain-v3"},"timestamp":"2026-10-06 01:09:31,772+0530","service":"FyersAPIRequest","taskName":"Task-712"}
{"level":"DEBUG","location":"[get_call:168] fyersModel","message":{"Status Code":200,"API":"/quotes"},"timestamp":"2026-10-06 01:09:31,898+0530","service":"FyersAPIRequest"}
{"level":"DEBUG","location":"[get_call:168] fyersModel","message":{"Status Code":200,"API":"/options-chain-v3"},"timestamp":"2026-10-06 01:09:31,938+0530","service":"FyersAPIRequest"}
{"level":"DEBUG","location":"[get_call:168] fyersModel","message":{"Status Code":200,"API":"/quotes"},"timestamp":"2026-10-06 01:09:33,745+0530","service":"FyersAPIRequest","taskName":"Task-526"}
{"level":"DEBUG","location":"[get_call:168] fyersModel","message":{"Status Code":200,"API":"/options-chain-v3"},"timestamp":"2026-10-06 01:09:33,777+0530","service":"FyersAPIRequest","taskName":"Task-526"}
{"level":"DEBUG","location":"[get_call:168] fyersModel","message":{"Status Code":200,"API":"/quotes"},"timestamp":"2026-10-06 01:09:33,845+0530","service":"FyersAPIRequest","taskName":"Task-713"}
{"level":"DEBUG","location":"[get_call:168] fyersModel","message":{"Status Code":200,"API":"/options-chain-v3"},"timestamp":"2026-10-06 01:09:33,892+0530","service":"FyersAPIRequest","taskName":"Task-713"}
{"level":"DEBUG","location":"[get_call:168] fyersModel","message":{"Status Code":200,"API":"/quotes"},"timestamp":"2026-10-06 01:09:35,885+0530","service":"FyersAPIRequest","taskName":"Task-526"}
{"level":"DEBUG","location":"[get_call:168] fyersModel","message":{"Status Code":200,"API":"/options-chain-v3"},"timestamp":"2026-10-06 01:09:35,919+0530","service":"FyersAPIRequest","taskName":"Task-526"}
{"level":"DEBUG","location":"[get_call:168] fyersModel","message":{"Status Code":200,"API":"/quotes"},"timestamp":"2026-10-06 01:09:35,976+0530","service":"FyersAPIRequest"}
{"level":"DEBUG","location":"[get_call:168] fyersModel","message":{"Status Code":200,"API":"/options-chain-v3"},"timestamp":"2026-10-06 01:09:36,007+0530","service":"FyersAPIRequest"}
{"level":"DEBUG","location":"[get_call:168] fyersModel","message":{"Status Code":200,"API":"/quotes"},"timestamp":"2026-10-06 01:09:37,368+0530","service":"FyersAPIRequest","taskName":"Task-714"}
{"level":"DEBUG","location":"[get_call:168] fyersModel","message":{"Status Code":200,"API":"/options-chain-v3"},"timestamp":"2026-10-06 01:09:37,438+0530","service":"FyersAPIRequest","taskName":"Task-714"}
{"level":"DEBUG","location":"[get_call:168] fyersModel","message":{"Status Code":200,"API":"/quotes"},"timestamp":"2026-10-06 01:09:37,980+0530","service":"FyersAPIRequest","taskName":"Task-526"}
{"level":"DEBUG","location":"[get_call:168] fyersModel","message":{"Status Code":200,"API":"/options-chain-v3"},"timestamp":"2026-10-06 01:09:38,008+0530","service":"FyersAPIRequest","taskName":"Task-526"}
{"level":"DEBUG","location":"[get_call:168] fyersModel","message":{"Status Code":200,"API":"/quotes"},"timestamp":"2026-10-06 01:09:38,057+0530","service":"FyersAPIRequest","taskName":"Task-715"}
{"level":"DEBUG","location":"[get_call:168] fyersModel","message":{"Status Code":200,"API":"/options-chain-v3"},"timestamp":"2026-10-06 01:09:38,085+0530","service":"FyersAPIRequest","taskName":"Task-715"}
{"level":"DEBUG","location":"[get_call:168] fyersModel","message":{"Status Code":200,"API":"/quotes"},"timestamp":"2026-10-06 01:09:40,099+0530","service":"FyersAPIRequest","taskName":"Task-526"}
{"level":"DEBUG","location":"[get_call:168] fyersModel","message":{"Status Code":200,"API":"/options-chain-v3"},"timestamp":"2026-10-06 01:09:40,131+0530","service":"FyersAPIRequest","taskName":"Task-526"}
{"level":"DEBUG","location":"[get_call:168] fyersModel","message":{"Status Code":200,"API":"/quotes"},"timestamp":"2026-10-06 01:09:40,181+0530","service":"FyersAPIRequest","taskName":"Task-716"}
{"level":"DEBUG","location":"[get_call:168] fyersModel","message":{"Status Code":200,"API":"/options-chain-v3"},"timestamp":"2026-10-06 01:09:40,232+0530","service":"FyersAPIRequest","taskName":"Task-716"}
{"level":"DEBUG","location":"[get_call:168] fyersModel","message":{"Status Code":200,"API":"/quotes"},"timestamp":"2026-10-06 01:09:40,301+0530","service":"FyersAPIRequest"}
{"level":"DEBUG","location":"[get_call:168] fyersModel","message":{"Status Code":200,"API":"/options-chain-v3"},"timestamp":"2026-10-06 01:09:40,327+0530","service":"FyersAPIRequest"}
{"level":"DEBUG","location":"[get_call:168] fyersModel","message":{"Status Code":200,"API":"/quotes"},"timestamp":"2026-10-06 01:09:42,183+0530","service":"FyersAPIRequest","taskName":"Task-526"}
{"level":"DEBUG","location":"[get_call:168] fyersModel","message":{"Status Code":200,"API":"/options-chain-v3"},"timestamp":"2026-10-06 01:09:42,212+0530","service":"FyersAPIRequest","taskName":"Task-526"}
{"level":"DEBUG","location":"[get_call:168] fyersModel","message":{"Status Code":200,"API":"/quotes"},"timestamp":"2026-10-06 01:09:42,252+0530","service":"FyersAPIRequest","taskName":"Task-717"}
{"level":"DEBUG","location":"[get_call:168] fyersModel","message":{"Status Code":200,"API":"/options-chain-v3"},"timestamp":"2026-10-06 01:09:42,280+0530","service":"FyersAPIRequest","taskName":"Task-717"}
{"level":"DEBUG","location":"[get_call:168] fyersModel","message":{"Status Code":200,"API":"/quotes"},"timestamp":"2026-10-06 01:09:44,270+0530","service":"FyersAPIRequest","taskName":"Task-526"}
{"level":"DEBUG","location":"[get_call:168] fyersModel","message":{"Status Code":200,"API":"/options-chain-v3"},"timestamp":"2026-10-06 01:09:44,304+0530","service":"FyersAPIRequest","taskName":"Task-526"}
{"level":"DEBUG","location":"[get_call:168] fyersModel","message":{"Status Code":200,"API":"/quotes"},"timestamp":"2026-10-06 01:09:44,411+0530","service":"FyersAPIRequest","taskName":"Task-718"}
{"level":"DEBUG","location":"[get_call:168] fyersModel","message":{"Status Code":200,"API":"/quotes"},"timestamp":"2026-10-06 01:09:44,414+0530","service":"FyersAPIRequest"}
{"level":"DEBUG","location":"[get_call:168] fyersModel","message":{"Status Code":200,"API":"/options-chain-v3"},"timestamp":"2026-10-06 01:09:44,442+0530","service":"FyersAPIRequest"}
{"level":"DEBUG","location":"[get_call:168] fyersModel","message":{"Status Code":200,"API":"/options-chain-v3"},"timestamp":"2026-10-06 01:09:44,460+0530","service":"FyersAPIRequest","taskName":"Task-718"}
{"level":"DEBUG","location":"[get_call:168] fyersModel","message":{"Status Code":200,"API":"/quotes"},"timestamp":"2026-10-06 01:09:46,343+0530","service":"FyersAPIRequest","taskName":"Task-526"}
{"level":"DEBUG","location":"[get_call:168] fyersModel","message":{"Status Code":200,"API":"/options-chain-v3"},"timestamp":"2026-10-06 01:09:46,376+0530","service":"FyersAPIRequest","taskName":"Task-526"}
{"level":"DEBUG","location":"[get_call:168] fyersModel","message":{"Status Code":200,"API":"/quotes"},"timestamp":"2026-10-06 01:09:46,426+0530","service":"FyersAPIRequest","taskName":"Task-719"}
{"level":"DEBUG","location":"[get_call:168] fyersModel","message":{"Status Code":200,"API":"/options-chain-v3"},"timestamp":"2026-10-06 01:09:46,456+0530","service":"FyersAPIRequest","taskName":"Task-719"}
{"level":"DEBUG","location":"[get_call:168] fyersModel","message":{"Status Code":200,"API":"/quotes"},"timestamp":"2026-10-06 01:09:48,435+0530","service":"FyersAPIRequest","taskName":"Task-526"}
{"level":"DEBUG","location":"[get_call:168] fyersModel","message":{"Status Code":200,"API":"/options-chain-v3"},"timestamp":"2026-10-06 01:09:48,462+0530","service":"FyersAPIRequest","taskName":"Task-526"}
{"level":"DEBUG","location":"[get_call:168] fyersModel","message":{"Status Code":200,"API":"/quotes"},"timestamp":"2026-10-06 01:09:48,499+0530","service":"FyersAPIRequest"}
{"level":"DEBUG","location":"[get_call:168] fyersModel","message":{"Status Code":200,"API":"/quotes"},"timestamp":"2026-10-06 01:09:48,505+0530","service":"FyersAPIRequest","taskName":"Task-720"}
{"level":"DEBUG","location":"[get_call:168] fyersModel","message":{"Status Code":200,"API":"/options-chain-v3"},"timestamp":"2026-10-06 01:09:48,531+0530","service":"FyersAPIRequest"}
{"level":"DEBUG","location":"[get_call:168] fyersModel","message":{"Status Code":200,"API":"/options-chain-v3"},"timestamp":"2026-10-06 01:09:48,547+0530","service":"FyersAPIRequest","taskName":"Task-720"}
{"level":"DEBUG","location":"[get_call:168] fyersModel","message":{"Status Code":200,"API":"/profile"},"timestamp":"2026-10-06 01:09:51,191+0530","service":"FyersAPIRequest","taskName":"Task-526"}
{"level":"DEBUG","location":"[get_call:168] fyersModel","message":{"Status Code":200,"API":"/quotes"},"timestamp":"2026-10-06 01:09:51,208+0530","service":"FyersAPIRequest","taskName":"Task-526"}
{"level":"DEBUG","location":"[get_call:168] fyersModel","message":{"Status Code":200,"API":"/options-chain-v3"},"timestamp":"2026-10-06 01:09:51,236+0530","service":"FyersAPIRequest","taskName":"Task-526"}
{"level":"DEBUG","location":"[get_call:168] fyersModel","message":{"Status Code":200,"API":"/quotes"},"timestamp":"2026-10-06 01:09:51,277+0530","service":"FyersAPIRequest","taskName":"Task-721"}
{"level":"DEBUG","location":"[get_call:168] fyersModel","message":{"Status Code":200,"API":"/options-chain-v3"},"timestamp":"2026-10-06 01:09:51,305+0530","service":"FyersAPIRequest","taskName":"Task-721"}
{"level":"DEBUG","location":"[get_call:168] fyersModel","message":{"Status Code":200,"API":"/quotes"},"timestamp":"2026-10-06 01:09:52,744+0530","service":"FyersAPIRequest"}
{"level":"DEBUG","location":"[get_call:168] fyersModel","message":{"Status Code":200,"API":"/options-chain-v3"},"timestamp":"2026-10-06 01:09:52,773+0530","service":"FyersAPIRequest"}
{"level":"DEBUG","location":"[get_call:168] fyersModel","message":{"Status Code":200,"API":"/quotes"},"timestamp":"2026-10-06 01:09:53,347+0530","service":"FyersAPIRequest","taskName":"Task-526"}
{"level":"DEBUG","location":"[get_call:168] fyersModel","message":{"Status Code":200,"API":"/options-chain-v3"},"timestamp":"2026-10-06 01:09:53,376+0530","service":"FyersAPIRequest","taskName":"Task-526"}
{"level":"DEBUG","location":"[get_call:168] fyersModel","message":{"Status Code":200,"API":"/quotes"},"timestamp":"2026-10-06 01:09:53,422+0530","service":"FyersAPIRequest","taskName":"Task-722"}
{"level":"DEBUG","location":"[get_call:168] fyersModel","message":{"Status Code":200,"API":"/options-chain-v3"},"timestamp":"2026-10-06 01:09:53,457+0530","service":"FyersAPIRequest","taskName":"Task-722"}
{"level":"DEBUG","location":"[get_call:168] fyersModel","message":{"Status Code":200,"API":"/quotes"},"timestamp":"2026-10-06 01:09:55,425+0530","service":"FyersAPIRequest","taskName":"Task-526"}
{"level":"DEBUG","location":"[get_call:168] fyersModel","message":{"Status Code":200,"API":"/options-chain-v3"},"timestamp":"2026-10-06 01:09:55,452+0530","service":"FyersAPIRequest","taskName":"Task-526"}
{"level":"DEBUG","location":"[get_call:168] fyersModel","message":{"Status Code":200,"API":"/quotes"},"timestamp":"2026-10-06 01:09:55,491+0530","service":"FyersAPIRequest","taskName":"Task-723"}
{"level":"DEBUG","location":"[get_call:168] fyersModel","message":{"Status Code":200,"API":"/options-chain-v3"},"timestamp":"2026-10-06 01:09:55,519+0530","service":"FyersAPIRequest","taskName":"Task-723"}
{"level":"DEBUG","location":"[get_call:168] fyersModel","message":{"Status Code":200,"API":"/quotes"},"timestamp":"2026-10-06 01:09:56,807+0530","service":"FyersAPIRequest"}
{"level":"DEBUG","location":"[get_call:168] fyersModel","message":{"Status Code":200,"API":"/options-chain-v3"},"timestamp":"2026-10-06 01:09:56,841+0530","service":"FyersAPIRequest"}
{"level":"DEBUG","location":"[get_call:168] fyersModel","message":{"Status Code":200,"API":"/quotes"},"timestamp":"2026-10-06 01:09:59,853+0530","service":"FyersAPIRequest","taskName":"Task-526"}
{"level":"DEBUG","location":"[get_call:168] fyersModel","message":{"Status Code":200,"API":"/options-chain-v3"},"timestamp":"2026-10-06 01:09:59,906+0530","service":"FyersAPIRequest","taskName":"Task-526"}
{"level":"DEBUG","location":"[get_call:168] fyersModel","message":{"Status Code":200,"API":"/quotes"},"timestamp":"2026-10-06 01:09:59,964+0530","service":"FyersAPIRequest","taskName":"Task-724"}
{"level":"DEBUG","location":"[get_call:168] fyersModel","message":{"Status Code":200,"API":"/options-chain-v3"},"timestamp":"2026-10-06 01:10:00,036+0530","service":"FyersAPIRequest","taskName":"Task-724"}
{"level":"DEBUG","location":"[get_call:168] fyersModel","message":{"Status Code":200,"API":"/quotes"},"timestamp":"2026-10-06 01:10:00,886+0530","service":"FyersAPIRequest"}
{"level":"DEBUG","location":"[get_call:168] fyersModel","message":{"Status Code":200,"API":"/options-chain-v3"},"timestamp":"2026-10-06 01:10:00,913+0530","service":"FyersAPIRequest"}
{"level":"DEBUG","location":"[get_call:168] fyersModel","message":{"Status Code":200,"API":"/quotes"},"timestamp":"2026-10-06 01:10:01,957+0530","service":"FyersAPIRequest","taskName":"Task-526"}
{"level":"DEBUG","location":"[get_call:168] fyersModel","message":{"Status Code":200,"API":"/options-chain-v3"},"timestamp":"2026-10-06 01:10:01,989+0530","service":"FyersAPIRequest","taskName":"Task-526"}
{"level":"DEBUG","location":"[get_call:168] fyersModel","message":{"Status Code":200,"API":"/quotes"},"timestamp":"2026-10-06 01:10:02,037+0530","service":"FyersAPIRequest","taskName":"Task-725"}
{"level":"DEBUG","location":"[get_call:168] fyersModel","message":{"Status Code":200,"API":"/options-chain-v3"},"timestamp":"2026-10-06 01:10:02,066+0530","service":"FyersAPIRequest","taskName":"Task-725"}
{"level":"DEBUG","location":"[get_call:168] fyersModel","message":{"Status Code":200,"API":"/quotes"},"timestamp":"2026-10-06 01:10:04,055+0530","service":"FyersAPIRequest","taskName":"Task-526"}
{"level":"DEBUG","location":"[get_call:168] fyersModel","message":{"Status Code":200,"API":"/options-chain-v3"},"timestamp":"2026-10-06 01:10:04,082+0530","service":"FyersAPIRequest","taskName":"Task-526"}
{"level":"DEBUG","location":"[get_call:168] fyersModel","message":{"Status Code":200,"API":"/quotes"},"timestamp":"2026-10-06 01:10:04,117+0530","service":"FyersAPIRequest","taskName":"Task-726"}
{"level":"DEBUG","location":"[get_call:168] fyersModel","message":{"Status Code":200,"API":"/options-chain-v3"},"timestamp":"2026-10-06 01:10:04,143+0530","service":"FyersAPIRequest","taskName":"Task-726"}
{"level":"DEBUG","location":"[get_call:168] fyersModel","message":{"Status Code":200,"API":"/quotes"},"timestamp":"2026-10-06 01:10:05,085+0530","service":"FyersAPIRequest"}
{"level":"DEBUG","location":"[get_call:168] fyersModel","message":{"Status Code":200,"API":"/options-chain-v3"},"timestamp":"2026-10-06 01:10:05,115+0530","service":"FyersAPIRequest"}
{"level":"DEBUG","location":"[get_call:168] fyersModel","message":{"Status Code":200,"API":"/quotes"},"timestamp":"2026-10-06 01:10:06,138+0530","service":"FyersAPIRequest","taskName":"Task-526"}
{"level":"DEBUG","location":"[get_call:168] fyersModel","message":{"Status Code":200,"API":"/options-chain-v3"},"timestamp":"2026-10-06 01:10:06,165+0530","service":"FyersAPIRequest","taskName":"Task-526"}
{"level":"DEBUG","location":"[get_call:168] fyersModel","message":{"Status Code":200,"API":"/quotes"},"timestamp":"2026-10-06 01:10:06,204+0530","service":"FyersAPIRequest","taskName":"Task-727"}
{"level":"DEBUG","location":"[get_call:168] fyersModel","message":{"Status Code":200,"API":"/options-chain-v3"},"timestamp":"2026-10-06 01:10:06,230+0530","service":"FyersAPIRequest","taskName":"Task-727"}
{"level":"DEBUG","location":"[get_call:168] fyersModel","message":{"Status Code":200,"API":"/quotes"},"timestamp":"2026-10-06 01:10:08,216+0530","service":"FyersAPIRequest","taskName":"Task-526"}
{"level":"DEBUG","location":"[get_call:168] fyersModel","message":{"Status Code":200,"API":"/options-chain-v3"},"timestamp":"2026-10-06 01:10:08,251+0530","service":"FyersAPIRequest","taskName":"Task-526"}
{"level":"DEBUG","location":"[get_call:168] fyersModel","message":{"Status Code":200,"API":"/quotes"},"timestamp":"2026-10-06 01:10:08,310+0530","service":"FyersAPIRequest","taskName":"Task-728"}
{"level":"DEBUG","location":"[get_call:168] fyersModel","message":{"Status Code":200,"API":"/options-chain-v3"},"timestamp":"2026-10-06 01:10:08,343+0530","service":"FyersAPIRequest","taskName":"Task-728"}
{"level":"DEBUG","location":"[get_call:168] fyersModel","message":{"Status Code":200,"API":"/quotes"},"timestamp":"2026-10-06 01:10:09,173+0530","service":"FyersAPIRequest"}
{"level":"DEBUG","location":"[get_call:168] fyersModel","message":{"Status Code":200,"API":"/options-chain-v3"},"timestamp":"2026-10-06 01:10:09,205+0530","service":"FyersAPIRequest"}
{"level":"DEBUG","location":"[get_call:168] fyersModel","message":{"Status Code":200,"API":"/quotes"},"timestamp":"2026-10-06 01:10:10,321+0530","service":"FyersAPIRequest","taskName":"Task-526"}
{"level":"DEBUG","location":"[get_call:168] fyersModel","message":{"Status Code":200,"API":"/options-chain-v3"},"timestamp":"2026-10-06 01:10:10,347+0530","service":"FyersAPIRequest","taskName":"Task-526"}
{"level":"DEBUG","location":"[get_call:168] fyersModel","message":{"Status Code":200,"API":"/quotes"},"timestamp":"2026-10-06 01:10:10,389+0530","service":"FyersAPIRequest","taskName":"Task-729"}
{"level":"DEBUG","location":"[get_call:168] fyersModel","message":{"Status Code":200,"API":"/options-chain-v3"},"timestamp":"2026-10-06 01:10:10,417+0530","service":"FyersAPIRequest","taskName":"Task-729"}
{"level":"DEBUG","location":"[get_call:168] fyersModel","message":{"Status Code":200,"API":"/quotes"},"timestamp":"2026-10-06 01:10:12,404+0530","service":"FyersAPIRequest","taskName":"Task-526"}
{"level":"DEBUG","location":"[get_call:168] fyersModel","message":{"Status Code":200,"API":"/options-chain-v3"},"timestamp":"2026-10-06 01:10:12,434+0530","service":"FyersAPIRequest","taskName":"Task-526"}
{"level":"DEBUG","location":"[get_call:168] fyersModel","message":{"Status Code":200,"API":"/quotes"},"timestamp":"2026-10-06 01:10:12,522+0530","service":"FyersAPIRequest","taskName":"Task-730"}
{"level":"DEBUG","location":"[get_call:168] fyersModel","message":{"Status Code":200,"API":"/options-chain-v3"},"timestamp":"2026-10-06 01:10:12,561+0530","service":"FyersAPIRequest","taskName":"Task-730"}
{"level":"DEBUG","location":"[get_call:168] fyersModel","message":{"Status Code":200,"API":"/quotes"},"timestamp":"2026-10-06 01:10:13,251+0530","service":"FyersAPIRequest"}
{"level":"DEBUG","location":"[get_call:168] fyersModel","message":{"Status Code":200,"API":"/options-chain-v3"},"timestamp":"2026-10-06 01:10:13,286+0530","service":"FyersAPIRequest"}
{"level":"DEBUG","location":"[get_call:168] fyersModel","message":{"Status Code":200,"API":"/quotes"},"timestamp":"2026-10-06 01:10:14,474+0530","service":"FyersAPIRequest","taskName":"Task-526"}
{"level":"DEBUG","location":"[get_call:168] fyersModel","message":{"Status Code":200,"API":"/options-chain-v3"},"timestamp":"2026-10-06 01:10:14,503+0530","service":"FyersAPIRequest","taskName":"Task-526"}
{"level":"DEBUG","location":"[get_call:168] fyersModel","message":{"Status Code":200,"API":"/quotes"},"timestamp":"2026-10-06 01:10:14,537+0530","service":"FyersAPIRequest","taskName":"Task-731"}
{"level":"DEBUG","location":"[get_call:168] fyersModel","message":{"Status Code":200,"API":"/options-chain-v3"},"timestamp":"2026-10-06 01:10:14,563+0530","service":"FyersAPIRequest","taskName":"Task-731"}
{"level":"DEBUG","location":"[get_call:168] fyersModel","message":{"Status Code":200,"API":"/quotes"},"timestamp":"2026-10-06 01:10:16,550+0530","service":"FyersAPIRequest","taskName":"Task-526"}
{"level":"DEBUG","location":"[get_call:168] fyersModel","message":{"Status Code":200,"API":"/options-chain-v3"},"timestamp":"2026-10-06 01:10:16,580+0530","service":"FyersAPIRequest","taskName":"Task-526"}
{"level":"DEBUG","location":"[get_call:168] fyersModel","message":{"Status Code":200,"API":"/quotes"},"timestamp":"2026-10-06 01:10:16,641+0530","service":"FyersAPIRequest","taskName":"Task-732"}
{"level":"DEBUG","location":"[get_call:168] fyersModel","message":{"Status Code":200,"API":"/options-chain-v3"},"timestamp":"2026-10-06 01:10:16,672+0530","service":"FyersAPIRequest","taskName":"Task-732"}
{"level":"DEBUG","location":"[get_call:168] fyersModel","message":{"Status Code":200,"API":"/quotes"},"timestamp":"2026-10-06 01:10:17,324+0530","service":"FyersAPIRequest"}
{"level":"DEBUG","location":"[get_call:168] fyersModel","message":{"Status Code":200,"API":"/options-chain-v3"},"timestamp":"2026-10-06 01:10:17,355+0530","service":"FyersAPIRequest"}
{"level":"DEBUG","location":"[get_call:168] fyersModel","message":{"Status Code":200,"API":"/quotes"},"timestamp":"2026-10-06 01:10:18,632+0530","service":"FyersAPIRequest","taskName":"Task-526"}
{"level":"DEBUG","location":"[get_call:168] fyersModel","message":{"Status Code":200,"API":"/options-chain-v3"},"timestamp":"2026-10-06 01:10:18,658+0530","service":"FyersAPIRequest","taskName":"Task-526"}
{"level":"DEBUG","location":"[get_call:168] fyersModel","message":{"Status Code":200,"API":"/quotes"},"timestamp":"2026-10-06 01:10:18,717+0530","service":"FyersAPIRequest","taskName":"Task-733"}
{"level":"DEBUG","location":"[get_call:168] fyersModel","message":{"Status Code":200,"API":"/options-chain-v3"},"timestamp":"2026-10-06 01:10:18,750+0530","service":"FyersAPIRequest","taskName":"Task-733"}
{"level":"DEBUG","location":"[get_call:168] fyersModel","message":{"Status Code":200,"API":"/profile"},"timestamp":"2026-10-06 01:10:21,717+0530","service":"FyersAPIRequest","taskName":"Task-526"}
{"level":"DEBUG","location":"[get_call:168] fyersModel","message":{"Status Code":200,"API":"/quotes"},"timestamp":"2026-10-06 01:10:21,744+0530","service":"FyersAPIRequest","taskName":"Task-526"}
{"level":"DEBUG","location":"[get_call:168] fyersModel","message":{"Status Code":200,"API":"/options-chain-v3"},"timestamp":"2026-10-06 01:10:21,773+0530","service":"FyersAPIRequest","taskName":"Task-526"}
{"level":"DEBUG","location":"[get_call:168] fyersModel","message":{"Status Code":200,"API":"/quotes"},"timestamp":"2026-10-06 01:10:21,822+0530","service":"FyersAPIRequest","taskName":"Task-735"}
{"level":"DEBUG","location":"[get_call:168] fyersModel","message":{"Status Code":200,"API":"/options-chain-v3"},"timestamp":"2026-10-06 01:10:21,849+0530","service":"FyersAPIRequest","taskName":"Task-735"}
{"level":"DEBUG","location":"[get_call:168] fyersModel","message":{"Status Code":200,"API":"/quotes"},"timestamp":"2026-10-06 01:10:21,954+0530","service":"FyersAPIRequest","taskName":"Task-738"}
{"level":"DEBUG","location":"[get_call:168] fyersModel","message":{"Status Code":200,"API":"/options-chain-v3"},"timestamp":"2026-10-06 01:10:21,989+0530","service":"FyersAPIRequest","taskName":"Task-738"}
{"level":"DEBUG","location":"[get_call:168] fyersModel","message":{"Status Code":200,"API":"/profile"},"timestamp":"2026-10-06 01:10:22,349+0530","service":"FyersAPIRequest"}
{"level":"DEBUG","location":"[get_call:168] fyersModel","message":{"Status Code":200,"API":"/quotes"},"timestamp":"2026-10-06 01:10:22,371+0530","service":"FyersAPIRequest"}
{"level":"DEBUG","location":"[get_call:168] fyersModel","message":{"Status Code":200,"API":"/options-chain-v3"},"timestamp":"2026-10-06 01:10:22,397+0530","service":"FyersAPIRequest"}
{"level":"DEBUG","location":"[get_call:168] fyersModel","message":{"Status Code":200,"API":"/quotes"},"timestamp":"2026-10-06 01:10:23,822+0530","service":"FyersAPIRequest","taskName":"Task-526"}
{"level":"DEBUG","location":"[get_call:168] fyersModel","message":{"Status Code":200,"API":"/options-chain-v3"},"timestamp":"2026-10-06 01:10:23,854+0530","service":"FyersAPIRequest","taskName":"Task-526"}
{"level":"DEBUG","location":"[get_call:168] fyersModel","message":{"Status Code":200,"API":"/quotes"},"timestamp":"2026-10-06 01:10:23,895+0530","service":"FyersAPIRequest","taskName":"Task-739"}
{"level":"DEBUG","location":"[get_call:168] fyersModel","message":{"Status Code":200,"API":"/options-chain-v3"},"timestamp":"2026-10-06 01:10:23,920+0530","service":"FyersAPIRequest","taskName":"Task-739"}
{"level":"DEBUG","location":"[get_call:168] fyersModel","message":{"Status Code":200,"API":"/quotes"},"timestamp":"2026-10-06 01:10:25,895+0530","service":"FyersAPIRequest","taskName":"Task-526"}
{"level":"DEBUG","location":"[get_call:168] fyersModel","message":{"Status Code":200,"API":"/options-chain-v3"},"timestamp":"2026-10-06 01:10:25,921+0530","service":"FyersAPIRequest","taskName":"Task-526"}
{"level":"DEBUG","location":"[get_call:168] fyersModel","message":{"Status Code":200,"API":"/quotes"},"timestamp":"2026-10-06 01:10:25,983+0530","service":"FyersAPIRequest","taskName":"Task-740"}
{"level":"DEBUG","location":"[get_call:168] fyersModel","message":{"Status Code":200,"API":"/options-chain-v3"},"timestamp":"2026-10-06 01:10:26,015+0530","service":"FyersAPIRequest","taskName":"Task-740"}
{"level":"DEBUG","location":"[get_call:168] fyersModel","message":{"Status Code":200,"API":"/quotes"},"timestamp":"2026-10-06 01:10:26,436+0530","service":"FyersAPIRequest"}
{"level":"DEBUG","location":"[get_call:168] fyersModel","message":{"Status Code":200,"API":"/options-chain-v3"},"timestamp":"2026-10-06 01:10:26,464+0530","service":"FyersAPIRequest"}
{"level":"DEBUG","location":"[get_call:168] fyersModel","message":{"Status Code":200,"API":"/quotes"},"timestamp":"2026-10-06 01:10:27,994+0530","service":"FyersAPIRequest","taskName":"Task-526"}
{"level":"DEBUG","location":"[get_call:168] fyersModel","message":{"Status Code":200,"API":"/options-chain-v3"},"timestamp":"2026-10-06 01:10:28,021+0530","service":"FyersAPIRequest","taskName":"Task-526"}
{"level":"DEBUG","location":"[get_call:168] fyersModel","message":{"Status Code":200,"API":"/quotes"},"timestamp":"2026-10-06 01:10:28,065+0530","service":"FyersAPIRequest","taskName":"Task-741"}
{"level":"DEBUG","location":"[get_call:168] fyersModel","message":{"Status Code":200,"API":"/options-chain-v3"},"timestamp":"2026-10-06 01:10:28,091+0530","service":"FyersAPIRequest","taskName":"Task-741"}
{"level":"DEBUG","location":"[get_call:168] fyersModel","message":{"Status Code":200,"API":"/quotes"},"timestamp":"2026-10-06 01:10:30,161+0530","service":"FyersAPIRequest","taskName":"Task-526"}
{"level":"DEBUG","location":"[get_call:168] fyersModel","message":{"Status Code":200,"API":"/options-chain-v3"},"timestamp":"2026-10-06 01:10:30,196+0530","service":"FyersAPIRequest","taskName":"Task-526"}
{"level":"DEBUG","location":"[get_call:168] fyersModel","message":{"Status Code":200,"API":"/quotes"},"timestamp":"2026-10-06 01:10:30,240+0530","service":"FyersAPIRequest","taskName":"Task-742"}
{"level":"DEBUG","location":"[get_call:168] fyersModel","message":{"Status Code":200,"API":"/options-chain-v3"},"timestamp":"2026-10-06 01:10:30,269+0530","service":"FyersAPIRequest","taskName":"Task-742"}
{"level":"DEBUG","location":"[get_call:168] fyersModel","message":{"Status Code":200,"API":"/quotes"},"timestamp":"2026-10-06 01:10:30,799+0530","service":"FyersAPIRequest"}
{"level":"DEBUG","location":"[get_call:168] fyersModel","message":{"Status Code":200,"API":"/options-chain-v3"},"timestamp":"2026-10-06 01:10:30,835+0530","service":"FyersAPIRequest"}
{"level":"DEBUG","location":"[get_call:168] fyersModel","message":{"Status Code":200,"API":"/quotes"},"timestamp":"2026-10-06 01:10:32,265+0530","service":"FyersAPIRequest","taskName":"Task-526"}
{"level":"DEBUG","location":"[get_call:168] fyersModel","message":{"Status Code":200,"API":"/options-chain-v3"},"timestamp":"2026-10-06 01:10:32,293+0530","service":"FyersAPIRequest","taskName":"Task-526"}
{"level":"DEBUG","location":"[get_call:168] fyersModel","message":{"Status Code":200,"API":"/quotes"},"timestamp":"2026-10-06 01:10:32,332+0530","service":"FyersAPIRequest","taskName":"Task-743"}
{"level":"DEBUG","location":"[get_call:168] fyersModel","message":{"Status Code":200,"API":"/options-chain-v3"},"timestamp":"2026-10-06 01:10:32,371+0530","service":"FyersAPIRequest","taskName":"Task-743"}
{"level":"DEBUG","location":"[get_call:168] fyersModel","message":{"Status Code":200,"API":"/quotes"},"timestamp":"2026-10-06 01:10:34,330+0530","service":"FyersAPIRequest","taskName":"Task-526"}
{"level":"DEBUG","location":"[get_call:168] fyersModel","message":{"Status Code":200,"API":"/options-chain-v3"},"timestamp":"2026-10-06 01:10:34,374+0530","service":"FyersAPIRequest","taskName":"Task-526"}
{"level":"DEBUG","location":"[get_call:168] fyersModel","message":{"Status Code":200,"API":"/quotes"},"timestamp":"2026-10-06 01:10:34,435+0530","service":"FyersAPIRequest","taskName":"Task-744"}
{"level":"DEBUG","location":"[get_call:168] fyersModel","message":{"Status Code":200,"API":"/options-chain-v3"},"timestamp":"2026-10-06 01:10:34,466+0530","service":"FyersAPIRequest","taskName":"Task-744"}
{"level":"DEBUG","location":"[get_call:168] fyersModel","message":{"Status Code":200,"API":"/quotes"},"timestamp":"2026-10-06 01:10:34,877+0530","service":"FyersAPIRequest"}
{"level":"DEBUG","location":"[get_call:168] fyersModel","message":{"Status Code":200,"API":"/options-chain-v3"},"timestamp":"2026-10-06 01:10:34,906+0530","service":"FyersAPIRequest"}
{"level":"DEBUG","location":"[get_call:168] fyersModel","message":{"Status Code":200,"API":"/quotes"},"timestamp":"2026-10-06 01:10:36,429+0530","service":"FyersAPIRequest","taskName":"Task-526"}
{"level":"DEBUG","location":"[get_call:168] fyersModel","message":{"Status Code":200,"API":"/options-chain-v3"},"timestamp":"2026-10-06 01:10:36,455+0530","service":"FyersAPIRequest","taskName":"Task-526"}
{"level":"DEBUG","location":"[get_call:168] fyersModel","message":{"Status Code":200,"API":"/quotes"},"timestamp":"2026-10-06 01:10:36,496+0530","service":"FyersAPIRequest","taskName":"Task-745"}
{"level":"DEBUG","location":"[get_call:168] fyersModel","message":{"Status Code":200,"API":"/options-chain-v3"},"timestamp":"2026-10-06 01:10:36,526+0530","service":"FyersAPIRequest","taskName":"Task-745"}
{"level":"DEBUG","location":"[get_call:168] fyersModel","message":{"Status Code":200,"API":"/quotes"},"timestamp":"2026-10-06 01:10:38,502+0530","service":"FyersAPIRequest","taskName":"Task-526"}
{"level":"DEBUG","location":"[get_call:168] fyersModel","message":{"Status Code":200,"API":"/options-chain-v3"},"timestamp":"2026-10-06 01:10:38,529+0530","service":"FyersAPIRequest","taskName":"Task-526"}
{"level":"DEBUG","location":"[get_call:168] fyersModel","message":{"Status Code":200,"API":"/quotes"},"timestamp":"2026-10-06 01:10:38,569+0530","service":"FyersAPIRequest","taskName":"Task-746"}
{"level":"DEBUG","location":"[get_call:168] fyersModel","message":{"Status Code":200,"API":"/options-chain-v3"},"timestamp":"2026-10-06 01:10:38,595+0530","service":"FyersAPIRequest","taskName":"Task-746"}
{"level":"DEBUG","location":"[get_call:168] fyersModel","message":{"Status Code":200,"API":"/quotes"},"timestamp":"2026-10-06 01:10:38,948+0530","service":"FyersAPIRequest"}
{"level":"DEBUG","location":"[get_call:168] fyersModel","message":{"Status Code":200,"API":"/options-chain-v3"},"timestamp":"2026-10-06 01:10:38,977+0530","service":"FyersAPIRequest"}
{"level":"DEBUG","location":"[get_call:168] fyersModel","message":{"Status Code":200,"API":"/quotes"},"timestamp":"2026-10-06 01:10:40,570+0530","service":"FyersAPIRequest","taskName":"Task-526"}
{"level":"DEBUG","location":"[get_call:168] fyersModel","message":{"Status Code":200,"API":"/options-chain-v3"},"timestamp":"2026-10-06 01:10:40,602+0530","service":"FyersAPIRequest","taskName":"Task-526"}
{"level":"DEBUG","location":"[get_call:168] fyersModel","message":{"Status Code":200,"API":"/quotes"},"timestamp":"2026-10-06 01:10:40,676+0530","service":"FyersAPIRequest","taskName":"Task-747"}
{"level":"DEBUG","location":"[get_call:168] fyersModel","message":{"Status Code":200,"API":"/options-chain-v3"},"timestamp":"2026-10-06 01:10:40,703+0530","service":"FyersAPIRequest","taskName":"Task-747"}
{"level":"DEBUG","location":"[get_call:168] fyersModel","message":{"Status Code":200,"API":"/quotes"},"timestamp":"2026-10-06 01:10:42,687+0530","service":"FyersAPIRequest","taskName":"Task-526"}
{"level":"DEBUG","location":"[get_call:168] fyersModel","message":{"Status Code":200,"API":"/options-chain-v3"},"timestamp":"2026-10-06 01:10:42,718+0530","service":"FyersAPIRequest","taskName":"Task-526"}
{"level":"DEBUG","location":"[get_call:168] fyersModel","message":{"Status Code":200,"API":"/quotes"},"timestamp":"2026-10-06 01:10:42,764+0530","service":"FyersAPIRequest","taskName":"Task-748"}
{"level":"DEBUG","location":"[get_call:168] fyersModel","message":{"Status Code":200,"API":"/options-chain-v3"},"timestamp":"2026-10-06 01:10:42,795+0530","service":"FyersAPIRequest","taskName":"Task-748"}
{"level":"DEBUG","location":"[get_call:168] fyersModel","message":{"Status Code":200,"API":"/quotes"},"timestamp":"2026-10-06 01:10:43,013+0530","service":"FyersAPIRequest"}
{"level":"DEBUG","location":"[get_call:168] fyersModel","message":{"Status Code":200,"API":"/options-chain-v3"},"timestamp":"2026-10-06 01:10:43,045+0530","service":"FyersAPIRequest"}
{"level":"DEBUG","location":"[get_call:168] fyersModel","message":{"Status Code":200,"API":"/quotes"},"timestamp":"2026-10-06 01:10:44,775+0530","service":"FyersAPIRequest","taskName":"Task-526"}
{"level":"DEBUG","location":"[get_call:168] fyersModel","message":{"Status Code":200,"API":"/options-chain-v3"},"timestamp":"2026-10-06 01:10:44,801+0530","service":"FyersAPIRequest","taskName":"Task-526"}
{"level":"DEBUG","location":"[get_call:168] fyersModel","message":{"Status Code":200,"API":"/quotes"},"timestamp":"2026-10-06 01:10:44,848+0530","service":"FyersAPIRequest","taskName":"Task-749"}
{"level":"DEBUG","location":"[get_call:168] fyersModel","message":{"Status Code":200,"API":"/options-chain-v3"},"timestamp":"2026-10-06 01:10:44,874+0530","service":"FyersAPIRequest","taskName":"Task-749"}
{"level":"DEBUG","location":"[get_call:168] fyersModel","message":{"Status Code":200,"API":"/quotes"},"timestamp":"2026-10-06 01:10:46,852+0530","service":"FyersAPIRequest","taskName":"Task-526"}
{"level":"DEBUG","location":"[get_call:168] fyersModel","message":{"Status Code":200,"API":"/options-chain-v3"},"timestamp":"2026-10-06 01:10:46,879+0530","service":"FyersAPIRequest","taskName":"Task-526"}
{"level":"DEBUG","location":"[get_call:168] fyersModel","message":{"Status Code":200,"API":"/quotes"},"timestamp":"2026-10-06 01:10:46,926+0530","service":"FyersAPIRequest","taskName":"Task-750"}
{"level":"DEBUG","location":"[get_call:168] fyersModel","message":{"Status Code":200,"API":"/options-chain-v3"},"timestamp":"2026-10-06 01:10:46,953+0530","service":"FyersAPIRequest","taskName":"Task-750"}
{"level":"DEBUG","location":"[get_call:168] fyersModel","message":{"Status Code":200,"API":"/quotes"},"timestamp":"2026-10-06 01:10:47,082+0530","service":"FyersAPIRequest"}
{"level":"DEBUG","location":"[get_call:168] fyersModel","message":{"Status Code":200,"API":"/options-chain-v3"},"timestamp":"2026-10-06 01:10:47,112+0530","service":"FyersAPIRequest"}
{"level":"DEBUG","location":"[get_call:168] fyersModel","message":{"Status Code":200,"API":"/quotes"},"timestamp":"2026-10-06 01:10:48,937+0530","service":"FyersAPIRequest","taskName":"Task-526"}
{"level":"DEBUG","location":"[get_call:168] fyersModel","message":{"Status Code":200,"API":"/options-chain-v3"},"timestamp":"2026-10-06 01:10:48,985+0530","service":"FyersAPIRequest","taskName":"Task-526"}
{"level":"DEBUG","location":"[get_call:168] fyersModel","message":{"Status Code":200,"API":"/quotes"},"timestamp":"2026-10-06 01:10:49,048+0530","service":"FyersAPIRequest","taskName":"Task-751"}
{"level":"DEBUG","location":"[get_call:168] fyersModel","message":{"Status Code":200,"API":"/options-chain-v3"},"timestamp":"2026-10-06 01:10:49,081+0530","service":"FyersAPIRequest","taskName":"Task-751"}
{"level":"DEBUG","location":"[get_call:168] fyersModel","message":{"Status Code":200,"API":"/quotes"},"timestamp":"2026-10-06 01:10:51,059+0530","service":"FyersAPIRequest","taskName":"Task-526"}
{"level":"DEBUG","location":"[get_call:168] fyersModel","message":{"Status Code":200,"API":"/options-chain-v3"},"timestamp":"2026-10-06 01:10:51,090+0530","service":"FyersAPIRequest","taskName":"Task-526"}
{"level":"DEBUG","location":"[get_call:168] fyersModel","message":{"Status Code":200,"API":"/quotes"},"timestamp":"2026-10-06 01:10:51,135+0530","service":"FyersAPIRequest","taskName":"Task-752"}
{"level":"DEBUG","location":"[get_call:168] fyersModel","message":{"Status Code":200,"API":"/options-chain-v3"},"timestamp":"2026-10-06 01:10:51,164+0530","service":"FyersAPIRequest","taskName":"Task-752"}
{"level":"DEBUG","location":"[get_call:168] fyersModel","message":{"Status Code":200,"API":"/quotes"},"timestamp":"2026-10-06 01:10:51,839+0530","service":"FyersAPIRequest"}
{"level":"DEBUG","location":"[get_call:168] fyersModel","message":{"Status Code":200,"API":"/options-chain-v3"},"timestamp":"2026-10-06 01:10:51,866+0530","service":"FyersAPIRequest"}
{"level":"DEBUG","location":"[get_call:168] fyersModel","message":{"Status Code":200,"API":"/profile"},"timestamp":"2026-10-06 01:10:53,798+0530","service":"FyersAPIRequest","taskName":"Task-526"}
{"level":"DEBUG","location":"[get_call:168] fyersModel","message":{"Status Code":200,"API":"/quotes"},"timestamp":"2026-10-06 01:10:53,818+0530","service":"FyersAPIRequest","taskName":"Task-526"}
{"level":"DEBUG","location":"[get_call:168] fyersModel","message":{"Status Code":200,"API":"/options-chain-v3"},"timestamp":"2026-10-06 01:10:53,849+0530","service":"FyersAPIRequest","taskName":"Task-526"}
{"level":"DEBUG","location":"[get_call:168] fyersModel","message":{"Status Code":200,"API":"/quotes"},"timestamp":"2026-10-06 01:10:53,893+0530","service":"FyersAPIRequest","taskName":"Task-753"}
{"level":"DEBUG","location":"[get_call:168] fyersModel","message":{"Status Code":200,"API":"/options-chain-v3"},"timestamp":"2026-10-06 01:10:53,933+0530","service":"FyersAPIRequest","taskName":"Task-753"}
{"level":"DEBUG","location":"[get_call:168] fyersModel","message":{"Status Code":200,"API":"/quotes"},"timestamp":"2026-10-06 01:10:55,883+0530","service":"FyersAPIRequest","taskName":"Task-526"}
{"level":"DEBUG","location":"[get_call:168] fyersModel","message":{"Status Code":200,"API":"/options-chain-v3"},"timestamp":"2026-10-06 01:10:55,914+0530","service":"FyersAPIRequest","taskName":"Task-526"}
{"level":"DEBUG","location":"[get_call:168] fyersModel","message":{"Status Code":200,"API":"/quotes"},"timestamp":"2026-10-06 01:10:55,984+0530","service":"FyersAPIRequest"}
{"level":"DEBUG","location":"[get_call:168] fyersModel","message":{"Status Code":200,"API":"/options-chain-v3"},"timestamp":"2026-10-06 01:10:56,016+0530","service":"FyersAPIRequest"}
{"level":"DEBUG","location":"[get_call:168] fyersModel","message":{"Status Code":200,"API":"/quotes"},"timestamp":"2026-10-06 01:10:56,907+0530","service":"FyersAPIRequest","taskName":"Task-754"}
{"level":"DEBUG","location":"[get_call:168] fyersModel","message":{"Status Code":200,"API":"/options-chain-v3"},"timestamp":"2026-10-06 01:10:56,936+0530","service":"FyersAPIRequest","taskName":"Task-754"}
{"level":"DEBUG","location":"[get_call:168] fyersModel","message":{"Status Code":200,"API":"/quotes"},"timestamp":"2026-10-06 01:10:58,011+0530","service":"FyersAPIRequest","taskName":"Task-526"}
{"level":"DEBUG","location":"[get_call:168] fyersModel","message":{"Status Code":200,"API":"/options-chain-v3"},"timestamp":"2026-10-06 01:10:58,074+0530","service":"FyersAPIRequest","taskName":"Task-526"}
{"level":"DEBUG","location":"[get_call:168] fyersModel","message":{"Status Code":200,"API":"/quotes"},"timestamp":"2026-10-06 01:10:58,149+0530","service":"FyersAPIRequest","taskName":"Task-755"}
{"level":"DEBUG","location":"[get_call:168] fyersModel","message":{"Status Code":200,"API":"/options-chain-v3"},"timestamp":"2026-10-06 01:10:58,185+0530","service":"FyersAPIRequest","taskName":"Task-755"}
{"level":"DEBUG","location":"[get_call:168] fyersModel","message":{"Status Code":200,"API":"/quotes"},"timestamp":"2026-10-06 01:11:00,095+0530","service":"FyersAPIRequest"}
{"level":"DEBUG","location":"[get_call:168] fyersModel","message":{"Status Code":200,"API":"/options-chain-v3"},"timestamp":"2026-10-06 01:11:00,140+0530","service":"FyersAPIRequest"}
{"level":"DEBUG","location":"[get_call:168] fyersModel","message":{"Status Code":200,"API":"/quotes"},"timestamp":"2026-10-06 01:11:00,177+0530","service":"FyersAPIRequest","taskName":"Task-526"}
{"level":"DEBUG","location":"[get_call:168] fyersModel","message":{"Status Code":200,"API":"/options-chain-v3"},"timestamp":"2026-10-06 01:11:00,215+0530","service":"FyersAPIRequest","taskName":"Task-526"}
{"level":"DEBUG","location":"[get_call:168] fyersModel","message":{"Status Code":200,"API":"/quotes"},"timestamp":"2026-10-06 01:11:00,263+0530","service":"FyersAPIRequest","taskName":"Task-756"}
{"level":"DEBUG","location":"[get_call:168] fyersModel","message":{"Status Code":200,"API":"/options-chain-v3"},"timestamp":"2026-10-06 01:11:00,298+0530","service":"FyersAPIRequest","taskName":"Task-756"}
{"level":"DEBUG","location":"[get_call:168] fyersModel","message":{"Status Code":200,"API":"/quotes"},"timestamp":"2026-10-06 01:11:02,288+0530","service":"FyersAPIRequest","taskName":"Task-526"}
{"level":"DEBUG","location":"[get_call:168] fyersModel","message":{"Status Code":200,"API":"/options-chain-v3"},"timestamp":"2026-10-06 01:11:02,320+0530","service":"FyersAPIRequest","taskName":"Task-526"}
{"level":"DEBUG","location":"[get_call:168] fyersModel","message":{"Status Code":200,"API":"/quotes"},"timestamp":"2026-10-06 01:11:02,394+0530","service":"FyersAPIRequest","taskName":"Task-757"}
{"level":"DEBUG","location":"[get_call:168] fyersModel","message":{"Status Code":200,"API":"/options-chain-v3"},"timestamp":"2026-10-06 01:11:02,437+0530","service":"FyersAPIRequest","taskName":"Task-757"}
{"level":"DEBUG","location":"[get_call:168] fyersModel","message":{"Status Code":200,"API":"/quotes"},"timestamp":"2026-10-06 01:11:04,395+0530","service":"FyersAPIRequest","taskName":"Task-526"}
{"level":"DEBUG","location":"[get_call:168] fyersModel","message":{"Status Code":200,"API":"/options-chain-v3"},"timestamp":"2026-10-06 01:11:04,434+0530","service":"FyersAPIRequest","taskName":"Task-526"}
{"level":"DEBUG","location":"[get_call:168] fyersModel","message":{"Status Code":200,"API":"/quotes"},"timestamp":"2026-10-06 01:11:04,502+0530","service":"FyersAPIRequest"}
{"level":"DEBUG","location":"[get_call:168] fyersModel","message":{"Status Code":200,"API":"/options-chain-v3"},"timestamp":"2026-10-06 01:11:04,537+0530","service":"FyersAPIRequest"}
{"level":"DEBUG","location":"[get_call:168] fyersModel","message":{"Status Code":200,"API":"/quotes"},"timestamp":"2026-10-06 01:11:04,576+0530","service":"FyersAPIRequest","taskName":"Task-758"}
{"level":"DEBUG","location":"[get_call:168] fyersModel","message":{"Status Code":200,"API":"/options-chain-v3"},"timestamp":"2026-10-06 01:11:04,612+0530","service":"FyersAPIRequest","taskName":"Task-758"}
{"level":"DEBUG","location":"[get_call:168] fyersModel","message":{"Status Code":200,"API":"/quotes"},"timestamp":"2026-10-06 01:11:06,561+0530","service":"FyersAPIRequest","taskName":"Task-526"}
{"level":"DEBUG","location":"[get_call:168] fyersModel","message":{"Status Code":200,"API":"/options-chain-v3"},"timestamp":"2026-10-06 01:11:06,596+0530","service":"FyersAPIRequest","taskName":"Task-526"}
{"level":"DEBUG","location":"[get_call:168] fyersModel","message":{"Status Code":200,"API":"/quotes"},"timestamp":"2026-10-06 01:11:06,665+0530","service":"FyersAPIRequest","taskName":"Task-759"}
{"level":"DEBUG","location":"[get_call:168] fyersModel","message":{"Status Code":200,"API":"/options-chain-v3"},"timestamp":"2026-10-06 01:11:06,693+0530","service":"FyersAPIRequest","taskName":"Task-759"}
{"level":"DEBUG","location":"[get_call:168] fyersModel","message":{"Status Code":200,"API":"/quotes"},"timestamp":"2026-10-06 01:11:08,693+0530","service":"FyersAPIRequest"}
{"level":"DEBUG","location":"[get_call:168] fyersModel","message":{"Status Code":200,"API":"/options-chain-v3"},"timestamp":"2026-10-06 01:11:08,738+0530","service":"FyersAPIRequest"}
{"level":"DEBUG","location":"[get_call:168] fyersModel","message":{"Status Code":200,"API":"/quotes"},"timestamp":"2026-10-06 01:11:09,032+0530","service":"FyersAPIRequest","taskName":"Task-526"}
{"level":"DEBUG","location":"[get_call:168] fyersModel","message":{"Status Code":200,"API":"/options-chain-v3"},"timestamp":"2026-10-06 01:11:09,079+0530","service":"FyersAPIRequest","taskName":"Task-526"}
{"level":"DEBUG","location":"[get_call:168] fyersModel","message":{"Status Code":200,"API":"/quotes"},"timestamp":"2026-10-06 01:11:09,184+0530","service":"FyersAPIRequest","taskName":"Task-760"}
{"level":"DEBUG","location":"[get_call:168] fyersModel","message":{"Status Code":200,"API":"/options-chain-v3"},"timestamp":"2026-10-06 01:11:09,232+0530","service":"FyersAPIRequest","taskName":"Task-760"}
{"level":"DEBUG","location":"[get_call:168] fyersModel","message":{"Status Code":200,"API":"/quotes"},"timestamp":"2026-10-06 01:11:11,135+0530","service":"FyersAPIRequest","taskName":"Task-526"}
{"level":"DEBUG","location":"[get_call:168] fyersModel","message":{"Status Code":200,"API":"/options-chain-v3"},"timestamp":"2026-10-06 01:11:11,180+0530","service":"FyersAPIRequest","taskName":"Task-526"}
{"level":"DEBUG","location":"[get_call:168] fyersModel","message":{"Status Code":200,"API":"/quotes"},"timestamp":"2026-10-06 01:11:11,606+0530","service":"FyersAPIRequest","taskName":"Task-761"}
{"level":"DEBUG","location":"[get_call:168] fyersModel","message":{"Status Code":200,"API":"/options-chain-v3"},"timestamp":"2026-10-06 01:11:11,640+0530","service":"FyersAPIRequest","taskName":"Task-761"}
{"level":"DEBUG","location":"[get_call:168] fyersModel","message":{"Status Code":200,"API":"/quotes"},"timestamp":"2026-10-06 01:11:12,894+0530","service":"FyersAPIRequest"}
{"level":"DEBUG","location":"[get_call:168] fyersModel","message":{"Status Code":200,"API":"/options-chain-v3"},"timestamp":"2026-10-06 01:11:12,926+0530","service":"FyersAPIRequest"}
{"level":"DEBUG","location":"[get_call:168] fyersModel","message":{"Status Code":200,"API":"/quotes"},"timestamp":"2026-10-06 01:11:13,254+0530","service":"FyersAPIRequest","taskName":"Task-526"}
{"level":"DEBUG","location":"[get_call:168] fyersModel","message":{"Status Code":200,"API":"/options-chain-v3"},"timestamp":"2026-10-06 01:11:13,295+0530","service":"FyersAPIRequest","taskName":"Task-526"}
{"level":"DEBUG","location":"[get_call:168] fyersModel","message":{"Status Code":200,"API":"/quotes"},"timestamp":"2026-10-06 01:11:13,423+0530","service":"FyersAPIRequest","taskName":"Task-762"}
{"level":"DEBUG","location":"[get_call:168] fyersModel","message":{"Status Code":200,"API":"/options-chain-v3"},"timestamp":"2026-10-06 01:11:13,770+0530","service":"FyersAPIRequest","taskName":"Task-762"}
{"level":"DEBUG","location":"[get_call:168] fyersModel","message":{"Status Code":200,"API":"/quotes"},"timestamp":"2026-10-06 01:11:15,399+0530","service":"FyersAPIRequest","taskName":"Task-526"}
{"level":"DEBUG","location":"[get_call:168] fyersModel","message":{"Status Code":200,"API":"/options-chain-v3"},"timestamp":"2026-10-06 01:11:15,443+0530","service":"FyersAPIRequest","taskName":"Task-526"}
{"level":"DEBUG","location":"[get_call:168] fyersModel","message":{"Status Code":200,"API":"/quotes"},"timestamp":"2026-10-06 01:11:15,526+0530","service":"FyersAPIRequest","taskName":"Task-763"}
{"level":"DEBUG","location":"[get_call:168] fyersModel","message":{"Status Code":200,"API":"/options-chain-v3"},"timestamp":"2026-10-06 01:11:15,565+0530","service":"FyersAPIRequest","taskName":"Task-763"}
{"level":"DEBUG","location":"[get_call:168] fyersModel","message":{"Status Code":200,"API":"/quotes"},"timestamp":"2026-10-06 01:11:16,982+0530","service":"FyersAPIRequest"}
{"level":"DEBUG","location":"[get_call:168] fyersModel","message":{"Status Code":200,"API":"/options-chain-v3"},"timestamp":"2026-10-06 01:11:17,023+0530","service":"FyersAPIRequest"}
{"level":"DEBUG","location":"[get_call:168] fyersModel","message":{"Status Code":200,"API":"/quotes"},"timestamp":"2026-10-06 01:11:17,504+0530","service":"FyersAPIRequest","taskName":"Task-526"}
{"level":"DEBUG","location":"[get_call:168] fyersModel","message":{"Status Code":200,"API":"/options-chain-v3"},"timestamp":"2026-10-06 01:11:17,530+0530","service":"FyersAPIRequest","taskName":"Task-526"}
{"level":"DEBUG","location":"[get_call:168] fyersModel","message":{"Status Code":200,"API":"/quotes"},"timestamp":"2026-10-06 01:11:17,589+0530","service":"FyersAPIRequest","taskName":"Task-764"}
{"level":"DEBUG","location":"[get_call:168] fyersModel","message":{"Status Code":200,"API":"/options-chain-v3"},"timestamp":"2026-10-06 01:11:17,624+0530","service":"FyersAPIRequest","taskName":"Task-764"}
{"level":"DEBUG","location":"[get_call:168] fyersModel","message":{"Status Code":200,"API":"/quotes"},"timestamp":"2026-10-06 01:11:19,598+0530","service":"FyersAPIRequest","taskName":"Task-526"}
{"level":"DEBUG","location":"[get_call:168] fyersModel","message":{"Status Code":200,"API":"/options-chain-v3"},"timestamp":"2026-10-06 01:11:19,633+0530","service":"FyersAPIRequest","taskName":"Task-526"}
{"level":"DEBUG","location":"[get_call:168] fyersModel","message":{"Status Code":200,"API":"/quotes"},"timestamp":"2026-10-06 01:11:19,724+0530","service":"FyersAPIRequest","taskName":"Task-765"}
{"level":"DEBUG","location":"[get_call:168] fyersModel","message":{"Status Code":200,"API":"/options-chain-v3"},"timestamp":"2026-10-06 01:11:19,756+0530","service":"FyersAPIRequest","taskName":"Task-765"}
{"level":"DEBUG","location":"[get_call:168] fyersModel","message":{"Status Code":200,"API":"/quotes"},"timestamp":"2026-10-06 01:11:21,074+0530","service":"FyersAPIRequest"}
{"level":"DEBUG","location":"[get_call:168] fyersModel","message":{"Status Code":200,"API":"/options-chain-v3"},"timestamp":"2026-10-06 01:11:21,119+0530","service":"FyersAPIRequest"}
{"level":"DEBUG","location":"[get_call:168] fyersModel","message":{"Status Code":200,"API":"/quotes"},"timestamp":"2026-10-06 01:11:21,873+0530","service":"FyersAPIRequest","taskName":"Task-768"}
{"level":"DEBUG","location":"[get_call:168] fyersModel","message":{"Status Code":200,"API":"/options-chain-v3"},"timestamp":"2026-10-06 01:11:21,913+0530","service":"FyersAPIRequest","taskName":"Task-768"}
{"level":"DEBUG","location":"[get_call:168] fyersModel","message":{"Status Code":200,"API":"/quotes"},"timestamp":"2026-10-06 01:11:21,990+0530","service":"FyersAPIRequest","taskName":"Task-526"}
{"level":"DEBUG","location":"[get_call:168] fyersModel","message":{"Status Code":200,"API":"/options-chain-v3"},"timestamp":"2026-10-06 01:11:22,037+0530","service":"FyersAPIRequest","taskName":"Task-526"}
{"level":"DEBUG","location":"[get_call:168] fyersModel","message":{"Status Code":200,"API":"/quotes"},"timestamp":"2026-10-06 01:11:22,313+0530","service":"FyersAPIRequest","taskName":"Task-769"}
{"level":"DEBUG","location":"[get_call:168] fyersModel","message":{"Status Code":200,"API":"/options-chain-v3"},"timestamp":"2026-10-06 01:11:22,344+0530","service":"FyersAPIRequest","taskName":"Task-769"}
{"level":"DEBUG","location":"[get_call:168] fyersModel","message":{"Status Code":200,"API":"/profile"},"timestamp":"2026-10-06 01:11:25,729+0530","service":"FyersAPIRequest","taskName":"Task-526"}
{"level":"DEBUG","location":"[get_call:168] fyersModel","message":{"Status Code":200,"API":"/quotes"},"timestamp":"2026-10-06 01:11:25,753+0530","service":"FyersAPIRequest","taskName":"Task-526"}
{"level":"DEBUG","location":"[get_call:168] fyersModel","message":{"Status Code":200,"API":"/options-chain-v3"},"timestamp":"2026-10-06 01:11:25,786+0530","service":"FyersAPIRequest","taskName":"Task-526"}
{"level":"DEBUG","location":"[get_call:168] fyersModel","message":{"Status Code":200,"API":"/quotes"},"timestamp":"2026-10-06 01:11:25,848+0530","service":"FyersAPIRequest","taskName":"Task-770"}
{"level":"DEBUG","location":"[get_call:168] fyersModel","message":{"Status Code":200,"API":"/options-chain-v3"},"timestamp":"2026-10-06 01:11:25,879+0530","service":"FyersAPIRequest","taskName":"Task-770"}
{"level":"DEBUG","location":"[get_call:168] fyersModel","message":{"Status Code":200,"API":"/profile"},"timestamp":"2026-10-06 01:11:26,534+0530","service":"FyersAPIRequest"}
{"level":"DEBUG","location":"[get_call:168] fyersModel","message":{"Status Code":200,"API":"/quotes"},"timestamp":"2026-10-06 01:11:26,654+0530","service":"FyersAPIRequest"}
{"level":"DEBUG","location":"[get_call:168] fyersModel","message":{"Status Code":200,"API":"/options-chain-v3"},"timestamp":"2026-10-06 01:11:26,990+0530","service":"FyersAPIRequest"}
